season,week,event_id,commence_time,kickoff_et,home_team,away_team,snapshot,lead_hours,main_slate,total,home_spread,home_implied,away_implied,n_books_total,n_books_spread
2020,1,1e024b8f441743d84f8efa4a05e8b6c5,2020-09-13T17:00:00+00:00,Sun 2020-09-13 13:00,Buffalo Bills,New York Jets,2020-09-13T16:55:00+00:00,0.08,1,39.5,-6.5,23.0,16.5,12,12
2020,1,f40142fc867e5f9393953532ed706589,2020-09-13T17:00:00+00:00,Sun 2020-09-13 13:00,Detroit Lions,Chicago Bears,2020-09-13T16:55:00+00:00,0.08,1,42.5,-2.5,22.5,20.0,11,12
2020,1,cbccf91a5660b8f197478204f71125eb,2020-09-13T17:00:00+00:00,Sun 2020-09-13 13:00,Jacksonville Jaguars,Indianapolis Colts,2020-09-13T16:55:00+00:00,0.08,1,44.5,7.5,18.5,26.0,12,12
2020,1,626524f07cdd80657cfecd991aeb1731,2020-09-13T17:00:00+00:00,Sun 2020-09-13 13:00,Minnesota Vikings,Green Bay Packers,2020-09-13T16:55:00+00:00,0.08,1,44.5,-1.5,23.0,21.5,12,12
2020,1,60507b59c184ff56d9f1b90d43989321,2020-09-13T17:00:00+00:00,Sun 2020-09-13 13:00,New England Patriots,Miami Dolphins,2020-09-13T16:55:00+00:00,0.08,1,41.5,-7.5,24.5,17.0,12,12
2020,1,b26e583468ff8291e1afd1a9c0b76bcc,2020-09-13T17:00:00+00:00,Sun 2020-09-13 13:00,Atlanta Falcons,Seattle Seahawks,2020-09-13T16:55:00+00:00,0.08,1,49.25,-1.0,25.12,24.12,12,12
2020,1,ef851d87d5ab27861c6e595a857f02a6,2020-09-13T17:00:00+00:00,Sun 2020-09-13 13:00,Baltimore Ravens,Cleveland Browns,2020-09-13T16:55:00+00:00,0.08,1,47.5,-7.25,27.38,20.12,12,12
2020,1,94a30715fbc0f7df16b4df7742c1ead4,2020-09-13T17:00:00+00:00,Sun 2020-09-13 13:00,Carolina Panthers,Las Vegas Raiders,2020-09-13T16:55:00+00:00,0.08,1,48.0,3.0,22.5,25.5,12,12
2020,1,f69e09cde2c373bd547d84e6f364aaa9,2020-09-13T17:00:00+00:00,Sun 2020-09-13 13:00,Washington Football Team,Philadelphia Eagles,2020-09-13T16:55:00+00:00,0.08,1,41.5,5.5,18.0,23.5,12,12
2020,1,6587180d238b9e5a4195324206aa5fe4,2020-09-13T20:05:00+00:00,Sun 2020-09-13 16:05,Cincinnati Bengals,Los Angeles Chargers,2020-09-13T16:55:00+00:00,3.17,1,41.0,3.0,19.0,22.0,10,11
2020,1,c566f421a3cc2f30a477dc8201b74bf2,2020-09-13T20:25:00+00:00,Sun 2020-09-13 16:25,New Orleans Saints,Tampa Bay Buccaneers,2020-09-13T16:55:00+00:00,3.5,1,47.5,-3.5,25.5,22.0,10,11
2020,1,b266d47018f1289addef6ff9aa7bd796,2020-09-13T20:25:00+00:00,Sun 2020-09-13 16:25,San Francisco 49ers,Arizona Cardinals,2020-09-13T16:55:00+00:00,3.5,1,48.0,-6.5,27.25,20.75,10,11
2020,1,0bd4d9320c0ede1974e6ddf941870c5d,2020-09-14T00:20:00+00:00,Sun 2020-09-13 20:20,Los Angeles Rams,Dallas Cowboys,2020-09-13T16:55:00+00:00,7.42,0,51.5,2.0,24.75,26.75,11,12
2020,1,e5c66874b3f3198823faacb5878483e5,2020-09-14T23:15:00+00:00,Mon 2020-09-14 19:15,New York Giants,Pittsburgh Steelers,2020-09-13T16:55:00+00:00,30.33,0,45.0,6.0,19.5,25.5,11,12
2020,1,2c513f7d78cea9fe06935483844b64d8,2020-09-15T02:20:00+00:00,Mon 2020-09-14 22:20,Denver Broncos,Tennessee Titans,2020-09-13T16:55:00+00:00,33.42,0,40.5,3.0,18.75,21.75,11,12
2020,2,01cf1a14fcbc340975a08ea987d52aac,2020-09-18T00:20:00+00:00,Thu 2020-09-17 20:20,Cleveland Browns,Cincinnati Bengals,2020-09-13T16:55:00+00:00,103.42,0,46.0,-7.5,26.75,19.25,8,10
2020,2,aa0a0714b3177152f04a1613a9402f3f,2020-09-20T17:00:00+00:00,Sun 2020-09-20 13:00,Philadelphia Eagles,Los Angeles Rams,2020-09-20T16:55:00+00:00,0.08,1,46.0,-1.5,23.75,22.25,12,12
2020,2,d1caeb400c63265ddb04a948e50e2228,2020-09-20T17:00:00+00:00,Sun 2020-09-20 13:00,Chicago Bears,New York Giants,2020-09-20T16:55:00+00:00,0.08,1,42.5,-4.5,23.5,19.0,12,12
2020,2,64afaef7c10a5ccc43793af3cae38d55,2020-09-20T17:00:00+00:00,Sun 2020-09-20 13:00,Indianapolis Colts,Minnesota Vikings,2020-09-20T16:55:00+00:00,0.08,1,49.0,-3.5,26.25,22.75,12,12
2020,2,4b207fb93ab025bd6fed26b72813d82d,2020-09-20T17:00:00+00:00,Sun 2020-09-20 13:00,Pittsburgh Steelers,Denver Broncos,2020-09-20T16:55:00+00:00,0.08,1,40.5,-6.5,23.5,17.0,12,12
2020,2,8988702970976e461ed7ef5d052dbd72,2020-09-20T17:00:00+00:00,Sun 2020-09-20 13:00,New York Jets,San Francisco 49ers,2020-09-20T16:55:00+00:00,0.08,1,41.5,7.0,17.25,24.25,12,12
2020,2,46c5116f63241f96ac35f88bed8eda93,2020-09-20T17:00:00+00:00,Sun 2020-09-20 13:00,Tampa Bay Buccaneers,Carolina Panthers,2020-09-20T16:55:00+00:00,0.08,1,47.0,-7.5,27.25,19.75,12,12
2020,2,c987fc5f6be548e784aa230565bddb61,2020-09-20T17:00:00+00:00,Sun 2020-09-20 13:00,Dallas Cowboys,Atlanta Falcons,2020-09-20T16:55:00+00:00,0.08,1,53.5,-3.0,28.25,25.25,12,12
2020,2,6033b90189cce0e7bfbb714a83999e55,2020-09-20T17:00:00+00:00,Sun 2020-09-20 13:00,Miami Dolphins,Buffalo Bills,2020-09-20T16:55:00+00:00,0.08,1,42.5,5.5,18.5,24.0,12,12
2020,2,b6f269b66f79a03721c279edf0f172c5,2020-09-20T17:00:00+00:00,Sun 2020-09-20 13:00,Green Bay Packers,Detroit Lions,2020-09-20T16:55:00+00:00,0.08,1,51.0,-6.75,28.88,22.12,12,12
2020,2,eccb30456ade35fbd3590a080845a2c9,2020-09-20T17:00:00+00:00,Sun 2020-09-20 13:00,Tennessee Titans,Jacksonville Jaguars,2020-09-20T16:55:00+00:00,0.08,1,44.5,-7.0,25.75,18.75,12,12
2020,2,c75efa4fda1e31143d3c873a89ebc3ae,2020-09-20T20:05:00+00:00,Sun 2020-09-20 16:05,Arizona Cardinals,Washington Football Team,2020-09-20T16:55:00+00:00,3.17,1,46.5,-7.0,26.75,19.75,10,11
2020,2,e8fbb97622508fa1b6f361483fa99882,2020-09-20T20:25:00+00:00,Sun 2020-09-20 16:25,Houston Texans,Baltimore Ravens,2020-09-20T16:55:00+00:00,3.5,1,49.5,7.0,21.25,28.25,10,11
2020,2,6004aaff0de17cd87f632e608d1edcda,2020-09-20T20:25:00+00:00,Sun 2020-09-20 16:25,Los Angeles Chargers,Kansas City Chiefs,2020-09-20T16:55:00+00:00,3.5,1,47.0,8.5,19.25,27.75,10,11
2020,2,abf32668cdb5c03074557bef34dbdbb1,2020-09-21T00:20:00+00:00,Sun 2020-09-20 20:20,Seattle Seahawks,New England Patriots,2020-09-20T16:55:00+00:00,7.42,0,45.0,-4.0,24.5,20.5,11,12
2020,2,9426c53cd0404bbdedf7b943a42bc7f6,2020-09-22T00:15:00+00:00,Mon 2020-09-21 20:15,Las Vegas Raiders,New Orleans Saints,2020-09-20T16:55:00+00:00,31.33,0,48.5,5.5,21.5,27.0,11,12
2020,3,f8caf31bff40c37bdaf7a9082a6427be,2020-09-27T17:00:00+00:00,Sun 2020-09-27 13:00,Philadelphia Eagles,Cincinnati Bengals,2020-09-27T16:55:00+00:00,0.08,1,46.5,-5.5,26.0,20.5,12,12
2020,3,b3e0c353ef9cc619a8beb3dc62b89e89,2020-09-27T17:00:00+00:00,Sun 2020-09-27 13:00,Minnesota Vikings,Tennessee Titans,2020-09-27T16:55:00+00:00,0.08,1,49.0,2.5,23.25,25.75,12,12
2020,3,5d58a209d766f7dd008699deb3736173,2020-09-27T17:00:00+00:00,Sun 2020-09-27 13:00,Pittsburgh Steelers,Houston Texans,2020-09-27T16:55:00+00:00,0.08,1,46.5,-3.5,25.0,21.5,12,12
2020,3,4d7c42220288dca2cf7558ed1990f2bb,2020-09-27T17:00:00+00:00,Sun 2020-09-27 13:00,Cleveland Browns,Washington Football Team,2020-09-27T16:55:00+00:00,0.08,1,45.0,-7.0,26.0,19.0,12,12
2020,3,bf8328c6c4e7bf0d716b6b5e229c167c,2020-09-27T17:00:00+00:00,Sun 2020-09-27 13:00,Atlanta Falcons,Chicago Bears,2020-09-27T16:55:00+00:00,0.08,1,46.5,-2.5,24.5,22.0,12,12
2020,3,92a3aa49e99d9aa09c80532343902926,2020-09-27T17:00:00+00:00,Sun 2020-09-27 13:00,Buffalo Bills,Los Angeles Rams,2020-09-27T16:55:00+00:00,0.08,1,46.5,-1.5,24.0,22.5,12,12
2020,3,389f043f17bbe9c66b2f30d6207fd3fb,2020-09-27T17:00:00+00:00,Sun 2020-09-27 13:00,New York Giants,San Francisco 49ers,2020-09-27T16:55:00+00:00,0.08,1,43.5,3.0,20.25,23.25,12,12
2020,3,d79c4c53091693753554bf930c673d7c,2020-09-27T17:00:00+00:00,Sun 2020-09-27 13:00,New England Patriots,Las Vegas Raiders,2020-09-27T16:55:00+00:00,0.08,1,47.0,-7.0,27.0,20.0,12,12
2020,3,95d4dc331a83c8544c739e87de07d98d,2020-09-27T20:05:00+00:00,Sun 2020-09-27 16:05,Indianapolis Colts,New York Jets,2020-09-27T16:55:00+00:00,3.17,1,43.5,-12.0,27.75,15.75,10,11
2020,3,493fea3bb315f11602bc38c5409e96c9,2020-09-27T20:05:00+00:00,Sun 2020-09-27 16:05,Los Angeles Chargers,Carolina Panthers,2020-09-27T16:55:00+00:00,3.17,1,43.5,-6.5,25.0,18.5,10,11
2020,3,d66515f905d51a351a540c951692f1a4,2020-09-27T20:25:00+00:00,Sun 2020-09-27 16:25,Arizona Cardinals,Detroit Lions,2020-09-27T16:55:00+00:00,3.5,1,55.5,-5.5,30.5,25.0,10,11
2020,3,5dbd0f21114a27e787053a18360f21d9,2020-09-27T20:25:00+00:00,Sun 2020-09-27 16:25,Seattle Seahawks,Dallas Cowboys,2020-09-27T16:55:00+00:00,3.5,1,56.5,-5.5,31.0,25.5,10,11
2020,3,7a22bb8a0286abb87123177224827249,2020-09-27T20:25:00+00:00,Sun 2020-09-27 16:25,Denver Broncos,Tampa Bay Buccaneers,2020-09-27T16:55:00+00:00,3.5,1,42.5,5.5,18.5,24.0,10,11
2020,3,0f5f53ea7e845357c9cb6822f1ecb763,2020-09-28T00:20:00+00:00,Sun 2020-09-27 20:20,New Orleans Saints,Green Bay Packers,2020-09-27T16:55:00+00:00,7.42,0,52.0,-3.0,27.5,24.5,11,12
2020,3,4449361911697bab678547edb0acd4a1,2020-09-29T00:15:00+00:00,Mon 2020-09-28 20:15,Baltimore Ravens,Kansas City Chiefs,2020-09-27T16:55:00+00:00,31.33,0,54.5,-3.5,29.0,25.5,11,12
2020,4,be346debd4086de5a64f146b028203e9,2020-10-04T17:00:00+00:00,Sun 2020-10-04 13:00,Tampa Bay Buccaneers,Los Angeles Chargers,2020-10-04T16:55:00+00:00,0.08,1,42.5,-7.5,25.0,17.5,13,12
2020,4,bc573f8af1e49db164790fa74d5aa2a1,2020-10-04T17:00:00+00:00,Sun 2020-10-04 13:00,Carolina Panthers,Arizona Cardinals,2020-10-04T16:55:00+00:00,0.08,1,52.0,3.0,24.5,27.5,12,12
2020,4,3bef9acf70101871104e371154311831,2020-10-04T17:00:00+00:00,Sun 2020-10-04 13:00,Miami Dolphins,Seattle Seahawks,2020-10-04T16:55:00+00:00,0.08,1,55.0,4.5,25.25,29.75,13,12
2020,4,c8b4fe632af0122ef8f2720164c78a3b,2020-10-04T17:00:00+00:00,Sun 2020-10-04 13:00,Cincinnati Bengals,Jacksonville Jaguars,2020-10-04T16:55:00+00:00,0.08,1,49.5,-1.0,25.25,24.25,12,12
2020,4,12ae12b14bdfc604d3a1d03d8e5b46c8,2020-10-04T17:00:00+00:00,Sun 2020-10-04 13:00,Dallas Cowboys,Cleveland Browns,2020-10-04T16:55:00+00:00,0.08,1,56.5,-3.5,30.0,26.5,13,12
2020,4,a9d2648d6b1070d81c869172124d4e61,2020-10-04T17:00:00+00:00,Sun 2020-10-04 13:00,Washington Football Team,Baltimore Ravens,2020-10-04T16:55:00+00:00,0.08,1,45.0,14.0,15.5,29.5,13,12
2020,4,14f9c25042039d592061dfff0716569c,2020-10-04T17:03:00+00:00,Sun 2020-10-04 13:03,Detroit Lions,New Orleans Saints,2020-10-04T16:55:00+00:00,0.13,1,51.5,3.0,24.25,27.25,13,12
2020,4,07cb89c69e1afeb6754c4ab0cbd142ea,2020-10-04T17:03:00+00:00,Sun 2020-10-04 13:03,Houston Texans,Minnesota Vikings,2020-10-04T16:55:00+00:00,0.13,1,52.5,-3.5,28.0,24.5,13,12
2020,4,d2f44260cc55edf03224280b6872c906,2020-10-04T20:05:00+00:00,Sun 2020-10-04 16:05,Los Angeles Rams,New York Giants,2020-10-04T16:55:00+00:00,3.17,1,49.0,-13.5,31.25,17.75,13,13
2020,4,81c8578ea74ac6db74ba12d9f694e9e2,2020-10-04T20:25:00+00:00,Sun 2020-10-04 16:25,Chicago Bears,Indianapolis Colts,2020-10-04T16:55:00+00:00,3.5,1,43.0,3.0,20.0,23.0,13,13
2020,4,2bf40ff37383207af38a6bb491029126,2020-10-04T20:25:00+00:00,Sun 2020-10-04 16:25,Las Vegas Raiders,Buffalo Bills,2020-10-04T16:55:00+00:00,3.5,1,53.0,3.0,25.0,28.0,13,13
2020,4,996f058838596c94595659a71aeacab5,2020-10-05T00:20:00+00:00,Sun 2020-10-04 20:20,San Francisco 49ers,Philadelphia Eagles,2020-10-04T16:55:00+00:00,7.42,0,45.5,-9.0,27.25,18.25,12,12
2020,4,4f9e131b7dca1395f726a9d8c14bed7a,2020-10-05T23:05:00+00:00,Mon 2020-10-05 19:05,Kansas City Chiefs,New England Patriots,2020-10-04T16:55:00+00:00,30.17,0,50.0,-11.0,30.5,19.5,13,13
2020,4,b486d307229bf228a2ff98df57b3fa45,2020-10-06T00:50:00+00:00,Mon 2020-10-05 20:50,Green Bay Packers,Atlanta Falcons,2020-10-04T16:55:00+00:00,31.92,0,56.5,-6.5,31.5,25.0,13,13
2020,5,15ce9b77a68a6d4a78e6479fc1fa1c59,2020-10-11T17:00:00+00:00,Sun 2020-10-11 13:00,Pittsburgh Steelers,Philadelphia Eagles,2020-10-11T16:55:00+00:00,0.08,1,44.0,-7.5,25.75,18.25,14,13
2020,5,f61f4f6493f3f376e7c8d24c0e32fed1,2020-10-11T17:00:00+00:00,Sun 2020-10-11 13:00,Atlanta Falcons,Carolina Panthers,2020-10-11T16:55:00+00:00,0.08,1,53.5,-2.5,28.0,25.5,14,13
2020,5,fc301b216ea4cff264fd6f3f37a41e7c,2020-10-11T17:00:00+00:00,Sun 2020-10-11 13:00,New York Jets,Arizona Cardinals,2020-10-11T16:55:00+00:00,0.08,1,48.5,7.0,20.75,27.75,14,13
2020,5,99b78c373f0d35da124952d88c5f315f,2020-10-11T17:03:00+00:00,Sun 2020-10-11 13:03,Kansas City Chiefs,Las Vegas Raiders,2020-10-11T16:55:00+00:00,0.13,1,54.5,-10.5,32.5,22.0,14,13
2020,5,0a207a0269eaa5a4d696a44f64b269a7,2020-10-11T17:03:00+00:00,Sun 2020-10-11 13:03,Houston Texans,Jacksonville Jaguars,2020-10-11T16:55:00+00:00,0.13,1,54.5,-6.5,30.5,24.0,14,13
2020,5,a4b031f3a5a39283a65b2a97bbfc8555,2020-10-11T17:03:00+00:00,Sun 2020-10-11 13:03,Baltimore Ravens,Cincinnati Bengals,2020-10-11T16:55:00+00:00,0.13,1,49.0,-12.5,30.75,18.25,14,13
2020,5,ec8cf634081c3a713afc49d3eacfaca9,2020-10-11T17:03:00+00:00,Sun 2020-10-11 13:03,Washington Football Team,Los Angeles Rams,2020-10-11T16:55:00+00:00,0.13,1,44.5,7.5,18.5,26.0,14,13
2020,5,b997ff77b831a54fb260a26d9fe08b15,2020-10-11T20:05:00+00:00,Sun 2020-10-11 16:05,San Francisco 49ers,Miami Dolphins,2020-10-11T16:55:00+00:00,3.17,1,50.5,-8.5,29.5,21.0,13,13
2020,5,83346a57829e0d39c229bf9bff396b8a,2020-10-11T20:25:00+00:00,Sun 2020-10-11 16:25,Cleveland Browns,Indianapolis Colts,2020-10-11T16:55:00+00:00,3.5,1,49.0,-1.0,25.0,24.0,13,13
2020,5,07b8eec444f118b3441003b012c084ed,2020-10-11T20:25:00+00:00,Sun 2020-10-11 16:25,Dallas Cowboys,New York Giants,2020-10-11T16:55:00+00:00,3.5,1,52.0,-7.5,29.75,22.25,13,13
2020,5,a4c88ef2f19a448050fc0ce1dabd2fe5,2020-10-12T00:20:00+00:00,Sun 2020-10-11 20:20,Seattle Seahawks,Minnesota Vikings,2020-10-11T16:55:00+00:00,7.42,0,54.5,-6.5,30.5,24.0,13,13
2020,5,2a3b012ed8a92dd19c2a24aeaeaf0dfb,2020-10-13T00:15:00+00:00,Mon 2020-10-12 20:15,New Orleans Saints,Los Angeles Chargers,2020-10-11T16:55:00+00:00,31.33,0,50.0,-8.0,29.0,21.0,13,13
2020,6,d27ac8a0c3c58a4539615adc691e9bea,2020-10-18T17:00:00+00:00,Sun 2020-10-18 13:00,Jacksonville Jaguars,Detroit Lions,2020-10-18T16:55:00+00:00,0.08,1,53.0,3.0,25.0,28.0,13,12
2020,6,b988fb843f41c81aafc7cc9a67295d10,2020-10-18T17:00:00+00:00,Sun 2020-10-18 13:00,Minnesota Vikings,Atlanta Falcons,2020-10-18T16:55:00+00:00,0.08,1,53.5,-3.5,28.5,25.0,13,12
2020,6,6251856a3ed5a38fb291b95b30ccbba9,2020-10-18T17:00:00+00:00,Sun 2020-10-18 13:00,Indianapolis Colts,Cincinnati Bengals,2020-10-18T16:55:00+00:00,0.08,1,46.0,-7.5,26.75,19.25,13,12
2020,6,36bea6d1f425a89d35c6b384a16fb1b8,2020-10-18T17:03:00+00:00,Sun 2020-10-18 13:03,Carolina Panthers,Chicago Bears,2020-10-18T16:55:00+00:00,0.13,1,45.0,-1.75,23.38,21.62,13,12
2020,6,9276f20ef1693d52de43a5e70571e345,2020-10-18T17:03:00+00:00,Sun 2020-10-18 13:03,Pittsburgh Steelers,Cleveland Browns,2020-10-18T16:55:00+00:00,0.13,1,50.0,-3.0,26.5,23.5,13,12
2020,6,1d2b84991ca9d3a4632c9fc9b1c1ab9e,2020-10-18T17:03:00+00:00,Sun 2020-10-18 13:03,Philadelphia Eagles,Baltimore Ravens,2020-10-18T16:55:00+00:00,0.13,1,46.5,10.0,18.25,28.25,13,12
2020,6,b82794cf4f5bcf4c3b25e9949aab9634,2020-10-18T17:03:00+00:00,Sun 2020-10-18 13:03,New York Giants,Washington Football Team,2020-10-18T16:55:00+00:00,0.13,1,42.0,-1.5,21.75,20.25,13,12
2020,6,3859bf354ff2603a1e5b2e220a25644f,2020-10-18T17:03:00+00:00,Sun 2020-10-18 13:03,New England Patriots,Denver Broncos,2020-10-18T16:55:00+00:00,0.13,1,44.0,-7.0,25.5,18.5,12,12
2020,6,abf19a844b6fb9ac67df738cb817cea3,2020-10-18T17:04:00+00:00,Sun 2020-10-18 13:04,Tennessee Titans,Houston Texans,2020-10-18T16:55:00+00:00,0.15,1,52.0,-3.5,27.75,24.25,12,12
2020,6,b3737883403370af746121e11ec7f628,2020-10-18T20:05:00+00:00,Sun 2020-10-18 16:05,Miami Dolphins,New York Jets,2020-10-18T16:55:00+00:00,3.17,1,46.25,-8.5,27.38,18.88,12,12
2020,6,af634ab3d7b04c16f5ce91f6d723eda1,2020-10-18T20:25:00+00:00,Sun 2020-10-18 16:25,Tampa Bay Buccaneers,Green Bay Packers,2020-10-18T16:55:00+00:00,3.5,1,54.5,2.0,26.25,28.25,12,12
2020,6,315c57aa7133612242bd498dd813bb7c,2020-10-19T00:20:00+00:00,Sun 2020-10-18 20:20,San Francisco 49ers,Los Angeles Rams,2020-10-18T16:55:00+00:00,7.42,0,51.0,2.5,24.25,26.75,12,12
2020,6,20311a21785b89acacdf2e52aa312eab,2020-10-19T21:00:00+00:00,Mon 2020-10-19 17:00,Buffalo Bills,Kansas City Chiefs,2020-10-18T16:55:00+00:00,28.08,0,57.0,5.0,26.0,31.0,12,12
2020,6,c1204ec62df0a9c1db247fe93c74ea27,2020-10-20T00:15:00+00:00,Mon 2020-10-19 20:15,Dallas Cowboys,Arizona Cardinals,2020-10-18T16:55:00+00:00,31.33,0,55.0,1.0,27.0,28.0,12,12
2020,7,a9f96c56561285d07af8e2e5a47ed630,2020-10-25T17:00:00+00:00,Sun 2020-10-25 13:00,Cincinnati Bengals,Cleveland Browns,2020-10-25T16:55:00+00:00,0.08,1,50.0,4.0,23.0,27.0,14,13
2020,7,31a303b0b1ee7efc138bfa98a968a335,2020-10-25T17:03:00+00:00,Sun 2020-10-25 13:03,New York Jets,Buffalo Bills,2020-10-25T16:55:00+00:00,0.13,1,46.5,9.5,18.5,28.0,14,13
2020,7,d6e4c59a38925d0c56c0a78358c4a9ba,2020-10-25T17:03:00+00:00,Sun 2020-10-25 13:03,Tennessee Titans,Pittsburgh Steelers,2020-10-25T16:55:00+00:00,0.13,1,51.0,-1.0,26.0,25.0,14,12
2020,7,f762310302e1f582872372728fc77411,2020-10-25T17:03:00+00:00,Sun 2020-10-25 13:03,Houston Texans,Green Bay Packers,2020-10-25T16:55:00+00:00,0.13,1,55.5,3.0,26.25,29.25,13,13
2020,7,83a3e3c606e8d9cff0725e7c6c1e882f,2020-10-25T17:03:00+00:00,Sun 2020-10-25 13:03,Atlanta Falcons,Detroit Lions,2020-10-25T16:55:00+00:00,0.13,1,54.5,-1.0,27.75,26.75,14,13
2020,7,152cd603562b2098e3004e9bd32a173e,2020-10-25T17:03:00+00:00,Sun 2020-10-25 13:03,Washington Football Team,Dallas Cowboys,2020-10-25T16:55:00+00:00,0.13,1,44.5,-1.0,22.75,21.75,14,12
2020,7,89b0d6731562e49bb11dba6a1056a525,2020-10-25T17:04:00+00:00,Sun 2020-10-25 13:04,New Orleans Saints,Carolina Panthers,2020-10-25T16:55:00+00:00,0.15,1,50.0,-7.0,28.5,21.5,14,13
2020,7,f1177f9de03802695aa269530481cdf2,2020-10-25T20:05:00+00:00,Sun 2020-10-25 16:05,Las Vegas Raiders,Tampa Bay Buccaneers,2020-10-25T16:55:00+00:00,3.17,1,51.5,4.0,23.75,27.75,13,13
2020,7,6ec3c2eb6c177374ba9bdf7426825499,2020-10-25T20:25:00+00:00,Sun 2020-10-25 16:25,Denver Broncos,Kansas City Chiefs,2020-10-25T16:55:00+00:00,3.5,1,44.5,7.0,18.75,25.75,13,13
2020,7,d8bf865f2ff0d867113b4fe893551f48,2020-10-25T20:25:00+00:00,Sun 2020-10-25 16:25,Los Angeles Chargers,Jacksonville Jaguars,2020-10-25T16:55:00+00:00,3.5,1,49.0,-7.5,28.25,20.75,13,13
2020,7,c1850b9d2a3c80aa21dc0376479f5775,2020-10-25T20:25:00+00:00,Sun 2020-10-25 16:25,New England Patriots,San Francisco 49ers,2020-10-25T16:55:00+00:00,3.5,1,44.5,-3.0,23.75,20.75,13,13
2020,7,df7df95a563742418fb8f43e251de13a,2020-10-26T00:20:00+00:00,Sun 2020-10-25 20:20,Arizona Cardinals,Seattle Seahawks,2020-10-25T16:55:00+00:00,7.42,0,54.5,3.5,25.5,29.0,13,13
2020,7,3187a91f50d0fe85d478a5268ff51074,2020-10-27T00:15:00+00:00,Mon 2020-10-26 20:15,Los Angeles Rams,Chicago Bears,2020-10-25T16:55:00+00:00,31.33,0,44.5,-6.0,25.25,19.25,13,13
2020,8,cc50913b7c34e73bdd43f49238df6cda,2020-11-01T18:00:00+00:00,Sun 2020-11-01 13:00,Green Bay Packers,Minnesota Vikings,2020-11-01T17:55:00+00:00,0.08,1,48.0,-5.5,26.75,21.25,13,13
2020,8,7025b74b5e4b23cfbc365693c5e6ca9d,2020-11-01T18:00:00+00:00,Sun 2020-11-01 13:00,Cleveland Browns,Las Vegas Raiders,2020-11-01T17:55:00+00:00,0.08,1,47.5,-1.0,24.25,23.25,13,13
2020,8,28b5cae2ac18515a29f743e69c9e6d29,2020-11-01T18:00:00+00:00,Sun 2020-11-01 13:00,Cincinnati Bengals,Tennessee Titans,2020-11-01T17:55:00+00:00,0.08,1,49.0,7.0,21.0,28.0,13,13
2020,8,96252261caf5d7c1fc3bf86300e35637,2020-11-01T18:00:00+00:00,Sun 2020-11-01 13:00,Buffalo Bills,New England Patriots,2020-11-01T17:55:00+00:00,0.08,1,41.0,-4.0,22.5,18.5,14,13
2020,8,f5d6d661b05605c42600fdb4915fa695,2020-11-01T18:03:00+00:00,Sun 2020-11-01 13:03,Detroit Lions,Indianapolis Colts,2020-11-01T17:55:00+00:00,0.13,1,49.0,3.5,22.75,26.25,14,13
2020,8,9986288bc4835f813a6ad4b0c3ea7b90,2020-11-01T18:03:00+00:00,Sun 2020-11-01 13:03,Baltimore Ravens,Pittsburgh Steelers,2020-11-01T17:55:00+00:00,0.13,1,44.0,-4.0,24.0,20.0,14,13
2020,8,c1851c5bc91e8db340758ebc1d512ef8,2020-11-01T18:03:00+00:00,Sun 2020-11-01 13:03,Kansas City Chiefs,New York Jets,2020-11-01T17:55:00+00:00,0.13,1,49.0,-19.5,34.25,14.75,14,13
2020,8,ac5e9bdc6ed6d42f7d2895dd3f9865f3,2020-11-01T18:04:00+00:00,Sun 2020-11-01 13:04,Miami Dolphins,Los Angeles Rams,2020-11-01T17:55:00+00:00,0.15,1,46.5,3.5,21.5,25.0,14,13
2020,8,a7d42858b55bc653bfb61c659eaf31fe,2020-11-01T21:05:00+00:00,Sun 2020-11-01 16:05,Denver Broncos,Los Angeles Chargers,2020-11-01T17:55:00+00:00,3.17,1,44.5,3.0,20.75,23.75,13,13
2020,8,e09a150340150c4d0b724eb3109e6926,2020-11-01T21:25:00+00:00,Sun 2020-11-01 16:25,Seattle Seahawks,San Francisco 49ers,2020-11-01T17:55:00+00:00,3.5,1,54.5,-1.0,27.75,26.75,13,13
2020,8,287488b39bad16d5b37a7728aa72c699,2020-11-01T21:25:00+00:00,Sun 2020-11-01 16:25,Chicago Bears,New Orleans Saints,2020-11-01T17:55:00+00:00,3.5,1,41.0,5.5,17.75,23.25,13,13
2020,8,56362ddbe5a757d6d0401877d400d8b6,2020-11-02T01:21:00+00:00,Sun 2020-11-01 20:21,Philadelphia Eagles,Dallas Cowboys,2020-11-01T17:55:00+00:00,7.43,0,42.5,-10.5,26.5,16.0,13,13
2020,8,770a5fd42b096e2b4bf13ed293bad40d,2020-11-03T01:15:00+00:00,Mon 2020-11-02 20:15,New York Giants,Tampa Bay Buccaneers,2020-11-01T17:55:00+00:00,31.33,0,45.0,12.5,16.25,28.75,13,13
2020,9,e09d9b34f5cd48bff1f835f9aadb403d,2020-11-06T01:20:00+00:00,Thu 2020-11-05 20:20,San Francisco 49ers,Green Bay Packers,2020-11-01T17:55:00+00:00,103.42,0,51.0,-0.5,25.75,25.25,4,4
2020,9,a292e85bb3d53fda950f3614eb9c4bdc,2020-11-08T18:00:00+00:00,Sun 2020-11-08 13:00,Washington Football Team,New York Giants,2020-11-08T17:55:00+00:00,0.08,1,43.0,-3.0,23.0,20.0,14,13
2020,9,cd5742b99e454d2f198657301fe3b46a,2020-11-08T18:00:00+00:00,Sun 2020-11-08 13:00,Jacksonville Jaguars,Houston Texans,2020-11-08T17:55:00+00:00,0.08,1,48.5,6.5,21.0,27.5,14,13
2020,9,7f327a30467737b4ad03a0453ff35c8a,2020-11-08T18:01:00+00:00,Sun 2020-11-08 13:01,Kansas City Chiefs,Carolina Panthers,2020-11-08T17:55:00+00:00,0.1,1,51.5,-10.0,30.75,20.75,13,13
2020,9,b8355b9e4430ea57868415f4e2ffeff2,2020-11-08T18:03:00+00:00,Sun 2020-11-08 13:03,Indianapolis Colts,Baltimore Ravens,2020-11-08T17:55:00+00:00,0.13,1,48.0,-1.0,24.5,23.5,14,12
2020,9,f0ad9dafa528d4ff8c57f1436d3aedc1,2020-11-08T18:03:00+00:00,Sun 2020-11-08 13:03,Atlanta Falcons,Denver Broncos,2020-11-08T17:55:00+00:00,0.13,1,50.0,-4.5,27.25,22.75,14,13
2020,9,fe94e2223a47e374e0aa2e3b46ddf61a,2020-11-08T18:03:00+00:00,Sun 2020-11-08 13:03,Tennessee Titans,Chicago Bears,2020-11-08T17:55:00+00:00,0.13,1,46.5,-6.0,26.25,20.25,14,13
2020,9,8f5c460ab82afd9d2cb288cb4fd7b90d,2020-11-08T18:03:00+00:00,Sun 2020-11-08 13:03,Buffalo Bills,Seattle Seahawks,2020-11-08T17:55:00+00:00,0.13,1,55.0,3.0,26.0,29.0,14,13
2020,9,587d0164e5ac91df7fa10270af66094a,2020-11-08T18:03:00+00:00,Sun 2020-11-08 13:03,Minnesota Vikings,Detroit Lions,2020-11-08T17:55:00+00:00,0.13,1,51.5,-3.0,27.25,24.25,13,13
2020,9,ed25b134f4e0c5eed53056d17c2f34f7,2020-11-08T21:05:00+00:00,Sun 2020-11-08 16:05,Los Angeles Chargers,Las Vegas Raiders,2020-11-08T17:55:00+00:00,3.17,1,52.5,1.0,25.75,26.75,13,13
2020,9,f7790c39913c938954ac11a48b55b8cf,2020-11-08T21:25:00+00:00,Sun 2020-11-08 16:25,Arizona Cardinals,Miami Dolphins,2020-11-08T17:55:00+00:00,3.5,1,48.5,-6.0,27.25,21.25,13,13
2020,9,9f100506551becd2de743ad5fdaf7b73,2020-11-08T21:25:00+00:00,Sun 2020-11-08 16:25,Dallas Cowboys,Pittsburgh Steelers,2020-11-08T17:55:00+00:00,3.5,1,44.0,14.0,15.0,29.0,13,13
2020,9,264dbe6c25504346fc61806b547c1e3e,2020-11-09T01:20:00+00:00,Sun 2020-11-08 20:20,Tampa Bay Buccaneers,New Orleans Saints,2020-11-08T17:55:00+00:00,7.42,0,51.0,-3.5,27.25,23.75,13,13
2020,9,c5a6a4ea5c7a1b9913b5dc971df654f2,2020-11-10T01:15:00+00:00,Mon 2020-11-09 20:15,New York Jets,New England Patriots,2020-11-08T17:55:00+00:00,31.33,0,41.0,10.0,15.5,25.5,13,13
2020,10,c8bf911cdf9f583c3e275a4d43e177bb,2020-11-13T01:20:00+00:00,Thu 2020-11-12 20:20,Tennessee Titans,Indianapolis Colts,2020-11-08T17:55:00+00:00,103.42,0,50.5,-1.0,25.75,24.75,2,3
2020,10,9050bad623e39a22341ebd9e59871e73,2020-11-15T18:00:00+00:00,Sun 2020-11-15 13:00,Carolina Panthers,Tampa Bay Buccaneers,2020-11-15T17:55:00+00:00,0.08,1,49.5,6.0,21.75,27.75,12,11
2020,10,255028b4109b9afea28c76396c4a3aa8,2020-11-15T18:00:00+00:00,Sun 2020-11-15 13:00,Pittsburgh Steelers,Cincinnati Bengals,2020-11-08T17:55:00+00:00,168.08,1,48.5,-10.5,29.5,19.0,2,3
2020,10,bfdf6aa2f8f8321e0fe1f1e5f9b6e25a,2020-11-15T18:00:00+00:00,Sun 2020-11-15 13:00,Detroit Lions,Washington Football Team,2020-11-15T17:55:00+00:00,0.08,1,45.5,-2.5,24.0,21.5,12,11
2020,10,93b83eff4092f7c5da66e24992505b3e,2020-11-15T18:00:00+00:00,Sun 2020-11-15 13:00,Green Bay Packers,Jacksonville Jaguars,2020-11-08T17:55:00+00:00,168.08,1,54.0,-14.0,34.0,20.0,2,3
2020,10,bb29b2a6f36b81bddd13f03e28974638,2020-11-15T18:00:00+00:00,Sun 2020-11-15 13:00,Cleveland Browns,Houston Texans,2020-11-15T17:55:00+00:00,0.08,1,46.0,-4.5,25.25,20.75,12,11
2020,10,52a66b899ffbf132841ff7799a4ad9cf,2020-11-15T18:01:00+00:00,Sun 2020-11-15 13:01,Green Bay Packers,Jacksonville Jaguars,2020-11-15T17:55:00+00:00,0.1,1,47.0,-13.5,30.25,16.75,12,11
2020,10,dcc7e7c6eed8b3ff0032865461efcf5f,2020-11-15T18:03:00+00:00,Sun 2020-11-15 13:03,New York Giants,Philadelphia Eagles,2020-11-15T17:55:00+00:00,0.13,1,45.5,4.5,20.5,25.0,11,11
2020,10,1f8b007171f72d7d9b9ba47416c0e6e3,2020-11-15T21:05:00+00:00,Sun 2020-11-15 16:05,Arizona Cardinals,Buffalo Bills,2020-11-15T17:55:00+00:00,3.17,1,55.5,-3.0,29.25,26.25,11,11
2020,10,87a2e7f3e6e191c42aae52c4f8745999,2020-11-15T21:05:00+00:00,Sun 2020-11-15 16:05,Las Vegas Raiders,Denver Broncos,2020-11-15T17:55:00+00:00,3.17,1,50.5,-3.0,26.75,23.75,11,11
2020,10,1278dccd68fcaf7adbf8557fc580802b,2020-11-15T21:06:00+00:00,Sun 2020-11-15 16:06,Miami Dolphins,Los Angeles Chargers,2020-11-15T17:55:00+00:00,3.18,1,49.0,-2.5,25.75,23.25,11,11
2020,10,0d5336bbd84e3343d5a7b9a1df1043a2,2020-11-15T21:25:00+00:00,Sun 2020-11-15 16:25,Los Angeles Rams,Seattle Seahawks,2020-11-15T17:55:00+00:00,3.5,1,55.0,-2.5,28.75,26.25,11,11
2020,10,81515f3f50167ab63a9e940368d12d21,2020-11-15T21:25:00+00:00,Sun 2020-11-15 16:25,New Orleans Saints,San Francisco 49ers,2020-11-15T17:55:00+00:00,3.5,1,49.5,-9.5,29.5,20.0,11,11
2020,10,9e7d5efc596c31b4c88100eeb51c3d31,2020-11-15T21:25:00+00:00,Sun 2020-11-15 16:25,Pittsburgh Steelers,Cincinnati Bengals,2020-11-15T17:55:00+00:00,3.5,1,45.5,-6.5,26.0,19.5,11,11
2020,10,7d01f28cd9a228b4a7c97d82843e6d34,2020-11-16T01:20:00+00:00,Sun 2020-11-15 20:20,New England Patriots,Baltimore Ravens,2020-11-08T17:55:00+00:00,175.42,0,41.0,6.5,17.25,23.75,2,3
2020,10,afaf8c5cbb31279de326f165d0a3c802,2020-11-16T01:20:00+00:00,Sun 2020-11-15 20:20,New England Patriots,Baltimore Ravens,2020-11-15T17:55:00+00:00,7.42,0,44.0,6.5,18.75,25.25,11,11
2020,10,6b8be610e3bc3fe16a5fe27e40f2d3ba,2020-11-17T01:15:00+00:00,Mon 2020-11-16 20:15,Chicago Bears,Minnesota Vikings,2020-11-08T17:55:00+00:00,199.33,0,46.5,-1.75,24.12,22.38,2,2
2020,10,ec7b2fb4c07ef8a734e72654bbe74e84,2020-11-17T01:15:00+00:00,Mon 2020-11-16 20:15,Chicago Bears,Minnesota Vikings,2020-11-15T17:55:00+00:00,31.33,0,43.5,3.0,20.25,23.25,11,11
2020,11,7146803eccc63aeaa79438b863bb36a0,2020-11-22T18:00:00+00:00,Sun 2020-11-22 13:00,Jacksonville Jaguars,Pittsburgh Steelers,2020-11-22T17:55:00+00:00,0.08,1,47.5,10.5,18.5,29.0,12,12
2020,11,477f32ef79fadaf49e2c51a7a8a70435,2020-11-22T18:00:00+00:00,Sun 2020-11-22 13:00,Washington Football Team,Cincinnati Bengals,2020-11-22T17:55:00+00:00,0.08,1,48.0,-1.5,24.75,23.25,13,12
2020,11,a668036350a1262aac30254a2dfe9cfa,2020-11-22T18:00:00+00:00,Sun 2020-11-22 13:00,Baltimore Ravens,Tennessee Titans,2020-11-22T17:55:00+00:00,0.08,1,50.5,-6.0,28.25,22.25,13,12
2020,11,6cd7093fe1029eb160a0c131875c8a11,2020-11-22T18:00:00+00:00,Sun 2020-11-22 13:00,Carolina Panthers,Detroit Lions,2020-11-22T17:55:00+00:00,0.08,1,47.0,3.0,22.0,25.0,13,12
2020,11,4a70f49ecb6b4a93a7183976fe28f6ab,2020-11-22T18:03:00+00:00,Sun 2020-11-22 13:03,Cleveland Browns,Philadelphia Eagles,2020-11-22T17:55:00+00:00,0.13,1,45.5,-2.5,24.0,21.5,13,12
2020,11,d9107caedf515eea4a1e3e9dcfad6d1f,2020-11-22T18:03:00+00:00,Sun 2020-11-22 13:03,Houston Texans,New England Patriots,2020-11-22T17:55:00+00:00,0.13,1,49.0,2.5,23.25,25.75,13,12
2020,11,4f3d9306bfd374776c6fdaf6653ed8d4,2020-11-22T18:03:00+00:00,Sun 2020-11-22 13:03,New Orleans Saints,Atlanta Falcons,2020-11-22T17:55:00+00:00,0.13,1,49.5,-3.5,26.5,23.0,12,12
2020,11,37ed1d6633e8d4ac49fb37ad0a4cd61b,2020-11-22T21:05:00+00:00,Sun 2020-11-22 16:05,Denver Broncos,Miami Dolphins,2020-11-22T17:55:00+00:00,3.17,1,46.0,3.5,21.25,24.75,12,12
2020,11,9d9ae0b51f238133b3cd21058e2cfa8f,2020-11-22T21:06:00+00:00,Sun 2020-11-22 16:06,Los Angeles Chargers,New York Jets,2020-11-22T17:55:00+00:00,3.18,1,47.5,-10.0,28.75,18.75,12,12
2020,11,f502ad827a6e7fcd1197420d267d54e3,2020-11-22T21:25:00+00:00,Sun 2020-11-22 16:25,Indianapolis Colts,Green Bay Packers,2020-11-22T17:55:00+00:00,3.5,1,52.5,-2.0,27.25,25.25,12,12
2020,11,efc9a2bdacfbb1f417e9d6217efdb38a,2020-11-22T21:25:00+00:00,Sun 2020-11-22 16:25,Minnesota Vikings,Dallas Cowboys,2020-11-22T17:55:00+00:00,3.5,1,50.0,-7.25,28.62,21.38,12,12
2020,11,4ae06ed05a0cebf29357e18e9fdcffd5,2020-11-23T01:20:00+00:00,Sun 2020-11-22 20:20,Las Vegas Raiders,Kansas City Chiefs,2020-11-22T17:55:00+00:00,7.42,0,56.0,7.5,24.25,31.75,12,12
2020,11,9fd22194c8ae7bc313bcb66134dd8377,2020-11-24T01:15:00+00:00,Mon 2020-11-23 20:15,Tampa Bay Buccaneers,Los Angeles Rams,2020-11-22T17:55:00+00:00,31.33,0,48.0,-4.5,26.25,21.75,12,12
2020,12,3ab48d6e82a7f750c8e0bc61d544707a,2020-11-29T18:00:00+00:00,Sun 2020-11-29 13:00,New York Jets,Miami Dolphins,2020-11-29T17:55:00+00:00,0.08,1,45.5,7.5,19.0,26.5,15,14
2020,12,999a0664b40a9b1c74328a31b5d94075,2020-11-29T18:00:00+00:00,Sun 2020-11-29 13:00,Buffalo Bills,Los Angeles Chargers,2020-11-29T17:55:00+00:00,0.08,1,51.0,-4.0,27.5,23.5,15,14
2020,12,1d9a47842d2f87e2391980dd7acafbe1,2020-11-29T18:00:00+00:00,Sun 2020-11-29 13:00,New England Patriots,Arizona Cardinals,2020-11-29T17:55:00+00:00,0.08,1,50.5,1.0,24.75,25.75,16,15
2020,12,f93d6e2174dbb53f99caaf2cc4579b0b,2020-11-29T18:00:00+00:00,Sun 2020-11-29 13:00,Minnesota Vikings,Carolina Panthers,2020-11-29T17:55:00+00:00,0.08,1,50.0,-3.0,26.5,23.5,16,15
2020,12,8292e76fed80b35938a2d6d6b13fbebb,2020-11-29T18:00:00+00:00,Sun 2020-11-29 13:00,Atlanta Falcons,Las Vegas Raiders,2020-11-29T17:55:00+00:00,0.08,1,53.0,3.5,24.75,28.25,15,14
2020,12,b39498de54fd773bcadf6a947acb6e64,2020-11-29T18:00:00+00:00,Sun 2020-11-29 13:00,Jacksonville Jaguars,Cleveland Browns,2020-11-29T17:55:00+00:00,0.08,1,48.5,7.0,20.75,27.75,16,15
2020,12,25589a2909d32ad39d77c72a34cd6dd2,2020-11-29T18:00:00+00:00,Sun 2020-11-29 13:00,Indianapolis Colts,Tennessee Titans,2020-11-29T17:55:00+00:00,0.08,1,51.5,-3.0,27.25,24.25,15,14
2020,12,e272be2ac670ed3ef4049fe8b3b03dec,2020-11-29T18:00:00+00:00,Sun 2020-11-29 13:00,Cincinnati Bengals,New York Giants,2020-11-29T17:55:00+00:00,0.08,1,45.0,6.5,19.25,25.75,15,14
2020,12,a18791bd84358feb73b6c0cfecbafbd6,2020-11-29T21:05:00+00:00,Sun 2020-11-29 16:05,Los Angeles Rams,San Francisco 49ers,2020-11-29T17:55:00+00:00,3.17,1,44.5,-5.5,25.0,19.5,14,14
2020,12,cf2fa6b8186fe7294ff1bc3a9c5dce70,2020-11-29T21:05:00+00:00,Sun 2020-11-29 16:05,Denver Broncos,New Orleans Saints,2020-11-29T17:55:00+00:00,3.17,1,36.5,16.5,10.0,26.5,14,14
2020,12,21d5f894ebfa014174c6557aa290d30a,2020-11-29T21:25:00+00:00,Sun 2020-11-29 16:25,Tampa Bay Buccaneers,Kansas City Chiefs,2020-11-29T17:55:00+00:00,3.5,1,56.0,3.5,26.25,29.75,14,14
2020,12,e4ea72afb0f9d178abfc365854a17da2,2020-11-30T01:20:00+00:00,Sun 2020-11-29 20:20,Green Bay Packers,Chicago Bears,2020-11-29T17:55:00+00:00,7.42,0,44.5,-8.0,26.25,18.25,14,14
2020,12,3363f4f4f32ea54db1ec6245400768fa,2020-12-01T01:15:00+00:00,Mon 2020-11-30 20:15,Philadelphia Eagles,Seattle Seahawks,2020-11-29T17:55:00+00:00,31.33,0,48.5,6.0,21.25,27.25,15,15
2020,12,b5d8dece38523d60dfb60fe321b13ed8,2020-12-02T01:00:00+00:00,Tue 2020-12-01 20:00,Pittsburgh Steelers,Baltimore Ravens,2020-11-29T17:55:00+00:00,55.08,0,41.5,-10.0,25.75,15.75,14,14
2020,13,ee451efb6ef8d56c96e422ae676dc993,2020-12-06T18:00:00+00:00,Sun 2020-12-06 13:00,Houston Texans,Indianapolis Colts,2020-12-06T17:55:00+00:00,0.08,1,50.0,3.25,23.38,26.62,15,14
2020,13,747b7028bac88abefe745916cc13d33f,2020-12-06T18:00:00+00:00,Sun 2020-12-06 13:00,Atlanta Falcons,New Orleans Saints,2020-12-06T17:55:00+00:00,0.08,1,46.0,3.0,21.5,24.5,15,14
2020,13,1df638f56cd71499240fec88acc62021,2020-12-06T18:00:00+00:00,Sun 2020-12-06 13:00,New York Jets,Las Vegas Raiders,2020-12-06T17:55:00+00:00,0.08,1,48.0,7.5,20.25,27.75,15,14
2020,13,23f486fc794cf1a457605c373b191468,2020-12-06T18:00:00+00:00,Sun 2020-12-06 13:00,Chicago Bears,Detroit Lions,2020-12-06T17:55:00+00:00,0.08,1,44.0,-3.0,23.5,20.5,16,15
2020,13,faa5730cc55b7e5b6d5d7b40ca86564b,2020-12-06T18:03:00+00:00,Sun 2020-12-06 13:03,Miami Dolphins,Cincinnati Bengals,2020-12-06T17:55:00+00:00,0.13,1,43.0,-10.5,26.75,16.25,16,15
2020,13,ffc0ff8226ca2b56d5dbe4bdec45631a,2020-12-06T18:03:00+00:00,Sun 2020-12-06 13:03,Tennessee Titans,Cleveland Browns,2020-12-06T17:55:00+00:00,0.13,1,54.0,-4.0,29.0,25.0,16,15
2020,13,5a97a04adad9a723b12e5efff9dfad24,2020-12-06T18:03:00+00:00,Sun 2020-12-06 13:03,Minnesota Vikings,Jacksonville Jaguars,2020-12-06T17:55:00+00:00,0.13,1,51.0,-10.0,30.5,20.5,15,14
2020,13,efe1476f36af917fb8a3790a8d0566e0,2020-12-06T21:05:00+00:00,Sun 2020-12-06 16:05,Seattle Seahawks,New York Giants,2020-12-06T17:55:00+00:00,3.17,1,47.0,-10.5,28.75,18.25,14,14
2020,13,c6decd3215e7b54a1fe700a3d8574863,2020-12-06T21:05:00+00:00,Sun 2020-12-06 16:05,Arizona Cardinals,Los Angeles Rams,2020-12-06T17:55:00+00:00,3.17,1,48.5,2.5,23.0,25.5,14,14
2020,13,80178dfe567df676f544f00afa48f2be,2020-12-06T21:25:00+00:00,Sun 2020-12-06 16:25,Los Angeles Chargers,New England Patriots,2020-12-06T17:55:00+00:00,3.5,1,47.0,-2.0,24.5,22.5,14,14
2020,13,b962f86f11795ec081e13928bdd12774,2020-12-06T21:25:00+00:00,Sun 2020-12-06 16:25,Green Bay Packers,Philadelphia Eagles,2020-12-06T17:55:00+00:00,3.5,1,49.5,-8.0,28.75,20.75,14,14
2020,13,5ff082f2ceb2548275ebe7fe498e4687,2020-12-07T01:20:00+00:00,Sun 2020-12-06 20:20,Kansas City Chiefs,Denver Broncos,2020-12-06T17:55:00+00:00,7.42,0,51.5,-13.5,32.5,19.0,14,14
2020,13,cb80963fb349599a2601ae26cac16c40,2020-12-07T22:00:00+00:00,Mon 2020-12-07 17:00,Pittsburgh Steelers,Washington Football Team,2020-12-06T17:55:00+00:00,28.08,0,43.5,-7.0,25.25,18.25,15,15
2020,13,19403d425040de935c88f1200d47ed77,2020-12-08T01:16:00+00:00,Mon 2020-12-07 20:16,San Francisco 49ers,Buffalo Bills,2020-12-06T17:55:00+00:00,31.35,0,47.0,-1.0,24.0,23.0,15,15
2020,13,23ee05ed3a821d77aaefc2405bf59d7c,2020-12-09T01:06:00+00:00,Tue 2020-12-08 20:06,Baltimore Ravens,Dallas Cowboys,2020-12-06T17:55:00+00:00,55.18,0,45.0,-8.5,26.75,18.25,14,14
2020,14,a87a0b5c7085670354c7b998598f9ee0,2020-12-13T18:00:00+00:00,Sun 2020-12-13 13:00,Jacksonville Jaguars,Tennessee Titans,2020-12-13T17:55:00+00:00,0.08,1,53.0,7.5,22.75,30.25,15,14
2020,14,4c477930e126a0b22e71721f14e067a8,2020-12-13T18:00:00+00:00,Sun 2020-12-13 13:00,Chicago Bears,Houston Texans,2020-12-13T17:55:00+00:00,0.08,1,46.5,1.0,22.75,23.75,15,14
2020,14,f307c66fc0803a0a37a80f459fc3e0dc,2020-12-13T18:00:00+00:00,Sun 2020-12-13 13:00,Tampa Bay Buccaneers,Minnesota Vikings,2020-12-13T17:55:00+00:00,0.08,1,52.5,-7.0,29.75,22.75,15,14
2020,14,cddb3307d9bd8b47f72c281e4a182380,2020-12-13T18:00:00+00:00,Sun 2020-12-13 13:00,New York Giants,Arizona Cardinals,2020-12-13T17:55:00+00:00,0.08,1,47.0,3.0,22.0,25.0,16,15
2020,14,ab04733678b5f11e1b7688207b712134,2020-12-13T18:00:00+00:00,Sun 2020-12-13 13:00,Carolina Panthers,Denver Broncos,2020-12-13T17:55:00+00:00,0.08,1,45.75,-4.0,24.88,20.88,16,15
2020,14,2a7d7947fabbb94054e1db4c925e69eb,2020-12-13T18:00:00+00:00,Sun 2020-12-13 13:00,Miami Dolphins,Kansas City Chiefs,2020-12-13T17:55:00+00:00,0.08,1,51.5,7.5,22.0,29.5,14,14
2020,14,5170290986b88d89b4d17deea25c58d9,2020-12-13T18:03:00+00:00,Sun 2020-12-13 13:03,Cincinnati Bengals,Dallas Cowboys,2020-12-13T17:55:00+00:00,0.13,1,44.0,3.0,20.5,23.5,16,15
2020,14,1ad3b58b63642f4386dfda3aaef9d9cc,2020-12-13T21:05:00+00:00,Sun 2020-12-13 16:05,Seattle Seahawks,New York Jets,2020-12-13T17:55:00+00:00,3.17,1,48.5,-16.5,32.5,16.0,14,14
2020,14,f511b00d4bf86d5b1652caf6849ebdae,2020-12-13T21:05:00+00:00,Sun 2020-12-13 16:05,Las Vegas Raiders,Indianapolis Colts,2020-12-13T17:55:00+00:00,3.17,1,51.5,2.5,24.5,27.0,14,14
2020,14,7fbacfac6e742e7c1d88c654ea7f28d9,2020-12-13T21:25:00+00:00,Sun 2020-12-13 16:25,Detroit Lions,Green Bay Packers,2020-12-13T17:55:00+00:00,3.5,1,55.5,9.0,23.25,32.25,14,14
2020,14,4c498d6e8c46c98dc38c374c9e09b14e,2020-12-13T21:25:00+00:00,Sun 2020-12-13 16:25,Philadelphia Eagles,New Orleans Saints,2020-12-13T17:55:00+00:00,3.5,1,42.25,7.5,17.38,24.88,14,14
2020,14,51323d7d11d7781b7a9b82e7f41da7fe,2020-12-13T21:25:00+00:00,Sun 2020-12-13 16:25,Los Angeles Chargers,Atlanta Falcons,2020-12-13T17:55:00+00:00,3.5,1,49.0,-1.5,25.25,23.75,14,14
2020,14,835bf2809c793214a3df5d6d33320e0d,2020-12-13T21:25:00+00:00,Sun 2020-12-13 16:25,San Francisco 49ers,Washington Football Team,2020-12-13T17:55:00+00:00,3.5,1,43.5,-3.0,23.25,20.25,14,14
2020,14,6e007035795aaafa79ea2402ec1b987b,2020-12-14T01:20:00+00:00,Sun 2020-12-13 20:20,Buffalo Bills,Pittsburgh Steelers,2020-12-13T17:55:00+00:00,7.42,0,48.5,-2.25,25.38,23.12,14,14
2020,14,692ced2cc552c29ed95845c8221794a1,2020-12-15T01:15:00+00:00,Mon 2020-12-14 20:15,Cleveland Browns,Baltimore Ravens,2020-12-13T17:55:00+00:00,31.33,0,45.5,3.0,21.25,24.25,15,15
2020,15,828e809de88acdbf79dac207a6cbeb05,2020-12-20T18:00:00+00:00,Sun 2020-12-20 13:00,Baltimore Ravens,Jacksonville Jaguars,2020-12-20T17:55:00+00:00,0.08,1,49.0,-12.5,30.75,18.25,16,15
2020,15,a5d0953aed42d554ca4f710741efc606,2020-12-20T18:03:00+00:00,Sun 2020-12-20 13:03,Tennessee Titans,Detroit Lions,2020-12-20T17:55:00+00:00,0.13,1,54.0,-9.0,31.5,22.5,16,15
2020,15,51b8b6580daff89522e55b6da8dc4717,2020-12-20T18:03:00+00:00,Sun 2020-12-20 13:03,Atlanta Falcons,Tampa Bay Buccaneers,2020-12-20T17:55:00+00:00,0.13,1,49.5,6.0,21.75,27.75,15,14
2020,15,1d83e19fa3cf5b34c5a71076b69a5b3b,2020-12-20T18:03:00+00:00,Sun 2020-12-20 13:03,Minnesota Vikings,Chicago Bears,2020-12-20T17:55:00+00:00,0.13,1,47.0,-3.0,25.0,22.0,15,15
2020,15,0caa7befba0348f73c10bd02955693e2,2020-12-20T18:03:00+00:00,Sun 2020-12-20 13:03,Miami Dolphins,New England Patriots,2020-12-20T17:55:00+00:00,0.13,1,40.5,1.0,19.75,20.75,16,15
2020,15,aaab805ea1e647cb2e9f2963783887de,2020-12-20T18:03:00+00:00,Sun 2020-12-20 13:03,Dallas Cowboys,San Francisco 49ers,2020-12-20T17:55:00+00:00,0.13,1,45.5,3.5,21.0,24.5,15,14
2020,15,48abff403656a2b3c7e41b72672f2610,2020-12-20T18:03:00+00:00,Sun 2020-12-20 13:03,Indianapolis Colts,Houston Texans,2020-12-20T17:55:00+00:00,0.13,1,51.75,-7.5,29.62,22.12,16,15
2020,15,5baf00773fc5a42197764a528c384567,2020-12-20T18:03:00+00:00,Sun 2020-12-20 13:03,Washington Football Team,Seattle Seahawks,2020-12-20T17:55:00+00:00,0.13,1,44.0,6.0,19.0,25.0,15,14
2020,15,4231ca70aeec085efe60c2fd80ff61a1,2020-12-20T21:05:00+00:00,Sun 2020-12-20 16:05,Los Angeles Rams,New York Jets,2020-12-20T17:55:00+00:00,3.17,1,44.5,-17.0,30.75,13.75,14,14
2020,15,538acf983d28befd9ffe699fb0c1d750,2020-12-20T21:05:00+00:00,Sun 2020-12-20 16:05,Arizona Cardinals,Philadelphia Eagles,2020-12-20T17:55:00+00:00,3.17,1,49.5,-6.5,28.0,21.5,14,14
2020,15,f995414945a343e116a53468ae834469,2020-12-20T21:25:00+00:00,Sun 2020-12-20 16:25,New Orleans Saints,Kansas City Chiefs,2020-12-20T17:55:00+00:00,3.5,1,53.5,3.0,25.25,28.25,14,14
2020,15,4019020aa0499539a04bbf9e1d378c5e,2020-12-21T01:20:00+00:00,Sun 2020-12-20 20:20,New York Giants,Cleveland Browns,2020-12-20T17:55:00+00:00,7.42,0,44.5,6.5,19.0,25.5,14,14
2020,15,c6c461d7c16f661206b4d4fc50746d98,2020-12-22T01:15:00+00:00,Mon 2020-12-21 20:15,Cincinnati Bengals,Pittsburgh Steelers,2020-12-20T17:55:00+00:00,31.33,0,40.0,14.0,13.0,27.0,15,15
2020,16,9f1b68a11d955ee98663f66037c03bcf,2020-12-27T18:00:00+00:00,Sun 2020-12-27 13:00,Jacksonville Jaguars,Chicago Bears,2020-12-27T17:55:00+00:00,0.08,1,47.0,9.0,19.0,28.0,15,15
2020,16,4e9b5460d1eac89cade3aef323424f6a,2020-12-27T18:00:00+00:00,Sun 2020-12-27 13:00,Kansas City Chiefs,Atlanta Falcons,2020-12-27T17:55:00+00:00,0.08,1,54.0,-11.0,32.5,21.5,16,15
2020,16,5b0bf9c1161d097a11f36d3a768f2a4b,2020-12-27T18:00:00+00:00,Sun 2020-12-27 13:00,Baltimore Ravens,New York Giants,2020-12-27T17:55:00+00:00,0.08,1,43.5,-10.0,26.75,16.75,15,14
2020,16,7fd92dc444bc4e4b1f846600a71e6cb4,2020-12-27T18:00:00+00:00,Sun 2020-12-27 13:00,Houston Texans,Cincinnati Bengals,2020-12-27T17:55:00+00:00,0.08,1,46.0,-7.5,26.75,19.25,16,15
2020,16,ee85c6ea839215cd36cc912a27da2154,2020-12-27T18:00:00+00:00,Sun 2020-12-27 13:00,Pittsburgh Steelers,Indianapolis Colts,2020-12-27T17:55:00+00:00,0.08,1,42.5,0.5,21.0,21.5,15,14
2020,16,fccefe725a0f4e59f85347a276983d41,2020-12-27T18:03:00+00:00,Sun 2020-12-27 13:03,New York Jets,Cleveland Browns,2020-12-27T17:55:00+00:00,0.13,1,44.5,6.5,19.0,25.5,15,14
2020,16,ac642e38e2f5d021f3dfe57a05393ce7,2020-12-27T21:05:00+00:00,Sun 2020-12-27 16:05,Los Angeles Chargers,Denver Broncos,2020-12-27T17:55:00+00:00,3.17,1,47.5,-2.5,25.0,22.5,14,14
2020,16,5f052a29ff245a4da36b0ea824060cea,2020-12-27T21:05:00+00:00,Sun 2020-12-27 16:05,Washington Football Team,Carolina Panthers,2020-12-27T17:55:00+00:00,3.17,1,42.0,1.0,20.5,21.5,14,14
2020,16,03cb40686270443048a95e248a45e133,2020-12-27T21:25:00+00:00,Sun 2020-12-27 16:25,Seattle Seahawks,Los Angeles Rams,2020-12-27T17:55:00+00:00,3.5,1,47.5,-1.5,24.5,23.0,14,14
2020,16,a8dfe2f941d80e50536285e79ea8a145,2020-12-27T21:25:00+00:00,Sun 2020-12-27 16:25,Dallas Cowboys,Philadelphia Eagles,2020-12-27T17:55:00+00:00,3.5,1,50.25,3.0,23.62,26.62,14,14
2020,16,6d35bb24f76281197576e7d4c1378a47,2020-12-28T01:20:00+00:00,Sun 2020-12-27 20:20,Green Bay Packers,Tennessee Titans,2020-12-27T17:55:00+00:00,7.42,0,53.5,-3.0,28.25,25.25,14,14
2020,16,109766a24d67d76cceae510bc75dc112,2020-12-29T01:15:00+00:00,Mon 2020-12-28 20:15,New England Patriots,Buffalo Bills,2020-12-27T17:55:00+00:00,31.33,0,46.0,7.0,19.5,26.5,15,15
2020,17,f50313980a4df8e661251ab981440681,2021-01-03T18:00:00+00:00,Sun 2021-01-03 13:00,New England Patriots,New York Jets,2021-01-03T17:55:00+00:00,0.08,1,41.0,-3.0,22.0,19.0,15,14
2020,17,1c8902d59d9341d2fac823280f61620d,2021-01-03T18:00:00+00:00,Sun 2021-01-03 13:00,Buffalo Bills,Miami Dolphins,2021-01-03T17:55:00+00:00,0.08,1,42.5,3.5,19.5,23.0,15,14
2020,17,73b2313bffe8d3f47111ab45d8de0665,2021-01-03T18:03:00+00:00,Sun 2021-01-03 13:03,New York Giants,Dallas Cowboys,2021-01-03T17:55:00+00:00,0.13,1,43.5,1.5,21.0,22.5,16,15
2020,17,998e7b621ca882d47267bf2d021b542f,2021-01-03T18:03:00+00:00,Sun 2021-01-03 13:03,Cleveland Browns,Pittsburgh Steelers,2021-01-03T17:55:00+00:00,0.13,1,44.5,-10.0,27.25,17.25,15,14
2020,17,f5cb05b8c70f97c30d0215e980441692,2021-01-03T18:03:00+00:00,Sun 2021-01-03 13:03,Cincinnati Bengals,Baltimore Ravens,2021-01-03T17:55:00+00:00,0.13,1,45.0,13.5,15.75,29.25,16,15
2020,17,d20d74012d5701d055ef6921e82e7993,2021-01-03T18:03:00+00:00,Sun 2021-01-03 13:03,Tampa Bay Buccaneers,Atlanta Falcons,2021-01-03T17:55:00+00:00,0.13,1,51.0,-7.0,29.0,22.0,16,15
2020,17,83db4038017fc209fa7209840e5865ab,2021-01-03T18:03:00+00:00,Sun 2021-01-03 13:03,Detroit Lions,Minnesota Vikings,2021-01-03T17:55:00+00:00,0.13,1,53.5,3.0,25.25,28.25,15,14
2020,17,9d6a2c2719990b42778fd9fd05320428,2021-01-03T21:25:00+00:00,Sun 2021-01-03 16:25,Indianapolis Colts,Jacksonville Jaguars,2021-01-03T17:55:00+00:00,3.5,1,48.0,-15.5,31.75,16.25,14,14
2020,17,676d92426674debb1d4ed6581b448683,2021-01-03T21:25:00+00:00,Sun 2021-01-03 16:25,San Francisco 49ers,Seattle Seahawks,2021-01-03T17:55:00+00:00,3.5,1,45.0,7.0,19.0,26.0,14,14
2020,17,d74c7e3706c1ae6a981c1e149d0cf5ee,2021-01-03T21:25:00+00:00,Sun 2021-01-03 16:25,Carolina Panthers,New Orleans Saints,2021-01-03T17:55:00+00:00,3.5,1,46.5,6.0,20.25,26.25,14,14
2020,17,a3c5bd3acbcfd22ac29269c27f64e549,2021-01-03T21:25:00+00:00,Sun 2021-01-03 16:25,Denver Broncos,Las Vegas Raiders,2021-01-03T17:55:00+00:00,3.5,1,50.5,2.5,24.0,26.5,14,14
2020,17,51e43ca09704599cd854645ba6703784,2021-01-03T21:25:00+00:00,Sun 2021-01-03 16:25,Houston Texans,Tennessee Titans,2021-01-03T17:55:00+00:00,3.5,1,55.0,7.0,24.0,31.0,14,14
2020,17,cd3544e2d10cc082d75887505d981835,2021-01-03T21:25:00+00:00,Sun 2021-01-03 16:25,Chicago Bears,Green Bay Packers,2021-01-03T17:55:00+00:00,3.5,1,48.5,4.5,22.0,26.5,14,14
2020,17,344fdc96bbebf6c33617259e3b4b7c3f,2021-01-03T21:25:00+00:00,Sun 2021-01-03 16:25,Los Angeles Rams,Arizona Cardinals,2021-01-03T17:55:00+00:00,3.5,1,41.5,1.0,20.25,21.25,14,14
2020,17,6ed547c6dae59e3778060a2ab0b5da05,2021-01-03T21:25:00+00:00,Sun 2021-01-03 16:25,Kansas City Chiefs,Los Angeles Chargers,2021-01-03T17:55:00+00:00,3.5,1,43.0,6.5,18.25,24.75,13,13
2020,17,c559369e292f87afcc4485f99c8c9ece,2021-01-04T01:20:00+00:00,Sun 2021-01-03 20:20,Philadelphia Eagles,Washington Football Team,2021-01-03T17:55:00+00:00,7.42,0,43.0,6.5,18.25,24.75,14,14
2021,1,0d7aa75146894df88ca2a39f6dd55ee7,2021-09-12T17:00:00+00:00,Sun 2021-09-12 13:00,Washington Football Team,Los Angeles Chargers,2021-09-12T16:55:00+00:00,0.08,1,45.5,-2.0,23.75,21.75,13,17
2021,1,03f67404824aee9be3cba7bc3a2a3499,2021-09-12T17:00:00+00:00,Sun 2021-09-12 13:00,Tennessee Titans,Arizona Cardinals,2021-09-12T16:55:00+00:00,0.08,1,54.0,-2.5,28.25,25.75,13,17
2021,1,658843f757b400ecbc5587e8ed3e5521,2021-09-12T17:00:00+00:00,Sun 2021-09-12 13:00,Atlanta Falcons,Philadelphia Eagles,2021-09-12T16:55:00+00:00,0.08,1,48.5,-3.5,26.0,22.5,13,17
2021,1,51e4e3d8fe4d2ecf7f926b5049696f0e,2021-09-12T17:00:00+00:00,Sun 2021-09-12 13:00,Buffalo Bills,Pittsburgh Steelers,2021-09-12T16:55:00+00:00,0.08,1,48.0,-6.5,27.25,20.75,13,17
2021,1,d2f82f3973ced311faac8c6bd90b16b9,2021-09-12T17:00:00+00:00,Sun 2021-09-12 13:00,Carolina Panthers,New York Jets,2021-09-12T16:55:00+00:00,0.08,1,44.5,-3.5,24.0,20.5,13,17
2021,1,df1945f0dc7e51ce5ab11998d419fa8b,2021-09-12T17:00:00+00:00,Sun 2021-09-12 13:00,Houston Texans,Jacksonville Jaguars,2021-09-12T16:55:00+00:00,0.08,1,45.5,3.5,21.0,24.5,13,17
2021,1,ee25ac1aa64a6b33cfd7d42881e4f7b9,2021-09-12T17:00:00+00:00,Sun 2021-09-12 13:00,Detroit Lions,San Francisco 49ers,2021-09-12T16:55:00+00:00,0.08,1,46.0,9.5,18.25,27.75,13,17
2021,1,c1e42fa78b9a527487211c2dfccad8fb,2021-09-12T17:00:00+00:00,Sun 2021-09-12 13:00,Cincinnati Bengals,Minnesota Vikings,2021-09-12T16:55:00+00:00,0.08,1,47.0,3.0,22.0,25.0,13,17
2021,1,b5516c972c81428c57ba3b48db5b0e62,2021-09-12T17:00:00+00:00,Sun 2021-09-12 13:00,Indianapolis Colts,Seattle Seahawks,2021-09-12T16:55:00+00:00,0.08,1,49.0,3.0,23.0,26.0,13,17
2021,1,5d4a14b94b1ab4562d2ca7be18b81ca7,2021-09-12T20:25:00+00:00,Sun 2021-09-12 16:25,New England Patriots,Miami Dolphins,2021-09-12T16:55:00+00:00,3.5,1,43.5,-3.5,23.5,20.0,13,17
2021,1,5c0c300cf925426348c8a78a5e052ad9,2021-09-12T20:25:00+00:00,Sun 2021-09-12 16:25,New York Giants,Denver Broncos,2021-09-12T16:55:00+00:00,3.5,1,41.5,3.0,19.25,22.25,13,17
2021,1,482d8d1b546335a3384b20da8a60ae18,2021-09-12T20:25:00+00:00,Sun 2021-09-12 16:25,Kansas City Chiefs,Cleveland Browns,2021-09-12T16:55:00+00:00,3.5,1,54.5,-5.0,29.75,24.75,13,17
2021,1,5f904828399a9816c7b15b97a5794e23,2021-09-12T20:25:00+00:00,Sun 2021-09-12 16:25,New Orleans Saints,Green Bay Packers,2021-09-12T16:55:00+00:00,3.5,1,49.5,3.5,23.0,26.5,13,17
2021,1,43f9e49a1b6e0724c0a3222f800261c3,2021-09-13T00:20:00+00:00,Sun 2021-09-12 20:20,Los Angeles Rams,Chicago Bears,2021-09-12T16:55:00+00:00,7.42,0,46.5,-8.5,27.5,19.0,13,17
2021,1,caacd1ac6e507f6b01b78a6467756ab5,2021-09-14T00:15:00+00:00,Mon 2021-09-13 20:15,Las Vegas Raiders,Baltimore Ravens,2021-09-12T16:55:00+00:00,31.33,0,50.5,4.0,23.25,27.25,13,17
2021,2,0913c02fdcaf949f0d8cae3308b3135b,2021-09-17T00:20:00+00:00,Thu 2021-09-16 20:20,Washington Football Team,New York Giants,2021-09-12T16:55:00+00:00,103.42,0,43.0,-4.5,23.75,19.25,7,10
2021,2,0d87b53db2d31a306fc15a76ad9e37df,2021-09-19T17:00:00+00:00,Sun 2021-09-19 13:00,Philadelphia Eagles,San Francisco 49ers,2021-09-19T16:55:00+00:00,0.08,1,49.0,3.0,23.0,26.0,13,17
2021,2,12c1f035b58646d091ae3331f2800b40,2021-09-19T17:00:00+00:00,Sun 2021-09-19 13:00,Cleveland Browns,Houston Texans,2021-09-19T16:55:00+00:00,0.08,1,48.5,-13.5,31.0,17.5,13,17
2021,2,eeb8e29a5981e6e7b33bfc796178cfb3,2021-09-19T17:00:00+00:00,Sun 2021-09-19 13:00,Chicago Bears,Cincinnati Bengals,2021-09-19T16:55:00+00:00,0.08,1,44.5,-2.0,23.25,21.25,13,17
2021,2,6aae5487612a2c8f699b94b4e75649c0,2021-09-19T17:00:00+00:00,Sun 2021-09-19 13:00,Miami Dolphins,Buffalo Bills,2021-09-19T16:55:00+00:00,0.08,1,48.0,3.5,22.25,25.75,13,17
2021,2,07a60de53489a87b44040da4d246587f,2021-09-19T17:00:00+00:00,Sun 2021-09-19 13:00,Pittsburgh Steelers,Las Vegas Raiders,2021-09-19T16:55:00+00:00,0.08,1,46.5,-5.5,26.0,20.5,13,17
2021,2,e98f27d39fdafe116a11a50df3ae146e,2021-09-19T17:00:00+00:00,Sun 2021-09-19 13:00,Carolina Panthers,New Orleans Saints,2021-09-19T16:55:00+00:00,0.08,1,45.0,3.0,21.0,24.0,13,17
2021,2,5a1349f6644f479d53b169615d49936b,2021-09-19T17:00:00+00:00,Sun 2021-09-19 13:00,Jacksonville Jaguars,Denver Broncos,2021-09-19T16:55:00+00:00,0.08,1,45.0,6.0,19.5,25.5,13,17
2021,2,2d5de3425dc9b97f6cb97b6435fe46a6,2021-09-19T17:00:00+00:00,Sun 2021-09-19 13:00,Indianapolis Colts,Los Angeles Rams,2021-09-19T16:55:00+00:00,0.08,1,48.0,4.0,22.0,26.0,13,17
2021,2,70dade7c11f972847dc518a379003804,2021-09-19T17:00:00+00:00,Sun 2021-09-19 13:00,New York Jets,New England Patriots,2021-09-19T16:55:00+00:00,0.08,1,43.0,5.5,18.75,24.25,13,17
2021,2,16a80e7ed9a8c42dd1bc5e00b0490e0b,2021-09-19T17:01:00+00:00,Sun 2021-09-19 13:01,Indianapolis Colts,Los Angeles Rams,2021-09-12T16:55:00+00:00,168.1,1,47.75,3.0,22.38,25.38,4,5
2021,2,c41550a79d22baae24231c2e2e36e4bf,2021-09-19T17:01:00+00:00,Sun 2021-09-19 13:01,New York Jets,New England Patriots,2021-09-12T16:55:00+00:00,168.1,1,44.0,3.5,20.25,23.75,4,5
2021,2,22474ba327392df25bf7ad4f4287b988,2021-09-19T20:05:00+00:00,Sun 2021-09-19 16:05,Arizona Cardinals,Minnesota Vikings,2021-09-19T16:55:00+00:00,3.17,1,50.5,-3.5,27.0,23.5,13,17
2021,2,6787dea74b568751b7f44e9e808abf0b,2021-09-19T20:05:00+00:00,Sun 2021-09-19 16:05,Tampa Bay Buccaneers,Atlanta Falcons,2021-09-19T16:55:00+00:00,3.17,1,51.5,-12.5,32.0,19.5,13,17
2021,2,be4f9a35034499829aa7d757e7424ecc,2021-09-19T20:25:00+00:00,Sun 2021-09-19 16:25,Seattle Seahawks,Tennessee Titans,2021-09-19T16:55:00+00:00,3.5,1,54.0,-6.0,30.0,24.0,13,17
2021,2,69e23dfaf61d79ee48f864bef7feef4e,2021-09-19T20:25:00+00:00,Sun 2021-09-19 16:25,Los Angeles Chargers,Dallas Cowboys,2021-09-19T16:55:00+00:00,3.5,1,55.0,-3.0,29.0,26.0,13,17
2021,2,3d9220ffe13a2abc39b84b021852f037,2021-09-20T00:20:00+00:00,Sun 2021-09-19 20:20,Baltimore Ravens,Kansas City Chiefs,2021-09-19T16:55:00+00:00,7.42,0,53.5,3.5,25.0,28.5,13,17
2021,2,55e13177c8015e409080aee6608d09fc,2021-09-21T00:15:00+00:00,Mon 2021-09-20 20:15,Green Bay Packers,Detroit Lions,2021-09-12T16:55:00+00:00,199.33,0,48.0,-12.5,30.25,17.75,7,10
2021,2,d58f9b6b4c0d4ec5d1487496625f4218,2021-09-21T00:15:00+00:00,Mon 2021-09-20 20:15,Green Bay Packers,Detroit Lions,2021-09-19T16:55:00+00:00,31.33,0,48.5,-11.5,30.0,18.5,13,17
2021,3,99fadfbed4ed3f01fd853656d892f0d3,2021-09-26T17:00:00+00:00,Sun 2021-09-26 13:00,Kansas City Chiefs,Los Angeles Chargers,2021-09-26T16:55:00+00:00,0.08,1,54.5,-7.0,30.75,23.75,13,17
2021,3,c7ed15c79bb16d393ad2fa3a3e91bb19,2021-09-26T17:00:00+00:00,Sun 2021-09-26 13:00,Tennessee Titans,Indianapolis Colts,2021-09-26T16:55:00+00:00,0.08,1,47.0,-4.5,25.75,21.25,13,17
2021,3,d8fa2b97d4d4de418f9b3a9e3d5dc195,2021-09-26T17:00:00+00:00,Sun 2021-09-26 13:00,Detroit Lions,Baltimore Ravens,2021-09-26T16:55:00+00:00,0.08,1,51.0,7.5,21.75,29.25,13,17
2021,3,8151eaa93d20fd1424c2f075557661a8,2021-09-26T17:00:00+00:00,Sun 2021-09-26 13:00,Buffalo Bills,Washington Football Team,2021-09-26T16:55:00+00:00,0.08,1,45.5,-7.0,26.25,19.25,13,17
2021,3,35347e35904be994a62111e53b7c9eaf,2021-09-26T17:00:00+00:00,Sun 2021-09-26 13:00,Cleveland Browns,Chicago Bears,2021-09-26T16:55:00+00:00,0.08,1,45.0,-7.5,26.25,18.75,13,17
2021,3,2be4bc13f4a7948cf75d3239782304df,2021-09-26T17:00:00+00:00,Sun 2021-09-26 13:00,Jacksonville Jaguars,Arizona Cardinals,2021-09-26T16:55:00+00:00,0.08,1,51.5,8.0,21.75,29.75,13,17
2021,3,5d215f78d1909302b0c4d6ac435a8c3f,2021-09-26T17:00:00+00:00,Sun 2021-09-26 13:00,New England Patriots,New Orleans Saints,2021-09-26T16:55:00+00:00,0.08,1,43.5,-3.0,23.25,20.25,13,16
2021,3,2c72093547bb9b335a7ae3b084a00588,2021-09-26T17:00:00+00:00,Sun 2021-09-26 13:00,New York Giants,Atlanta Falcons,2021-09-26T16:55:00+00:00,0.08,1,47.5,-2.5,25.0,22.5,13,17
2021,3,a6f9a1f48ac3ed770311c49dea2ec8eb,2021-09-26T17:00:00+00:00,Sun 2021-09-26 13:00,Pittsburgh Steelers,Cincinnati Bengals,2021-09-26T16:55:00+00:00,0.08,1,42.0,-2.5,22.25,19.75,13,17
2021,3,eb73da4463fddd6bd3ea0c3c5b70b9ba,2021-09-26T20:05:00+00:00,Sun 2021-09-26 16:05,Las Vegas Raiders,Miami Dolphins,2021-09-26T16:55:00+00:00,3.17,1,45.0,-3.5,24.25,20.75,13,17
2021,3,d7217912f6d99529094d912ebdb03f70,2021-09-26T20:05:00+00:00,Sun 2021-09-26 16:05,Denver Broncos,New York Jets,2021-09-26T16:55:00+00:00,3.17,1,41.5,-10.0,25.75,15.75,13,17
2021,3,6aff3bfce90a8c551fcdf36757733da4,2021-09-26T20:25:00+00:00,Sun 2021-09-26 16:25,Los Angeles Rams,Tampa Bay Buccaneers,2021-09-26T16:55:00+00:00,3.5,1,55.5,0.5,27.5,28.0,13,16
2021,3,7b05a3e3748648b48a8e6370c38a214a,2021-09-26T20:25:00+00:00,Sun 2021-09-26 16:25,Minnesota Vikings,Seattle Seahawks,2021-09-26T16:55:00+00:00,3.5,1,54.0,2.0,26.0,28.0,13,17
2021,3,bad707592cbd8576362a0984fc25157d,2021-09-27T00:20:00+00:00,Sun 2021-09-26 20:20,San Francisco 49ers,Green Bay Packers,2021-09-26T16:55:00+00:00,7.42,0,50.5,-3.0,26.75,23.75,13,17
2021,3,0fa777790c176999c224d0dba4db386b,2021-09-28T00:15:00+00:00,Mon 2021-09-27 20:15,Dallas Cowboys,Philadelphia Eagles,2021-09-26T16:55:00+00:00,31.33,0,51.5,-3.5,27.5,24.0,13,16
2021,4,9eec062ad8ed334517ab3a4be8362739,2021-10-01T00:20:00+00:00,Thu 2021-09-30 20:20,Cincinnati Bengals,Jacksonville Jaguars,2021-09-12T16:55:00+00:00,439.42,0,47.0,-2.5,24.75,22.25,1,1
2021,4,39de628fa84329d9e234dc7a3fe20d32,2021-10-03T17:00:00+00:00,Sun 2021-10-03 13:00,Atlanta Falcons,Washington Football Team,2021-10-03T16:55:00+00:00,0.08,1,47.5,2.0,22.75,24.75,16,17
2021,4,d8faac20c69edde183b4ecca43b94145,2021-10-03T17:00:00+00:00,Sun 2021-10-03 13:00,Buffalo Bills,Houston Texans,2021-10-03T16:55:00+00:00,0.08,1,47.5,-18.5,33.0,14.5,16,17
2021,4,ee4a2b3e79ad9a6eb64dbab811139bd4,2021-10-03T17:00:00+00:00,Sun 2021-10-03 13:00,Chicago Bears,Detroit Lions,2021-10-03T16:55:00+00:00,0.08,1,41.5,-3.0,22.25,19.25,16,16
2021,4,2ea133a9b969b44212f00b24b52c5f33,2021-10-03T17:00:00+00:00,Sun 2021-10-03 13:00,New Orleans Saints,New York Giants,2021-10-03T16:55:00+00:00,0.08,1,42.5,-7.0,24.75,17.75,16,16
2021,4,d0ff052880fd68911658e7997786b6f5,2021-10-03T17:00:00+00:00,Sun 2021-10-03 13:00,New York Jets,Tennessee Titans,2021-10-03T16:55:00+00:00,0.08,1,44.5,5.5,19.5,25.0,16,17
2021,4,cfe768aee4c7829962a5880e11e9a456,2021-10-03T17:00:00+00:00,Sun 2021-10-03 13:00,Minnesota Vikings,Cleveland Browns,2021-10-03T16:55:00+00:00,0.08,1,51.5,0.5,25.5,26.0,16,17
2021,4,163d9eab97c682de5aeafcafc51c9781,2021-10-03T17:00:00+00:00,Sun 2021-10-03 13:00,Miami Dolphins,Indianapolis Colts,2021-10-03T16:55:00+00:00,0.08,1,42.0,-2.5,22.25,19.75,16,17
2021,4,4b9fa9bd5f923c2680b378be11aeb592,2021-10-03T17:00:00+00:00,Sun 2021-10-03 13:00,Dallas Cowboys,Carolina Panthers,2021-10-03T16:55:00+00:00,0.08,1,51.5,-4.5,28.0,23.5,16,17
2021,4,17fbfd978fcc7656b35bf051edac7b42,2021-10-03T17:00:00+00:00,Sun 2021-10-03 13:00,Philadelphia Eagles,Kansas City Chiefs,2021-10-03T16:55:00+00:00,0.08,1,54.0,7.0,23.5,30.5,16,16
2021,4,9d9e2853fd40c424bf8444efb8ff20ca,2021-10-03T20:05:00+00:00,Sun 2021-10-03 16:05,Los Angeles Rams,Arizona Cardinals,2021-10-03T16:55:00+00:00,3.17,1,54.0,-3.5,28.75,25.25,16,17
2021,4,0a99b34172fb0c53a8c2c4b8c919b000,2021-10-03T20:05:00+00:00,Sun 2021-10-03 16:05,San Francisco 49ers,Seattle Seahawks,2021-10-03T16:55:00+00:00,3.17,1,52.0,-2.5,27.25,24.75,16,17
2021,4,296dbc556d2e5fa43fcf16c2293abc61,2021-10-03T20:25:00+00:00,Sun 2021-10-03 16:25,Denver Broncos,Baltimore Ravens,2021-10-03T16:55:00+00:00,3.5,1,44.0,-1.0,22.5,21.5,16,17
2021,4,454db345fe427f1b73e86bd6f78622b8,2021-10-03T20:25:00+00:00,Sun 2021-10-03 16:25,Green Bay Packers,Pittsburgh Steelers,2021-10-03T16:55:00+00:00,3.5,1,45.0,-6.0,25.5,19.5,16,17
2021,4,27e8ed64dfeee5c3787894d362dd58de,2021-10-04T00:20:00+00:00,Sun 2021-10-03 20:20,New England Patriots,Tampa Bay Buccaneers,2021-10-03T16:55:00+00:00,7.42,0,49.5,6.5,21.5,28.0,16,16
2021,4,9724b9e8f42dbac26fa842e99af614e6,2021-10-05T00:15:00+00:00,Mon 2021-10-04 20:15,Los Angeles Chargers,Las Vegas Raiders,2021-10-03T16:55:00+00:00,31.33,0,51.5,-3.0,27.25,24.25,16,17
2021,5,b8457ab85fb188c561156eafbc6f2fdb,2021-10-08T00:20:00+00:00,Thu 2021-10-07 20:20,Seattle Seahawks,Los Angeles Rams,2021-09-12T16:55:00+00:00,607.42,0,48.0,-1.0,24.5,23.5,1,1
2021,5,846314e04024c8069c82cb40159815ae,2021-10-10T17:00:00+00:00,Sun 2021-10-10 13:00,Carolina Panthers,Philadelphia Eagles,2021-10-10T16:55:00+00:00,0.08,1,46.0,-2.5,24.25,21.75,14,15
2021,5,dcea4caaa8470c9f821053b6586550ee,2021-10-10T17:00:00+00:00,Sun 2021-10-10 13:00,Washington Football Team,New Orleans Saints,2021-10-10T16:55:00+00:00,0.08,1,43.5,2.5,20.5,23.0,14,16
2021,5,53e27f7b2584a8dda5ca8e26930f8f46,2021-10-10T17:00:00+00:00,Sun 2021-10-10 13:00,Minnesota Vikings,Detroit Lions,2021-10-10T16:55:00+00:00,0.08,1,49.5,-10.0,29.75,19.75,14,16
2021,5,1aa4fb20ee206ae7b4993a1d2ede9f9c,2021-10-10T17:00:00+00:00,Sun 2021-10-10 13:00,Pittsburgh Steelers,Denver Broncos,2021-10-10T16:55:00+00:00,0.08,1,39.5,1.5,19.0,20.5,14,16
2021,5,f77283e0f47cd7ae46633b623d7e74c1,2021-10-10T17:00:00+00:00,Sun 2021-10-10 13:00,Cincinnati Bengals,Green Bay Packers,2021-10-10T16:55:00+00:00,0.08,1,50.5,2.5,24.0,26.5,14,16
2021,5,d7baaed1b53ad274a2c74bb17b62ed17,2021-10-10T17:00:00+00:00,Sun 2021-10-10 13:00,Jacksonville Jaguars,Tennessee Titans,2021-10-10T16:55:00+00:00,0.08,1,48.5,4.5,22.0,26.5,14,16
2021,5,c303ec3bfa8aa815e395a6844db4a149,2021-10-10T17:00:00+00:00,Sun 2021-10-10 13:00,Houston Texans,New England Patriots,2021-10-10T16:55:00+00:00,0.08,1,39.0,8.0,15.5,23.5,14,16
2021,5,9609a43b2921e33e182b233c65769a13,2021-10-10T17:00:00+00:00,Sun 2021-10-10 13:00,Tampa Bay Buccaneers,Miami Dolphins,2021-10-10T16:55:00+00:00,0.08,1,48.0,-11.0,29.5,18.5,14,16
2021,5,5495c89c5e58ca192945d57b46e5c1b8,2021-10-10T20:05:00+00:00,Sun 2021-10-10 16:05,Las Vegas Raiders,Chicago Bears,2021-10-10T16:55:00+00:00,3.17,1,46.0,-5.5,25.75,20.25,14,16
2021,5,571b5b268e0656d273132c71b435beac,2021-10-10T20:05:00+00:00,Sun 2021-10-10 16:05,Los Angeles Chargers,Cleveland Browns,2021-10-10T16:55:00+00:00,3.17,1,47.0,-2.5,24.75,22.25,14,16
2021,5,8f2132335c0d79e1475650f8a009956d,2021-10-10T20:25:00+00:00,Sun 2021-10-10 16:25,Dallas Cowboys,New York Giants,2021-10-10T16:55:00+00:00,3.5,1,52.5,-7.0,29.75,22.75,14,16
2021,5,51b73f9e8a941e729544e94aa8f993e2,2021-10-10T20:25:00+00:00,Sun 2021-10-10 16:25,Arizona Cardinals,San Francisco 49ers,2021-10-10T16:55:00+00:00,3.5,1,48.5,-5.5,27.0,21.5,14,16
2021,5,63b8672d71f081c56b65d533ced60370,2021-10-11T00:20:00+00:00,Sun 2021-10-10 20:20,Kansas City Chiefs,Buffalo Bills,2021-09-12T16:55:00+00:00,679.42,0,54.5,-3.5,29.0,25.5,1,6
2021,5,f302a94b34cf82e692c7edced0d57168,2021-10-11T00:20:00+00:00,Sun 2021-10-10 20:20,Kansas City Chiefs,Buffalo Bills,2021-10-10T16:55:00+00:00,7.42,0,56.5,-3.0,29.75,26.75,14,16
2021,5,5a7c53cd725a872baf0fff55a514d736,2021-10-12T00:15:00+00:00,Mon 2021-10-11 20:15,Baltimore Ravens,Indianapolis Colts,2021-10-10T16:55:00+00:00,31.33,0,46.0,-7.0,26.5,19.5,14,16
2021,6,e0ec33168c7cdba58b64a739af027c34,2021-10-17T17:00:00+00:00,Sun 2021-10-17 13:00,Chicago Bears,Green Bay Packers,2021-10-17T16:55:00+00:00,0.08,1,44.0,5.5,19.25,24.75,15,17
2021,6,cab822117ef13f5dc5f05ceee1baa3e1,2021-10-17T17:00:00+00:00,Sun 2021-10-17 13:00,Carolina Panthers,Minnesota Vikings,2021-10-17T16:55:00+00:00,0.08,1,45.5,2.5,21.5,24.0,15,17
2021,6,cdc24589d159431363366cac8b107f90,2021-10-17T17:00:00+00:00,Sun 2021-10-17 13:00,Detroit Lions,Cincinnati Bengals,2021-10-17T16:55:00+00:00,0.08,1,46.5,3.5,21.5,25.0,15,17
2021,6,dd41fe7f7e3b02c404c7397971f95da3,2021-10-17T17:00:00+00:00,Sun 2021-10-17 13:00,New York Giants,Los Angeles Rams,2021-10-17T16:55:00+00:00,0.08,1,49.0,7.5,20.75,28.25,15,17
2021,6,d89a61ecb57114fefd446a560b9a1fbe,2021-10-17T17:00:00+00:00,Sun 2021-10-17 13:00,Washington Football Team,Kansas City Chiefs,2021-10-17T16:55:00+00:00,0.08,1,54.0,6.5,23.75,30.25,15,17
2021,6,6516d21bfbbf921cb8575c6d13860b1b,2021-10-17T17:00:00+00:00,Sun 2021-10-17 13:00,Indianapolis Colts,Houston Texans,2021-10-17T16:55:00+00:00,0.08,1,44.5,-11.5,28.0,16.5,15,17
2021,6,843c52c37232e6900342f7810b7cddc4,2021-10-17T17:00:00+00:00,Sun 2021-10-17 13:00,Baltimore Ravens,Los Angeles Chargers,2021-10-17T16:55:00+00:00,0.08,1,51.0,-3.0,27.0,24.0,15,17
2021,6,d0460ec790b51fbb4cc28440fed43496,2021-10-17T20:05:00+00:00,Sun 2021-10-17 16:05,Cleveland Browns,Arizona Cardinals,2021-10-17T16:55:00+00:00,3.17,1,48.0,-3.0,25.5,22.5,15,17
2021,6,e2513deb227d07b726e4420f829602e7,2021-10-17T20:25:00+00:00,Sun 2021-10-17 16:25,New England Patriots,Dallas Cowboys,2021-10-17T16:55:00+00:00,3.5,1,50.5,3.5,23.5,27.0,15,17
2021,6,4c088e9c5f6ec6bf6b2231e9dd198fb8,2021-10-17T20:25:00+00:00,Sun 2021-10-17 16:25,Denver Broncos,Las Vegas Raiders,2021-10-17T16:55:00+00:00,3.5,1,44.5,-5.0,24.75,19.75,15,17
2021,6,8e58cfbf1290711988ea7b1e178ebe67,2021-10-18T00:20:00+00:00,Sun 2021-10-17 20:20,Pittsburgh Steelers,Seattle Seahawks,2021-10-17T16:55:00+00:00,7.42,0,43.0,-5.0,24.0,19.0,15,17
2021,6,4edd5ce090a3ec6192053b10d27b87b0,2021-10-19T00:15:00+00:00,Mon 2021-10-18 20:15,Tennessee Titans,Buffalo Bills,2021-10-17T16:55:00+00:00,31.33,0,53.5,5.5,24.0,29.5,15,17
2021,7,0c49160ab7bcbec434da22a7e8c25d55,2021-10-24T17:00:00+00:00,Sun 2021-10-24 13:00,Baltimore Ravens,Cincinnati Bengals,2021-10-24T16:55:00+00:00,0.08,1,46.0,-6.5,26.25,19.75,19,19
2021,7,e1900ab100ea7665bd5c3c4791d1dc2f,2021-10-24T17:00:00+00:00,Sun 2021-10-24 13:00,Miami Dolphins,Atlanta Falcons,2021-10-24T16:55:00+00:00,0.08,1,48.0,1.5,23.25,24.75,19,19
2021,7,0003344c16cd031ed44220b285f84068,2021-10-24T17:00:00+00:00,Sun 2021-10-24 13:00,Green Bay Packers,Washington Football Team,2021-10-24T16:55:00+00:00,0.08,1,48.0,-8.5,28.25,19.75,19,19
2021,7,b19a1c6d5fa7a2b49bb260e74ba55b9f,2021-10-24T17:00:00+00:00,Sun 2021-10-24 13:00,New England Patriots,New York Jets,2021-10-24T16:55:00+00:00,0.08,1,42.5,-7.0,24.75,17.75,19,19
2021,7,3856ef255348bc53abe65de9778bc5d1,2021-10-24T17:00:00+00:00,Sun 2021-10-24 13:00,New York Giants,Carolina Panthers,2021-10-24T16:55:00+00:00,0.08,1,43.0,3.0,20.0,23.0,19,19
2021,7,415e8d0b63e0bc341f3a5a894f456ed2,2021-10-24T17:00:00+00:00,Sun 2021-10-24 13:00,Tennessee Titans,Kansas City Chiefs,2021-10-24T16:55:00+00:00,0.08,1,58.5,4.0,27.25,31.25,19,19
2021,7,b5b240a1e65959d8653c54d7379cdc89,2021-10-24T20:05:00+00:00,Sun 2021-10-24 16:05,Los Angeles Rams,Detroit Lions,2021-10-24T16:55:00+00:00,3.17,1,50.5,-16.5,33.5,17.0,19,19
2021,7,077639a0b001a8423105bcf504a80daa,2021-10-24T20:05:00+00:00,Sun 2021-10-24 16:05,Las Vegas Raiders,Philadelphia Eagles,2021-10-24T16:55:00+00:00,3.17,1,48.5,-2.0,25.25,23.25,19,19
2021,7,79013b87b8dd14f11065e108a04f9a9d,2021-10-24T20:25:00+00:00,Sun 2021-10-24 16:25,Tampa Bay Buccaneers,Chicago Bears,2021-10-24T16:55:00+00:00,3.5,1,47.0,-11.5,29.25,17.75,19,19
2021,7,d5f8ac38f6cc5273698ecf837f42fff5,2021-10-24T20:25:00+00:00,Sun 2021-10-24 16:25,Arizona Cardinals,Houston Texans,2021-10-24T16:55:00+00:00,3.5,1,47.5,-20.0,33.75,13.75,19,19
2021,7,a05aecadc8f6612821f7a84d1c6fbd50,2021-10-25T00:20:00+00:00,Sun 2021-10-24 20:20,San Francisco 49ers,Indianapolis Colts,2021-09-12T16:55:00+00:00,1015.42,0,45.0,-6.0,25.5,19.5,1,1
2021,7,826fdfbe7ad0b30da14ce7cba80d7140,2021-10-25T00:20:00+00:00,Sun 2021-10-24 20:20,San Francisco 49ers,Indianapolis Colts,2021-10-24T16:55:00+00:00,7.42,0,42.0,-3.5,22.75,19.25,19,18
2021,7,5cba302159a558053c4e64b0101b5e19,2021-10-26T00:15:00+00:00,Mon 2021-10-25 20:15,Seattle Seahawks,New Orleans Saints,2021-10-24T16:55:00+00:00,31.33,0,42.5,4.0,19.25,23.25,19,19
2021,8,41058173619a6a1c3ab4df1882d86f56,2021-10-31T17:00:00+00:00,Sun 2021-10-31 13:00,Chicago Bears,San Francisco 49ers,2021-10-31T16:55:00+00:00,0.08,1,40.0,4.5,17.75,22.25,19,19
2021,8,eccc804c4260133ea31c3e912567594e,2021-10-31T17:00:00+00:00,Sun 2021-10-31 13:00,Indianapolis Colts,Tennessee Titans,2021-10-31T16:55:00+00:00,0.08,1,51.0,-3.0,27.0,24.0,19,19
2021,8,1237fd1355178ee3de1ab264d8edc7e2,2021-10-31T17:00:00+00:00,Sun 2021-10-31 13:00,Buffalo Bills,Miami Dolphins,2021-10-31T16:55:00+00:00,0.08,1,48.5,-14.5,31.5,17.0,19,19
2021,8,775840d0a473ff9dc9c97ee59bfadc4b,2021-10-31T17:00:00+00:00,Sun 2021-10-31 13:00,Atlanta Falcons,Carolina Panthers,2021-10-31T16:55:00+00:00,0.08,1,46.5,-2.5,24.5,22.0,19,19
2021,8,8edd9c063550a6f50c91521eb7b91936,2021-10-31T17:00:00+00:00,Sun 2021-10-31 13:00,Detroit Lions,Philadelphia Eagles,2021-10-31T16:55:00+00:00,0.08,1,48.0,3.0,22.5,25.5,19,19
2021,8,9cb172d2de582817e9550812a7c88728,2021-10-31T17:00:00+00:00,Sun 2021-10-31 13:00,Houston Texans,Los Angeles Rams,2021-10-31T16:55:00+00:00,0.08,1,47.0,16.5,15.25,31.75,19,19
2021,8,717af47d3cd2577eedc6154e977ffe05,2021-10-31T17:00:00+00:00,Sun 2021-10-31 13:00,Cleveland Browns,Pittsburgh Steelers,2021-10-31T16:55:00+00:00,0.08,1,43.0,-5.5,24.25,18.75,19,19
2021,8,b0035e0bb270c1ce90f6fe5b84f679f8,2021-10-31T17:00:00+00:00,Sun 2021-10-31 13:00,New York Jets,Cincinnati Bengals,2021-10-31T16:55:00+00:00,0.08,1,43.0,11.5,15.75,27.25,19,19
2021,8,bf98a13fe948d4c8454e9c60217d2fe5,2021-10-31T20:05:00+00:00,Sun 2021-10-31 16:05,Los Angeles Chargers,New England Patriots,2021-10-31T16:55:00+00:00,3.17,1,50.5,-4.0,27.25,23.25,19,19
2021,8,a0e3cf06741470e6fce9df61a04683cf,2021-10-31T20:05:00+00:00,Sun 2021-10-31 16:05,Seattle Seahawks,Jacksonville Jaguars,2021-10-31T16:55:00+00:00,3.17,1,44.5,-4.0,24.25,20.25,19,19
2021,8,4ee15966b4691c58ca88880fc43e8b51,2021-10-31T20:25:00+00:00,Sun 2021-10-31 16:25,Denver Broncos,Washington Football Team,2021-10-31T16:55:00+00:00,3.5,1,44.5,-4.0,24.25,20.25,19,19
2021,8,913025ddb9bebcfbba2ac1bede26495c,2021-10-31T20:25:00+00:00,Sun 2021-10-31 16:25,New Orleans Saints,Tampa Bay Buccaneers,2021-10-31T16:55:00+00:00,3.5,1,48.5,4.0,22.25,26.25,19,19
2021,8,03d5388ef4ce1cda376e8de6fab0f769,2021-11-01T00:20:00+00:00,Sun 2021-10-31 20:20,Minnesota Vikings,Dallas Cowboys,2021-10-31T16:55:00+00:00,7.42,0,52.0,-2.5,27.25,24.75,19,19
2021,8,2aa28705315c5b718a75fe9e33ad8632,2021-11-02T00:15:00+00:00,Mon 2021-11-01 20:15,Kansas City Chiefs,New York Giants,2021-10-31T16:55:00+00:00,31.33,0,52.0,-10.0,31.0,21.0,19,19
2021,9,eac139db498221cf28fc46c14bae399a,2021-11-07T18:00:00+00:00,Sun 2021-11-07 13:00,Miami Dolphins,Houston Texans,2021-11-07T17:55:00+00:00,0.08,1,45.0,-4.0,24.5,20.5,19,19
2021,9,623bcdb1c710ee5347c4c070e0c1856d,2021-11-07T18:00:00+00:00,Sun 2021-11-07 13:00,Jacksonville Jaguars,Buffalo Bills,2021-11-07T17:55:00+00:00,0.08,1,48.5,14.5,17.0,31.5,19,19
2021,9,8f3e2a644253e2589b38ae2ca280c7cc,2021-11-07T18:00:00+00:00,Sun 2021-11-07 13:00,Cincinnati Bengals,Cleveland Browns,2021-11-07T17:55:00+00:00,0.08,1,47.5,-2.0,24.75,22.75,19,19
2021,9,d4a7f8299791c1ba60b1c3e002054c55,2021-11-07T18:00:00+00:00,Sun 2021-11-07 13:00,Carolina Panthers,New England Patriots,2021-11-07T17:55:00+00:00,0.08,1,41.5,3.5,19.0,22.5,19,19
2021,9,e8d6d02dc836b9761fdd58f9e2b8d2c4,2021-11-07T18:00:00+00:00,Sun 2021-11-07 13:00,Baltimore Ravens,Minnesota Vikings,2021-11-07T17:55:00+00:00,0.08,1,51.0,-7.0,29.0,22.0,19,19
2021,9,6c4ea0b5de3e9ab466bb3d7cefa57464,2021-11-07T18:00:00+00:00,Sun 2021-11-07 13:00,New Orleans Saints,Atlanta Falcons,2021-11-07T17:55:00+00:00,0.08,1,43.0,-6.5,24.75,18.25,19,19
2021,9,5049c0660f7462458bee767613fbc19d,2021-11-07T18:00:00+00:00,Sun 2021-11-07 13:00,Dallas Cowboys,Denver Broncos,2021-11-07T17:55:00+00:00,0.08,1,50.0,-10.0,30.0,20.0,19,19
2021,9,e203433f4acd09b7b5584013e985d2e1,2021-11-07T18:00:00+00:00,Sun 2021-11-07 13:00,New York Giants,Las Vegas Raiders,2021-11-07T17:55:00+00:00,0.08,1,46.5,3.0,21.75,24.75,19,19
2021,9,4d464efab63906984b16c5c1afa022d2,2021-11-07T21:05:00+00:00,Sun 2021-11-07 16:05,Philadelphia Eagles,Los Angeles Chargers,2021-11-07T17:55:00+00:00,3.17,1,49.5,0.5,24.5,25.0,19,18
2021,9,a26bfdf650fe5c88660b5b5cb687bb13,2021-11-07T21:25:00+00:00,Sun 2021-11-07 16:25,San Francisco 49ers,Arizona Cardinals,2021-11-07T17:55:00+00:00,3.5,1,44.5,-4.0,24.25,20.25,19,19
2021,9,abd1c8e022f4b0a6f91c9ccdc700ea55,2021-11-07T21:25:00+00:00,Sun 2021-11-07 16:25,Kansas City Chiefs,Green Bay Packers,2021-11-07T17:55:00+00:00,3.5,1,48.0,-7.0,27.5,20.5,19,19
2021,9,6164667ca4b84ce83d157067a80698e7,2021-11-08T01:20:00+00:00,Sun 2021-11-07 20:20,Los Angeles Rams,Tennessee Titans,2021-11-07T17:55:00+00:00,7.42,0,53.0,-7.5,30.25,22.75,19,19
2021,9,c7cc55e0c0dc390c1844b976c2a8fd6f,2021-11-09T01:15:00+00:00,Mon 2021-11-08 20:15,Pittsburgh Steelers,Chicago Bears,2021-11-07T17:55:00+00:00,31.33,0,39.0,-6.5,22.75,16.25,19,19
2021,10,863ad90ffa12aae82d1692eb3bd84cfa,2021-11-14T18:00:00+00:00,Sun 2021-11-14 13:00,Pittsburgh Steelers,Detroit Lions,2021-11-14T17:55:00+00:00,0.08,1,40.5,-5.5,23.0,17.5,19,19
2021,10,659f4ea64ad714da6dc0bf5b51b50b8a,2021-11-14T18:00:00+00:00,Sun 2021-11-14 13:00,Indianapolis Colts,Jacksonville Jaguars,2021-11-14T17:55:00+00:00,0.08,1,48.0,-10.5,29.25,18.75,19,19
2021,10,db0f29bd1b7941439ac2eaed8048f29d,2021-11-14T18:00:00+00:00,Sun 2021-11-14 13:00,New England Patriots,Cleveland Browns,2021-11-14T17:55:00+00:00,0.08,1,44.5,-2.5,23.5,21.0,19,19
2021,10,36d1de2eae1d529ecee8ffdd510063df,2021-11-14T18:00:00+00:00,Sun 2021-11-14 13:00,Dallas Cowboys,Atlanta Falcons,2021-11-14T17:55:00+00:00,0.08,1,55.0,-7.5,31.25,23.75,19,19
2021,10,57bd24ad4ab673b8035169a0d0083f88,2021-11-14T18:00:00+00:00,Sun 2021-11-14 13:00,New York Jets,Buffalo Bills,2021-11-14T17:55:00+00:00,0.08,1,48.5,13.5,17.5,31.0,19,19
2021,10,71de33ddaf7ddcdc120fbe8718b4f038,2021-11-14T18:00:00+00:00,Sun 2021-11-14 13:00,Washington Football Team,Tampa Bay Buccaneers,2021-11-14T17:55:00+00:00,0.08,1,50.5,9.5,20.5,30.0,19,19
2021,10,f42ac116a9d79a21c7669ab7e7d677b1,2021-11-14T18:00:00+00:00,Sun 2021-11-14 13:00,Tennessee Titans,New Orleans Saints,2021-11-14T17:55:00+00:00,0.08,1,42.5,-3.0,22.75,19.75,19,19
2021,10,b2ac4ab0109fa53c43c6d8c2e751d70e,2021-11-14T21:05:00+00:00,Sun 2021-11-14 16:05,Los Angeles Chargers,Minnesota Vikings,2021-11-14T17:55:00+00:00,3.17,1,53.5,-3.5,28.5,25.0,19,19
2021,10,929ae217e875a862b94f75f92ff3b881,2021-11-14T21:05:00+00:00,Sun 2021-11-14 16:05,Arizona Cardinals,Carolina Panthers,2021-11-14T17:55:00+00:00,3.17,1,41.5,-7.5,24.5,17.0,19,19
2021,10,9c88e5e23e52696bca5ace2f3dd62878,2021-11-14T21:25:00+00:00,Sun 2021-11-14 16:25,Green Bay Packers,Seattle Seahawks,2021-11-14T17:55:00+00:00,3.5,1,49.0,-3.0,26.0,23.0,19,19
2021,10,9df350f6d801e960704bf25317d85497,2021-11-14T21:25:00+00:00,Sun 2021-11-14 16:25,Denver Broncos,Philadelphia Eagles,2021-11-14T17:55:00+00:00,3.5,1,44.5,-1.0,22.75,21.75,19,19
2021,10,0f8e9e6aad1ea7bee577635a8e98cff6,2021-11-15T01:20:00+00:00,Sun 2021-11-14 20:20,Las Vegas Raiders,Kansas City Chiefs,2021-11-14T17:55:00+00:00,7.42,0,52.5,2.5,25.0,27.5,19,18
2021,10,694bbb5a7b7c83efbcc06bd87e876d45,2021-11-16T01:15:00+00:00,Mon 2021-11-15 20:15,San Francisco 49ers,Los Angeles Rams,2021-11-14T17:55:00+00:00,31.33,0,50.0,3.5,23.25,26.75,19,19
2021,11,28a5d7f9583e72c41f9dc64b356c9745,2021-11-21T18:00:00+00:00,Sun 2021-11-21 13:00,Buffalo Bills,Indianapolis Colts,2021-11-21T17:55:00+00:00,0.08,1,49.5,-7.0,28.25,21.25,19,19
2021,11,2f48eb98efd9b6e78f77b26fbcef9c08,2021-11-21T18:00:00+00:00,Sun 2021-11-21 13:00,New York Jets,Miami Dolphins,2021-11-21T17:55:00+00:00,0.08,1,44.5,3.75,20.38,24.12,19,18
2021,11,895125b9cabf2adc0cea4a41d3160e9e,2021-11-21T18:00:00+00:00,Sun 2021-11-21 13:00,Carolina Panthers,Washington Football Team,2021-11-21T17:55:00+00:00,0.08,1,43.0,-3.0,23.0,20.0,19,18
2021,11,a1539d3a46bd8a25219e57e9ff47ce67,2021-11-21T18:00:00+00:00,Sun 2021-11-21 13:00,Chicago Bears,Baltimore Ravens,2021-11-21T17:55:00+00:00,0.08,1,40.5,1.25,19.62,20.88,17,18
2021,11,00603a83d67ad6738bace9112466d4b1,2021-11-21T18:00:00+00:00,Sun 2021-11-21 13:00,Philadelphia Eagles,New Orleans Saints,2021-11-21T17:55:00+00:00,0.08,1,42.5,-3.0,22.75,19.75,19,19
2021,11,f3e4b79c23e4dba39217ee23576bbbac,2021-11-21T18:00:00+00:00,Sun 2021-11-21 13:00,Tennessee Titans,Houston Texans,2021-11-21T17:55:00+00:00,0.08,1,45.0,-10.0,27.5,17.5,19,19
2021,11,2ad0aeaa104a2d396adf41a399a60527,2021-11-21T18:00:00+00:00,Sun 2021-11-21 13:00,Minnesota Vikings,Green Bay Packers,2021-11-21T17:55:00+00:00,0.08,1,47.0,1.5,22.75,24.25,19,19
2021,11,f615a7239e5348cf52bd41cfea0fd3b1,2021-11-21T18:00:00+00:00,Sun 2021-11-21 13:00,Jacksonville Jaguars,San Francisco 49ers,2021-11-21T17:55:00+00:00,0.08,1,45.5,6.5,19.5,26.0,19,19
2021,11,42d9f696dd9159726c0ff6f638847fb1,2021-11-21T18:00:00+00:00,Sun 2021-11-21 13:00,Cleveland Browns,Detroit Lions,2021-11-21T17:55:00+00:00,0.08,1,42.5,-13.5,28.0,14.5,19,19
2021,11,7ef6f79bc34e5a7f3084484987ad8031,2021-11-21T21:05:00+00:00,Sun 2021-11-21 16:05,Las Vegas Raiders,Cincinnati Bengals,2021-11-21T17:55:00+00:00,3.17,1,50.5,2.0,24.25,26.25,19,18
2021,11,6c0f0d094f5500c91b64a15966e69696,2021-11-21T21:25:00+00:00,Sun 2021-11-21 16:25,Seattle Seahawks,Arizona Cardinals,2021-11-21T17:55:00+00:00,3.5,1,45.0,-3.0,24.0,21.0,19,19
2021,11,44f33312f4b7cc362b4d235df734777c,2021-11-21T21:25:00+00:00,Sun 2021-11-21 16:25,Kansas City Chiefs,Dallas Cowboys,2021-11-21T17:55:00+00:00,3.5,1,55.5,-2.5,29.0,26.5,19,19
2021,11,a9194e2cd776f2798d030a1968261995,2021-11-22T01:20:00+00:00,Sun 2021-11-21 20:20,Los Angeles Chargers,Pittsburgh Steelers,2021-11-21T17:55:00+00:00,7.42,0,47.5,-6.0,26.75,20.75,19,19
2021,11,627eca2485142f83925ff6ed8a8fc9df,2021-11-23T01:15:00+00:00,Mon 2021-11-22 20:15,Tampa Bay Buccaneers,New York Giants,2021-11-21T17:55:00+00:00,31.33,0,50.0,-11.0,30.5,19.5,19,19
2021,12,b6b7f177d3f5cee88b630f09c287453c,2021-11-25T17:30:00+00:00,Thu 2021-11-25 12:30,Detroit Lions,Chicago Bears,2021-11-21T17:55:00+00:00,95.58,0,44.5,3.5,20.5,24.0,8,8
2021,12,3b81ebdcb6ff1fd84a18787041401c71,2021-11-25T21:30:00+00:00,Thu 2021-11-25 16:30,Dallas Cowboys,Las Vegas Raiders,2021-11-21T17:55:00+00:00,99.58,0,54.5,-7.0,30.75,23.75,11,11
2021,12,5923ba4dd88133e227938840bb2aea4d,2021-11-26T01:20:00+00:00,Thu 2021-11-25 20:20,New Orleans Saints,Buffalo Bills,2021-11-21T17:55:00+00:00,103.42,0,47.5,4.5,21.5,26.0,11,11
2021,12,8e9ae629b30fdb1fe9430477f906eafd,2021-11-28T18:00:00+00:00,Sun 2021-11-28 13:00,Jacksonville Jaguars,Atlanta Falcons,2021-11-28T17:55:00+00:00,0.08,1,46.0,1.5,22.25,23.75,17,18
2021,12,ce6f3408ba217b4d93b8877a0536dfd8,2021-11-28T18:00:00+00:00,Sun 2021-11-28 13:00,New England Patriots,Tennessee Titans,2021-11-28T17:55:00+00:00,0.08,1,43.0,-7.0,25.0,18.0,17,18
2021,12,fff909029c46b3991d38ad1667b9937a,2021-11-28T18:00:00+00:00,Sun 2021-11-28 13:00,Miami Dolphins,Carolina Panthers,2021-11-28T17:55:00+00:00,0.08,1,41.0,1.0,20.0,21.0,17,18
2021,12,c830187b1a34c0a5c9393c4a7d6d0bcb,2021-11-28T18:00:00+00:00,Sun 2021-11-28 13:00,Houston Texans,New York Jets,2021-11-28T17:55:00+00:00,0.08,1,44.5,-3.0,23.75,20.75,17,17
2021,12,30e1383e80104cd590bdd0af90abae6a,2021-11-28T18:00:00+00:00,Sun 2021-11-28 13:00,Cincinnati Bengals,Pittsburgh Steelers,2021-11-28T17:55:00+00:00,0.08,1,43.5,-3.5,23.5,20.0,17,18
2021,12,be9e047f7e801c4a8337c3e25bb11d4b,2021-11-28T18:00:00+00:00,Sun 2021-11-28 13:00,New York Giants,Philadelphia Eagles,2021-11-28T17:55:00+00:00,0.08,1,45.0,4.0,20.5,24.5,17,18
2021,12,3ce88e9103835b61361cce6df95cea10,2021-11-28T18:00:00+00:00,Sun 2021-11-28 13:00,Indianapolis Colts,Tampa Bay Buccaneers,2021-11-28T17:55:00+00:00,0.08,1,53.0,3.0,25.0,28.0,17,18
2021,12,1034ded0b0a43e7b09210c1f6caabe10,2021-11-28T21:05:00+00:00,Sun 2021-11-28 16:05,Denver Broncos,Los Angeles Chargers,2021-11-28T17:55:00+00:00,3.17,1,47.0,3.0,22.0,25.0,17,18
2021,12,e0e875ce9d28f171e4e2cccbd8746caf,2021-11-28T21:25:00+00:00,Sun 2021-11-28 16:25,San Francisco 49ers,Minnesota Vikings,2021-11-28T17:55:00+00:00,3.5,1,49.0,-3.5,26.25,22.75,17,18
2021,12,449300673ee21fa97a88d63f0e5c0124,2021-11-28T21:25:00+00:00,Sun 2021-11-28 16:25,Green Bay Packers,Los Angeles Rams,2021-11-28T17:55:00+00:00,3.5,1,47.0,2.0,22.5,24.5,17,18
2021,12,3b77f5e06c47f9457fad2a8aca097ef9,2021-11-29T01:20:00+00:00,Sun 2021-11-28 20:20,Baltimore Ravens,Cleveland Browns,2021-09-12T16:55:00+00:00,1856.42,0,46.5,-3.5,25.0,21.5,1,6
2021,12,2bda5905224019ee5f63cc43b081dce8,2021-11-29T01:20:00+00:00,Sun 2021-11-28 20:20,Baltimore Ravens,Cleveland Browns,2021-11-28T17:55:00+00:00,7.42,0,47.0,-3.0,25.0,22.0,17,18
2021,12,95ffd7f18452e3f661595c2e4b4b2daa,2021-11-30T01:15:00+00:00,Mon 2021-11-29 20:15,Washington Football Team,Seattle Seahawks,2021-11-28T17:55:00+00:00,31.33,0,46.5,1.0,22.75,23.75,17,18
2021,13,60574102e8812479e5d24a013d562fb7,2021-12-05T18:00:00+00:00,Sun 2021-12-05 13:00,Atlanta Falcons,Tampa Bay Buccaneers,2021-12-05T17:55:00+00:00,0.08,1,50.5,11.0,19.75,30.75,18,19
2021,13,8eb55eff984d32f48bde336de9f05388,2021-12-05T18:00:00+00:00,Sun 2021-12-05 13:00,Chicago Bears,Arizona Cardinals,2021-12-05T17:55:00+00:00,0.08,1,43.0,7.5,17.75,25.25,18,19
2021,13,55b7befb174ac2fb39f0db6aa7732871,2021-12-05T18:00:00+00:00,Sun 2021-12-05 13:00,Houston Texans,Indianapolis Colts,2021-12-05T17:55:00+00:00,0.08,1,45.5,10.0,17.75,27.75,18,19
2021,13,d3be742330fd8251ccbc103882837807,2021-12-05T18:00:00+00:00,Sun 2021-12-05 13:00,Miami Dolphins,New York Giants,2021-12-05T17:55:00+00:00,0.08,1,40.0,-6.5,23.25,16.75,18,19
2021,13,95d9f4c2fc807936a6202605be711c85,2021-12-05T18:00:00+00:00,Sun 2021-12-05 13:00,New York Jets,Philadelphia Eagles,2021-12-05T17:55:00+00:00,0.08,1,44.0,5.0,19.5,24.5,18,19
2021,13,bbc248e935e1d92b95a07b6513a42472,2021-12-05T18:00:00+00:00,Sun 2021-12-05 13:00,Cincinnati Bengals,Los Angeles Chargers,2021-12-05T17:55:00+00:00,0.08,1,50.0,-3.0,26.5,23.5,18,19
2021,13,7f1381f1409f5fa933dccc0b3f9a169a,2021-12-05T18:00:00+00:00,Sun 2021-12-05 13:00,Detroit Lions,Minnesota Vikings,2021-12-05T17:55:00+00:00,0.08,1,47.25,7.0,20.12,27.12,18,19
2021,13,1c49d40e4090e0eb9c4d0cab2c6fc272,2021-12-05T21:05:00+00:00,Sun 2021-12-05 16:05,Los Angeles Rams,Jacksonville Jaguars,2021-12-05T17:55:00+00:00,3.17,1,48.0,-14.0,31.0,17.0,18,19
2021,13,c7b56762176740e0c793bd000df950c2,2021-12-05T21:05:00+00:00,Sun 2021-12-05 16:05,Las Vegas Raiders,Washington Football Team,2021-12-05T17:55:00+00:00,3.17,1,47.5,-1.5,24.5,23.0,18,19
2021,13,50694f947e91bca9cbd1dc1f95e403f2,2021-12-05T21:25:00+00:00,Sun 2021-12-05 16:25,Pittsburgh Steelers,Baltimore Ravens,2021-09-12T16:55:00+00:00,2020.5,1,45.5,2.5,21.5,24.0,1,6
2021,13,ba8cd0f47cce0e36b24f6bb4f9aeead2,2021-12-05T21:25:00+00:00,Sun 2021-12-05 16:25,Pittsburgh Steelers,Baltimore Ravens,2021-12-05T17:55:00+00:00,3.5,1,44.0,4.0,20.0,24.0,18,19
2021,13,d1083bd9225f59b8444e7c00426eeed4,2021-12-05T21:25:00+00:00,Sun 2021-12-05 16:25,Seattle Seahawks,San Francisco 49ers,2021-12-05T17:55:00+00:00,3.5,1,45.0,3.0,21.0,24.0,18,19
2021,13,4f3ffed17a43f9457eadd93b6da653d9,2021-12-06T01:20:00+00:00,Sun 2021-12-05 20:20,Kansas City Chiefs,Denver Broncos,2021-12-05T17:55:00+00:00,7.42,0,46.5,-8.5,27.5,19.0,18,19
2021,13,17e9bde5b92abbf8b4e62e1eaf95c704,2021-12-07T01:15:00+00:00,Mon 2021-12-06 20:15,Buffalo Bills,New England Patriots,2021-12-05T17:55:00+00:00,31.33,0,41.0,-3.0,22.0,19.0,18,18
2021,14,f92dc61dd1783cb3e233047737d1d9a7,2021-12-12T18:00:00+00:00,Sun 2021-12-12 13:00,Carolina Panthers,Atlanta Falcons,2021-12-12T17:55:00+00:00,0.08,1,41.5,-2.5,22.0,19.5,17,17
2021,14,0cb981a37473166850d7bfe899dbb956,2021-12-12T18:00:00+00:00,Sun 2021-12-12 13:00,Cleveland Browns,Baltimore Ravens,2021-12-12T17:55:00+00:00,0.08,1,44.0,-3.0,23.5,20.5,17,17
2021,14,387747ce771389b57ab85665fbe0ac48,2021-12-12T18:00:00+00:00,Sun 2021-12-12 13:00,Houston Texans,Seattle Seahawks,2021-12-12T17:55:00+00:00,0.08,1,41.0,9.5,15.75,25.25,17,17
2021,14,55724d87085c2b8a845ec15cd6d7d79d,2021-12-12T18:00:00+00:00,Sun 2021-12-12 13:00,New York Jets,New Orleans Saints,2021-12-12T17:55:00+00:00,0.08,1,42.0,4.5,18.75,23.25,17,17
2021,14,dc36708891a031cde9ce53136a5f076f,2021-12-12T18:00:00+00:00,Sun 2021-12-12 13:00,Tennessee Titans,Jacksonville Jaguars,2021-12-12T17:55:00+00:00,0.08,1,44.0,-9.0,26.5,17.5,17,17
2021,14,f5cb3fb74fe77af123798adc772bf6c6,2021-12-12T18:00:00+00:00,Sun 2021-12-12 13:00,Washington Football Team,Dallas Cowboys,2021-12-12T17:55:00+00:00,0.08,1,48.0,6.5,20.75,27.25,17,17
2021,14,444eae63e7d38f48f5e5a92768c997fb,2021-12-12T18:00:00+00:00,Sun 2021-12-12 13:00,Kansas City Chiefs,Las Vegas Raiders,2021-12-12T17:55:00+00:00,0.08,1,48.0,-9.5,28.75,19.25,17,17
2021,14,efdf81d0e3ab65fd3c781387110e8a66,2021-12-12T21:05:00+00:00,Sun 2021-12-12 16:05,Los Angeles Chargers,New York Giants,2021-12-12T17:55:00+00:00,3.17,1,43.5,-9.0,26.25,17.25,17,17
2021,14,e852d7a55165aeacf9388c1f0cdaa06b,2021-12-12T21:05:00+00:00,Sun 2021-12-12 16:05,Denver Broncos,Detroit Lions,2021-12-12T17:55:00+00:00,3.17,1,42.0,-12.5,27.25,14.75,17,17
2021,14,9766c28eb9d0ba3b1afe1d9ec2cb00ae,2021-12-12T21:25:00+00:00,Sun 2021-12-12 16:25,Cincinnati Bengals,San Francisco 49ers,2021-12-12T17:55:00+00:00,3.5,1,49.0,2.0,23.5,25.5,17,16
2021,14,515119506f2980b5a8073742f747c156,2021-12-12T21:25:00+00:00,Sun 2021-12-12 16:25,Tampa Bay Buccaneers,Buffalo Bills,2021-12-12T17:55:00+00:00,3.5,1,52.5,-3.5,28.0,24.5,17,17
2021,14,30ebddaaa24aa173200db47d80652dcc,2021-12-13T01:20:00+00:00,Sun 2021-12-12 20:20,Green Bay Packers,Chicago Bears,2021-12-12T17:55:00+00:00,7.42,0,43.0,-11.5,27.25,15.75,17,17
2021,14,8acdaa0494ec3e0d6dbcc5e2d457fbf6,2021-12-14T01:15:00+00:00,Mon 2021-12-13 20:15,Arizona Cardinals,Los Angeles Rams,2021-12-12T17:55:00+00:00,31.33,0,51.5,-2.5,27.0,24.5,17,17
2021,15,0aefae9c01344e79530139ec323b6308,2021-12-19T18:00:00+00:00,Sun 2021-12-19 13:00,Miami Dolphins,New York Jets,2021-12-19T17:55:00+00:00,0.08,1,42.0,-10.5,26.25,15.75,16,16
2021,15,f26f60527497f5fc0c8046d41e1eb550,2021-12-19T18:00:00+00:00,Sun 2021-12-19 13:00,Detroit Lions,Arizona Cardinals,2021-12-19T17:55:00+00:00,0.08,1,48.0,13.0,17.5,30.5,16,16
2021,15,cc0b20ab42e27f12e687b494c6e1de73,2021-12-19T18:00:00+00:00,Sun 2021-12-19 13:00,New York Giants,Dallas Cowboys,2021-12-19T17:55:00+00:00,0.08,1,43.5,11.5,16.0,27.5,16,16
2021,15,df597f7f494f9978646463e332e0c8f2,2021-12-19T18:00:00+00:00,Sun 2021-12-19 13:00,Pittsburgh Steelers,Tennessee Titans,2021-12-19T17:55:00+00:00,0.08,1,43.5,-1.0,22.25,21.25,16,16
2021,15,d49b0a7b9f5132f7b66ff74d59318aea,2021-12-19T18:00:00+00:00,Sun 2021-12-19 13:00,Jacksonville Jaguars,Houston Texans,2021-12-19T17:55:00+00:00,0.08,1,40.0,-6.0,23.0,17.0,16,16
2021,15,dd1e14b70ee1048eec5eef04950f50fd,2021-12-19T18:00:00+00:00,Sun 2021-12-19 13:00,Buffalo Bills,Carolina Panthers,2021-12-19T17:55:00+00:00,0.08,1,43.0,-14.5,28.75,14.25,16,16
2021,15,048d15f97f219ecac466533be2da7b88,2021-12-19T21:05:00+00:00,Sun 2021-12-19 16:05,San Francisco 49ers,Atlanta Falcons,2021-12-19T17:55:00+00:00,3.17,1,47.5,-8.5,28.0,19.5,16,16
2021,15,4f50f5c343f50a350328919ddddb8baa,2021-12-19T21:05:00+00:00,Sun 2021-12-19 16:05,Denver Broncos,Cincinnati Bengals,2021-12-19T17:55:00+00:00,3.17,1,44.0,-3.0,23.5,20.5,16,16
2021,15,f9da2ac2a07745c39bb75946ebd8917d,2021-12-19T21:25:00+00:00,Sun 2021-12-19 16:25,Baltimore Ravens,Green Bay Packers,2021-12-19T17:55:00+00:00,3.5,1,45.5,9.0,18.25,27.25,16,16
2021,15,1721f7cb4ceb1a15df5c6466d5f3bc3f,2021-12-20T01:20:00+00:00,Sun 2021-12-19 20:20,Tampa Bay Buccaneers,New Orleans Saints,2021-12-19T17:55:00+00:00,7.42,0,45.0,-11.5,28.25,16.75,16,16
2021,15,df036c58bd074d33bb4d49c18a6b2456,2021-12-20T22:00:00+00:00,Mon 2021-12-20 17:00,Cleveland Browns,Las Vegas Raiders,2021-12-19T17:55:00+00:00,28.08,0,41.0,-3.0,22.0,19.0,16,16
2021,15,571864aeeee47f8315504924b37ded21,2021-12-21T01:15:00+00:00,Mon 2021-12-20 20:15,Chicago Bears,Minnesota Vikings,2021-12-19T17:55:00+00:00,31.33,0,44.5,6.0,19.25,25.25,16,16
2021,15,002aa5a45545b1f33383d4c5366ba751,2021-12-22T00:00:00+00:00,Tue 2021-12-21 19:00,Los Angeles Rams,Seattle Seahawks,2021-12-19T17:55:00+00:00,54.08,0,45.5,-6.5,26.0,19.5,16,16
2021,15,28be1a9defdcdd5e8a9040b80fe841f7,2021-12-22T00:00:00+00:00,Tue 2021-12-21 19:00,Philadelphia Eagles,Washington Football Team,2021-12-19T17:55:00+00:00,54.08,0,42.0,-6.5,24.25,17.75,16,16
2021,16,045b5b420d7ec2796a9c67672d3238f4,2021-12-26T18:00:00+00:00,Sun 2021-12-26 13:00,New England Patriots,Buffalo Bills,2021-12-26T17:55:00+00:00,0.08,1,43.5,-1.0,22.25,21.25,17,17
2021,16,86621eec002c16ad6877c60355bda960,2021-12-26T18:00:00+00:00,Sun 2021-12-26 13:00,New York Jets,Jacksonville Jaguars,2021-12-26T17:55:00+00:00,0.08,1,43.0,-2.5,22.75,20.25,17,17
2021,16,95452fa44ac257e38f31c41ad38edec4,2021-12-26T18:00:00+00:00,Sun 2021-12-26 13:00,Carolina Panthers,Tampa Bay Buccaneers,2021-12-26T17:55:00+00:00,0.08,1,44.0,11.0,16.5,27.5,17,17
2021,16,6300d01e4d921bb6a044014e1fa50f43,2021-12-26T18:00:00+00:00,Sun 2021-12-26 13:00,Houston Texans,Los Angeles Chargers,2021-12-26T17:55:00+00:00,0.08,1,45.5,13.0,16.25,29.25,17,17
2021,16,5212494eb2d6134e3a976d4ab3503996,2021-12-26T18:00:00+00:00,Sun 2021-12-26 13:00,Atlanta Falcons,Detroit Lions,2021-12-26T17:55:00+00:00,0.08,1,42.5,-7.5,25.0,17.5,17,17
2021,16,46dd71cd2c022b11926ef7880ad06eae,2021-12-26T18:00:00+00:00,Sun 2021-12-26 13:00,Philadelphia Eagles,New York Giants,2021-12-26T17:55:00+00:00,0.08,1,41.0,-11.0,26.0,15.0,17,17
2021,16,e2c45abc3a389f6331b0344665c7ccd5,2021-12-26T18:00:00+00:00,Sun 2021-12-26 13:00,Minnesota Vikings,Los Angeles Rams,2021-12-26T17:55:00+00:00,0.08,1,48.5,3.0,22.75,25.75,17,16
2021,16,d4345eaa5c94711c84cceadc5eade92d,2021-12-26T18:00:00+00:00,Sun 2021-12-26 13:00,Cincinnati Bengals,Baltimore Ravens,2021-12-26T17:55:00+00:00,0.08,1,43.0,-7.5,25.25,17.75,17,17
2021,16,58fa747ec0fa29328b7b65126ef6185f,2021-12-26T21:05:00+00:00,Sun 2021-12-26 16:05,Seattle Seahawks,Chicago Bears,2021-12-26T17:55:00+00:00,3.17,1,41.5,-7.0,24.25,17.25,17,17
2021,16,5e31034719c7dd4479ec6499f3fb4573,2021-12-26T21:25:00+00:00,Sun 2021-12-26 16:25,Las Vegas Raiders,Denver Broncos,2021-12-26T17:55:00+00:00,3.5,1,41.5,1.0,20.25,21.25,17,17
2021,16,965735cdaa7f35e609f9f9bf470a9007,2021-12-26T21:25:00+00:00,Sun 2021-12-26 16:25,Kansas City Chiefs,Pittsburgh Steelers,2021-12-26T17:55:00+00:00,3.5,1,44.5,-10.5,27.5,17.0,17,17
2021,16,cf8be60dc4f840c8980cb301e1a529be,2021-12-27T01:20:00+00:00,Sun 2021-12-26 20:20,Dallas Cowboys,Washington Football Team,2021-12-26T17:55:00+00:00,7.42,0,46.5,-9.0,27.75,18.75,17,17
2021,16,7211add1a91d235d7bc63170c454872b,2021-12-28T01:15:00+00:00,Mon 2021-12-27 20:15,New Orleans Saints,Miami Dolphins,2021-12-26T17:55:00+00:00,31.33,0,37.5,2.5,17.5,20.0,17,16
2021,17,3803dcc2ecfdf66a4fb94c6d44a2aa4f,2022-01-02T18:00:00+00:00,Sun 2022-01-02 13:00,Chicago Bears,New York Giants,2022-01-02T17:55:00+00:00,0.08,1,36.5,-6.5,21.5,15.0,17,17
2021,17,465cf800a42daeb87c076466a4d02ee9,2022-01-02T18:00:00+00:00,Sun 2022-01-02 13:00,New York Jets,Tampa Bay Buccaneers,2022-01-02T17:55:00+00:00,0.08,1,47.5,14.5,16.5,31.0,17,17
2021,17,63c4aa2f3b768fcc1dfe295322b69f4c,2022-01-02T18:00:00+00:00,Sun 2022-01-02 13:00,Buffalo Bills,Atlanta Falcons,2022-01-02T17:55:00+00:00,0.08,1,46.0,-14.0,30.0,16.0,17,17
2021,17,62de8caefa573a6bc1ec451e493de73c,2022-01-02T18:00:00+00:00,Sun 2022-01-02 13:00,Cincinnati Bengals,Kansas City Chiefs,2022-01-02T17:55:00+00:00,0.08,1,51.0,3.5,23.75,27.25,17,17
2021,17,b10f79fa9edd7639ded37c3e6dea0b46,2022-01-02T18:00:00+00:00,Sun 2022-01-02 13:00,New England Patriots,Jacksonville Jaguars,2022-01-02T17:55:00+00:00,0.08,1,41.5,-17.0,29.25,12.25,17,17
2021,17,45a9db10794fbfb4a4300351a1f2a9d7,2022-01-02T18:00:00+00:00,Sun 2022-01-02 13:00,Baltimore Ravens,Los Angeles Rams,2022-01-02T17:55:00+00:00,0.08,1,47.0,7.0,20.0,27.0,17,17
2021,17,4e120bfb41122ba0d329e63929190429,2022-01-02T18:00:00+00:00,Sun 2022-01-02 13:00,Washington Football Team,Philadelphia Eagles,2022-01-02T17:55:00+00:00,0.08,1,45.0,6.0,19.5,25.5,17,17
2021,17,dd1955c42406610e4569082d4b1c4451,2022-01-02T18:00:00+00:00,Sun 2022-01-02 13:00,Tennessee Titans,Miami Dolphins,2022-01-02T17:55:00+00:00,0.08,1,41.0,-3.0,22.0,19.0,17,17
2021,17,f3e2a824d8152fb7f27c6f2e167a9eb6,2022-01-02T18:00:00+00:00,Sun 2022-01-02 13:00,Indianapolis Colts,Las Vegas Raiders,2022-01-02T17:55:00+00:00,0.08,1,46.5,-8.5,27.5,19.0,17,17
2021,17,6591042a27b972c1a2e9e24f6d17c71b,2022-01-02T21:05:00+00:00,Sun 2022-01-02 16:05,Los Angeles Chargers,Denver Broncos,2022-01-02T17:55:00+00:00,3.17,1,45.0,-8.0,26.5,18.5,17,17
2021,17,1e8ecf922cb533e34f2e328c8788987f,2022-01-02T21:05:00+00:00,Sun 2022-01-02 16:05,San Francisco 49ers,Houston Texans,2022-01-02T17:55:00+00:00,3.17,1,44.0,-13.5,28.75,15.25,17,17
2021,17,0cb61ebec0b05d057c3f0b66953ca147,2022-01-02T21:25:00+00:00,Sun 2022-01-02 16:25,Seattle Seahawks,Detroit Lions,2022-01-02T17:55:00+00:00,3.5,1,41.0,-8.5,24.75,16.25,17,17
2021,17,e59a04249180d3b8d18c33627403ed07,2022-01-02T21:25:00+00:00,Sun 2022-01-02 16:25,Dallas Cowboys,Arizona Cardinals,2022-01-02T17:55:00+00:00,3.5,1,52.0,-6.5,29.25,22.75,17,17
2021,17,ec40d8338952a9798cd12b44c90d1db4,2022-01-02T21:25:00+00:00,Sun 2022-01-02 16:25,New Orleans Saints,Carolina Panthers,2022-01-02T17:55:00+00:00,3.5,1,37.0,-6.5,21.75,15.25,17,17
2021,17,f957471d780df8dacc6427eee7b9f4ba,2022-01-03T01:20:00+00:00,Sun 2022-01-02 20:20,Green Bay Packers,Minnesota Vikings,2022-01-02T17:55:00+00:00,7.42,0,42.5,-13.0,27.75,14.75,17,17
2021,17,c87ce09b5b3bb699c823b53e8d81bf9a,2022-01-04T01:15:00+00:00,Mon 2022-01-03 20:15,Pittsburgh Steelers,Cleveland Browns,2022-01-02T17:55:00+00:00,31.33,0,41.5,3.5,19.0,22.5,17,16
2021,18,a84b431e86647a9698859ae4b1cb62f2,2022-01-09T18:00:00+00:00,Sun 2022-01-09 13:00,Jacksonville Jaguars,Indianapolis Colts,2022-01-09T17:55:00+00:00,0.08,1,43.5,14.0,14.75,28.75,17,16
2021,18,469d0b84d522b6ba7c7089fc73a81e53,2022-01-09T18:00:00+00:00,Sun 2022-01-09 13:00,Houston Texans,Tennessee Titans,2022-01-09T17:55:00+00:00,0.08,1,43.0,10.5,16.25,26.75,17,17
2021,18,fd20bf64bde9c41529eff98f34e8360b,2022-01-09T18:00:00+00:00,Sun 2022-01-09 13:00,New York Giants,Washington Football Team,2022-01-09T17:55:00+00:00,0.08,1,36.0,6.0,15.0,21.0,17,17
2021,18,b158083c5706ac3c2648b3c8173a90e0,2022-01-09T18:00:00+00:00,Sun 2022-01-09 13:00,Minnesota Vikings,Chicago Bears,2022-01-09T17:55:00+00:00,0.08,1,45.0,-3.5,24.25,20.75,17,17
2021,18,d5e256835005a9281ae0ad53e623375e,2022-01-09T18:00:00+00:00,Sun 2022-01-09 13:00,Detroit Lions,Green Bay Packers,2022-01-09T17:55:00+00:00,0.08,1,45.0,4.0,20.5,24.5,17,17
2021,18,89eb172ec451fa98fcff7b2313f501e4,2022-01-09T18:00:00+00:00,Sun 2022-01-09 13:00,Baltimore Ravens,Pittsburgh Steelers,2022-01-09T17:55:00+00:00,0.08,1,41.0,-3.0,22.0,19.0,17,17
2021,18,e9402c475672bebad4b15cb8a82a286b,2022-01-09T18:00:00+00:00,Sun 2022-01-09 13:00,Cleveland Browns,Cincinnati Bengals,2022-01-09T17:55:00+00:00,0.08,1,38.0,-6.5,22.25,15.75,17,17
2021,18,14a8edc98fc58e8f6ae30aaed7b5c1fc,2022-01-09T21:25:00+00:00,Sun 2022-01-09 16:25,Miami Dolphins,New England Patriots,2022-01-09T17:55:00+00:00,3.5,1,40.5,6.0,17.25,23.25,17,17
2021,18,11511284da753651fefdfbc08cf51e2c,2022-01-09T21:25:00+00:00,Sun 2022-01-09 16:25,Buffalo Bills,New York Jets,2022-01-09T17:55:00+00:00,3.5,1,42.0,-16.0,29.0,13.0,17,17
2021,18,db65d83c1b4b4d7eed4a953ee05ff059,2022-01-09T21:25:00+00:00,Sun 2022-01-09 16:25,Atlanta Falcons,New Orleans Saints,2022-01-09T17:55:00+00:00,3.5,1,40.0,4.5,17.75,22.25,17,17
2021,18,0e9f9370d138d4fdef46aadd8dbf72ec,2022-01-09T21:25:00+00:00,Sun 2022-01-09 16:25,Arizona Cardinals,Seattle Seahawks,2022-01-09T17:55:00+00:00,3.5,1,48.5,-5.5,27.0,21.5,17,17
2021,18,04dbadcea53d7d51ef5ede96914a6890,2022-01-09T21:25:00+00:00,Sun 2022-01-09 16:25,Los Angeles Rams,San Francisco 49ers,2022-01-09T17:55:00+00:00,3.5,1,46.0,-3.25,24.62,21.38,17,16
2021,18,672e109ed4d235a5502ce414277db27e,2022-01-09T21:25:00+00:00,Sun 2022-01-09 16:25,Tampa Bay Buccaneers,Carolina Panthers,2022-01-09T17:55:00+00:00,3.5,1,42.5,-10.0,26.25,16.25,17,17
2021,18,1361c7d4506dfd8ca1e2a22a3f59df09,2022-01-10T01:20:00+00:00,Sun 2022-01-09 20:20,Las Vegas Raiders,Los Angeles Chargers,2022-01-09T17:55:00+00:00,7.42,0,49.0,3.0,23.0,26.0,17,17
2022,1,35f0cd753df0e28ffb932a270a6a91b6,2022-09-11T17:00:00+00:00,Sun 2022-09-11 13:00,Atlanta Falcons,New Orleans Saints,2022-09-11T16:55:00+00:00,0.08,1,43.5,5.5,19.0,24.5,20,20
2022,1,f3a7841c60f8932ff341a952ca52d328,2022-09-11T17:00:00+00:00,Sun 2022-09-11 13:00,Miami Dolphins,New England Patriots,2022-09-11T16:55:00+00:00,0.08,1,46.5,-3.0,24.75,21.75,20,20
2022,1,4284c7800d36f5fd5dbe3845a2d1a7f9,2022-09-11T17:00:00+00:00,Sun 2022-09-11 13:00,New York Jets,Baltimore Ravens,2022-09-11T16:55:00+00:00,0.08,1,44.0,6.5,18.75,25.25,20,20
2022,1,656060fef4f95da8dec9a653b9935357,2022-09-11T17:00:00+00:00,Sun 2022-09-11 13:00,Chicago Bears,San Francisco 49ers,2022-09-11T16:55:00+00:00,0.08,1,38.0,6.5,15.75,22.25,20,20
2022,1,b2e3e2dbaa50a7ddf9a4f4925fd01632,2022-09-11T17:00:00+00:00,Sun 2022-09-11 13:00,Cincinnati Bengals,Pittsburgh Steelers,2022-09-11T16:55:00+00:00,0.08,1,44.5,-7.0,25.75,18.75,20,20
2022,1,d555c274df0407d7c6eb20a64dcebe4d,2022-09-11T17:00:00+00:00,Sun 2022-09-11 13:00,Detroit Lions,Philadelphia Eagles,2022-09-11T16:55:00+00:00,0.08,1,48.5,6.0,21.25,27.25,20,20
2022,1,7a2479b035daf7bb7d2044bfc1bdfb52,2022-09-11T17:00:00+00:00,Sun 2022-09-11 13:00,Washington Commanders,Jacksonville Jaguars,2022-09-11T16:55:00+00:00,0.08,1,43.0,-3.0,23.0,20.0,20,19
2022,1,54a425d895c7a29cee14c57298a74790,2022-09-11T17:00:00+00:00,Sun 2022-09-11 13:00,Houston Texans,Indianapolis Colts,2022-09-11T16:55:00+00:00,0.08,1,46.0,7.0,19.5,26.5,20,20
2022,1,c40348d5ea77bbe8b0f886a7e741eb75,2022-09-11T17:00:00+00:00,Sun 2022-09-11 13:00,Carolina Panthers,Cleveland Browns,2022-09-11T16:55:00+00:00,0.08,1,42.0,-1.5,21.75,20.25,20,20
2022,1,1773bab5119afd38933e1724d19b220d,2022-09-11T20:25:00+00:00,Sun 2022-09-11 16:25,Tennessee Titans,New York Giants,2022-09-11T16:55:00+00:00,3.5,1,44.0,-5.5,24.75,19.25,20,20
2022,1,eed577570b6f645b9dff57b754f72cd1,2022-09-11T20:25:00+00:00,Sun 2022-09-11 16:25,Los Angeles Chargers,Las Vegas Raiders,2022-09-11T16:55:00+00:00,3.5,1,52.5,-3.5,28.0,24.5,20,20
2022,1,fb9e25e0827e6df54b275dca00a7ee7a,2022-09-11T20:25:00+00:00,Sun 2022-09-11 16:25,Arizona Cardinals,Kansas City Chiefs,2022-09-11T16:55:00+00:00,3.5,1,54.0,6.5,23.75,30.25,20,20
2022,1,a1f7a3b4d697258963506475a55b4644,2022-09-11T20:25:00+00:00,Sun 2022-09-11 16:25,Minnesota Vikings,Green Bay Packers,2022-09-11T16:55:00+00:00,3.5,1,46.5,-2.0,24.25,22.25,20,20
2022,1,bfe2d2228771dbd31bd4dffeff2a8dde,2022-09-12T00:20:00+00:00,Sun 2022-09-11 20:20,Dallas Cowboys,Tampa Bay Buccaneers,2022-09-11T16:55:00+00:00,7.42,0,50.5,2.5,24.0,26.5,20,20
2022,1,71296cb2f859f8b35006d09d1cb3f99e,2022-09-13T00:15:00+00:00,Mon 2022-09-12 20:15,Seattle Seahawks,Denver Broncos,2022-09-11T16:55:00+00:00,31.33,0,44.0,6.5,18.75,25.25,20,19
2022,2,d7edc335da777608365d0591a81f44a9,2022-09-16T00:15:00+00:00,Thu 2022-09-15 20:15,Kansas City Chiefs,Los Angeles Chargers,2022-09-11T16:55:00+00:00,103.33,0,53.25,-3.0,28.12,25.12,14,14
2022,2,080f13421b3e5e54278a91ca84da1b5e,2022-09-18T17:00:00+00:00,Sun 2022-09-18 13:00,Baltimore Ravens,Miami Dolphins,2022-09-18T16:50:37+00:00,0.16,1,43.5,-3.5,23.5,20.0,19,18
2022,2,8cc8ad88130a20c5903a7242d78e8cf1,2022-09-18T17:00:00+00:00,Sun 2022-09-18 13:00,New York Giants,Carolina Panthers,2022-09-18T16:50:37+00:00,0.16,1,43.5,1.0,21.25,22.25,19,19
2022,2,db2d95a9bcb88932cbe6bc5382fbba99,2022-09-18T17:00:00+00:00,Sun 2022-09-18 13:00,Cleveland Browns,New York Jets,2022-09-18T16:50:37+00:00,0.16,1,38.5,-6.5,22.5,16.0,19,19
2022,2,657839ab389b71122d87801a3822ed4b,2022-09-18T17:00:00+00:00,Sun 2022-09-18 13:00,Detroit Lions,Washington Commanders,2022-09-18T16:50:37+00:00,0.16,1,48.0,0.5,23.75,24.25,19,17
2022,2,3d469388c5e965ce890616a61441ff51,2022-09-18T17:00:00+00:00,Sun 2022-09-18 13:00,Jacksonville Jaguars,Indianapolis Colts,2022-09-18T16:50:37+00:00,0.16,1,43.5,3.0,20.25,23.25,19,19
2022,2,5ee78ae20ac0510e4a78e03cb1c41e18,2022-09-18T17:00:00+00:00,Sun 2022-09-18 13:00,Pittsburgh Steelers,New England Patriots,2022-09-18T16:50:37+00:00,0.16,1,40.0,3.0,18.5,21.5,19,19
2022,2,b4a7c5c1af92401d25765f20a28b3c3d,2022-09-18T17:00:00+00:00,Sun 2022-09-18 13:00,New Orleans Saints,Tampa Bay Buccaneers,2022-09-18T16:50:37+00:00,0.16,1,43.5,2.5,20.5,23.0,19,19
2022,2,b578ccb3df9e461e47400cd3178e4c60,2022-09-18T20:05:00+00:00,Sun 2022-09-18 16:05,Los Angeles Rams,Atlanta Falcons,2022-09-18T16:50:37+00:00,3.24,1,46.0,-10.0,28.0,18.0,19,19
2022,2,32a76baa7e8168222e1551bc66e736ec,2022-09-18T20:05:00+00:00,Sun 2022-09-18 16:05,San Francisco 49ers,Seattle Seahawks,2022-09-18T16:50:37+00:00,3.24,1,39.5,-8.5,24.0,15.5,19,19
2022,2,9863ae3639aed6ea49aa2e94d2b398a3,2022-09-18T20:25:00+00:00,Sun 2022-09-18 16:25,Las Vegas Raiders,Arizona Cardinals,2022-09-18T16:50:37+00:00,3.57,1,51.5,-5.5,28.5,23.0,19,19
2022,2,6a0a396023296cc679baee6a03f2f52a,2022-09-18T20:25:00+00:00,Sun 2022-09-18 16:25,Dallas Cowboys,Cincinnati Bengals,2022-09-18T16:50:37+00:00,3.57,1,42.0,7.0,17.5,24.5,19,18
2022,2,a14a42cf94b3f77c56d393a648186f41,2022-09-18T20:25:00+00:00,Sun 2022-09-18 16:25,Denver Broncos,Houston Texans,2022-09-18T16:50:37+00:00,3.57,1,45.5,-10.0,27.75,17.75,19,19
2022,2,7ab4096d188eb53a7f66c924ba732a81,2022-09-19T00:20:00+00:00,Sun 2022-09-18 20:20,Green Bay Packers,Chicago Bears,2022-09-18T16:50:37+00:00,7.49,0,41.5,-10.0,25.75,15.75,19,19
2022,2,891d329b4b7632497cb651f418a092b7,2022-09-19T23:15:00+00:00,Mon 2022-09-19 19:15,Buffalo Bills,Tennessee Titans,2022-09-18T16:50:37+00:00,30.41,0,47.5,-10.0,28.75,18.75,19,19
2022,2,f6a4aa5f66b3c355311e8f598209c9f1,2022-09-20T00:30:00+00:00,Mon 2022-09-19 20:30,Philadelphia Eagles,Minnesota Vikings,2022-09-18T16:50:37+00:00,31.66,0,50.5,-2.5,26.5,24.0,19,19
2022,3,44991d2ca9683719269485ff8a7143db,2022-09-23T00:15:00+00:00,Thu 2022-09-22 20:15,Cleveland Browns,Pittsburgh Steelers,2022-09-18T16:50:37+00:00,103.41,0,40.5,-3.0,21.75,18.75,10,10
2022,3,17992ef53890f217f965a6918e65c5d2,2022-09-25T17:00:00+00:00,Sun 2022-09-25 13:00,New England Patriots,Baltimore Ravens,2022-09-25T16:50:39+00:00,0.16,1,45.0,2.5,21.25,23.75,18,18
2022,3,a89530dea60b9acaca76dbe323c8554c,2022-09-25T17:00:00+00:00,Sun 2022-09-25 13:00,Miami Dolphins,Buffalo Bills,2022-09-25T16:50:39+00:00,0.16,1,54.25,4.5,24.88,29.38,18,18
2022,3,6f06b7dfa7d80484cbeb9749a3ed9d93,2022-09-25T17:00:00+00:00,Sun 2022-09-25 13:00,Carolina Panthers,New Orleans Saints,2022-09-25T16:50:39+00:00,0.16,1,41.0,2.0,19.5,21.5,18,18
2022,3,38dd177316f24b9a32b49338e344824a,2022-09-25T17:00:00+00:00,Sun 2022-09-25 13:00,Chicago Bears,Houston Texans,2022-09-25T16:50:39+00:00,0.16,1,39.5,-3.0,21.25,18.25,18,18
2022,3,892bb6a5ed8eec1ad4126a51cbcc969a,2022-09-25T17:00:00+00:00,Sun 2022-09-25 13:00,New York Jets,Cincinnati Bengals,2022-09-25T16:50:39+00:00,0.16,1,46.0,6.5,19.75,26.25,18,18
2022,3,c4ae3193bc769d3df148ec50ae8327a7,2022-09-25T17:00:00+00:00,Sun 2022-09-25 13:00,Minnesota Vikings,Detroit Lions,2022-09-25T16:50:39+00:00,0.16,1,51.5,-6.5,29.0,22.5,18,18
2022,3,38c7c615df68ea629878861a15b319a6,2022-09-25T17:00:00+00:00,Sun 2022-09-25 13:00,Tennessee Titans,Las Vegas Raiders,2022-09-25T16:50:39+00:00,0.16,1,45.5,2.0,21.75,23.75,18,18
2022,3,fa22c6a92de71d8c32f0948dcc4c86fa,2022-09-25T17:00:00+00:00,Sun 2022-09-25 13:00,Washington Commanders,Philadelphia Eagles,2022-09-25T16:50:39+00:00,0.16,1,47.5,6.0,20.75,26.75,18,18
2022,3,d970f0b785affa9263caa4eb822dfe24,2022-09-25T17:00:00+00:00,Sun 2022-09-25 13:00,Indianapolis Colts,Kansas City Chiefs,2022-09-25T16:50:39+00:00,0.16,1,51.0,4.5,23.25,27.75,18,18
2022,3,cd900be6032ed66cd7f8af1ce03e9194,2022-09-25T20:05:00+00:00,Sun 2022-09-25 16:05,Los Angeles Chargers,Jacksonville Jaguars,2022-09-25T16:50:39+00:00,3.24,1,42.5,-3.5,23.0,19.5,18,18
2022,3,15cb56c89a5a12f382cc28022735099a,2022-09-25T20:25:00+00:00,Sun 2022-09-25 16:25,Arizona Cardinals,Los Angeles Rams,2022-09-25T16:50:39+00:00,3.57,1,48.5,3.5,22.5,26.0,18,18
2022,3,38c009fed06bc3f00e20a80c79510795,2022-09-25T20:25:00+00:00,Sun 2022-09-25 16:25,Seattle Seahawks,Atlanta Falcons,2022-09-25T16:50:39+00:00,3.57,1,43.5,-1.0,22.25,21.25,18,18
2022,3,9ec51cb3a3909a654d5a8b232b16a60d,2022-09-25T20:25:00+00:00,Sun 2022-09-25 16:25,Tampa Bay Buccaneers,Green Bay Packers,2022-09-25T16:50:39+00:00,3.57,1,42.0,-1.5,21.75,20.25,18,18
2022,3,a0abb04fbe51f57f6aa82e5c0a90e835,2022-09-26T00:20:00+00:00,Sun 2022-09-25 20:20,Denver Broncos,San Francisco 49ers,2022-09-25T16:50:39+00:00,7.49,0,45.0,1.5,21.75,23.25,18,18
2022,3,24c217c16955087e9498708f6b8bc392,2022-09-27T00:15:00+00:00,Mon 2022-09-26 20:15,New York Giants,Dallas Cowboys,2022-09-25T16:50:39+00:00,31.41,0,39.0,-1.0,20.0,19.0,18,18
2022,4,223dd114c6631b89a82aa7af5bc7ac82,2022-09-30T00:15:00+00:00,Thu 2022-09-29 20:15,Cincinnati Bengals,Miami Dolphins,2022-09-25T16:50:39+00:00,103.41,0,48.5,-1.5,25.0,23.5,10,10
2022,4,da9ee648135469a635e468728c6c8643,2022-10-02T13:30:00+00:00,Sun 2022-10-02 09:30,New Orleans Saints,Minnesota Vikings,2022-09-25T16:50:39+00:00,164.66,0,44.5,1.5,21.5,23.0,10,10
2022,4,564ff543a5c91fc293f4a2e2185fd9ae,2022-10-02T17:00:00+00:00,Sun 2022-10-02 13:00,Atlanta Falcons,Cleveland Browns,2022-10-02T16:50:38+00:00,0.16,1,48.5,1.0,23.75,24.75,19,19
2022,4,1bbebcfe66fcbe87bd3d168a537bfd86,2022-10-02T17:00:00+00:00,Sun 2022-10-02 13:00,Baltimore Ravens,Buffalo Bills,2022-10-02T16:50:38+00:00,0.16,1,50.5,3.0,23.75,26.75,19,19
2022,4,14b939e4de73f3993936210cbe325697,2022-10-02T17:00:00+00:00,Sun 2022-10-02 13:00,New York Giants,Chicago Bears,2022-10-02T16:50:38+00:00,0.16,1,39.0,-3.0,21.0,18.0,19,18
2022,4,a6fbcda64cf0ae114e2b9f5a903d8787,2022-10-02T17:00:00+00:00,Sun 2022-10-02 13:00,Dallas Cowboys,Washington Commanders,2022-10-02T16:50:38+00:00,0.16,1,41.0,-3.0,22.0,19.0,19,19
2022,4,d019cc903bd06974bfe6a81bbea09990,2022-10-02T17:00:00+00:00,Sun 2022-10-02 13:00,Detroit Lions,Seattle Seahawks,2022-10-02T16:50:38+00:00,0.16,1,48.5,-3.5,26.0,22.5,19,19
2022,4,90f985f50a4494efaff2c9aed8dd5fc9,2022-10-02T17:00:00+00:00,Sun 2022-10-02 13:00,Indianapolis Colts,Tennessee Titans,2022-10-02T16:50:38+00:00,0.16,1,43.0,-4.0,23.5,19.5,19,19
2022,4,382c3fc7b3690f68c94a05a00fd45200,2022-10-02T17:00:00+00:00,Sun 2022-10-02 13:00,Philadelphia Eagles,Jacksonville Jaguars,2022-10-02T16:50:38+00:00,0.16,1,44.0,-6.5,25.25,18.75,19,19
2022,4,4a390c47f97e123b2c921ea852bc5a4e,2022-10-02T17:00:00+00:00,Sun 2022-10-02 13:00,Houston Texans,Los Angeles Chargers,2022-10-02T16:50:38+00:00,0.16,1,45.5,5.5,20.0,25.5,19,19
2022,4,ede5d3a33c5440e94a2414e16b9d558c,2022-10-02T17:00:00+00:00,Sun 2022-10-02 13:00,Pittsburgh Steelers,New York Jets,2022-10-02T16:50:38+00:00,0.16,1,41.0,-3.0,22.0,19.0,19,19
2022,4,f12a4526bee72287c74d49a104c92a1d,2022-10-02T20:05:00+00:00,Sun 2022-10-02 16:05,Carolina Panthers,Arizona Cardinals,2022-10-02T16:50:38+00:00,3.24,1,43.5,0.0,21.75,21.75,19,18
2022,4,2e05153aebb4a2bc7c1a066f387de468,2022-10-02T20:25:00+00:00,Sun 2022-10-02 16:25,Las Vegas Raiders,Denver Broncos,2022-10-02T16:50:38+00:00,3.57,1,45.5,-2.5,24.0,21.5,19,18
2022,4,7b478403b8bb8582cd694e020d203e9b,2022-10-02T20:25:00+00:00,Sun 2022-10-02 16:25,Green Bay Packers,New England Patriots,2022-10-02T16:50:38+00:00,3.57,1,40.0,-9.5,24.75,15.25,19,19
2022,4,396b57cac445752ddb7bd83236faf1b4,2022-10-03T00:20:00+00:00,Sun 2022-10-02 20:20,Tampa Bay Buccaneers,Kansas City Chiefs,2022-10-02T16:50:38+00:00,7.49,0,46.0,-1.0,23.5,22.5,19,19
2022,4,e65dc45742ff063f0f5bd7062f2406ec,2022-10-04T00:15:00+00:00,Mon 2022-10-03 20:15,San Francisco 49ers,Los Angeles Rams,2022-10-02T16:50:38+00:00,31.41,0,42.5,-1.5,22.0,20.5,19,19
2022,5,89eab640e6f89d1e29686a92fc221fd9,2022-10-07T00:15:00+00:00,Thu 2022-10-06 20:15,Denver Broncos,Indianapolis Colts,2022-10-02T16:50:38+00:00,103.41,0,42.5,-2.5,22.5,20.0,11,11
2022,5,b40420ba99d4aa4f310eb777747b52f8,2022-10-09T13:30:00+00:00,Sun 2022-10-09 09:30,Green Bay Packers,New York Giants,2022-10-02T16:50:38+00:00,164.66,0,40.5,-7.5,24.0,16.5,10,10
2022,5,69460fbbe77e0ad8029558f2316e36bd,2022-10-09T17:00:00+00:00,Sun 2022-10-09 13:00,Tampa Bay Buccaneers,Atlanta Falcons,2022-10-09T16:50:38+00:00,0.16,1,46.0,-10.0,28.0,18.0,20,20
2022,5,2a188c69052b95223e6c6453a6a6d41a,2022-10-09T17:00:00+00:00,Sun 2022-10-09 13:00,Buffalo Bills,Pittsburgh Steelers,2022-10-09T16:50:38+00:00,0.16,1,44.5,-14.0,29.25,15.25,20,20
2022,5,2556c5184dc112ad908687cb7dda857a,2022-10-09T17:00:00+00:00,Sun 2022-10-09 13:00,Minnesota Vikings,Chicago Bears,2022-10-09T16:50:38+00:00,0.16,1,44.0,-8.5,26.25,17.75,20,20
2022,5,4e7aa1dbca21b96d3181fc856d92d996,2022-10-09T17:00:00+00:00,Sun 2022-10-09 13:00,Cleveland Browns,Los Angeles Chargers,2022-10-09T16:50:38+00:00,0.16,1,47.0,1.5,22.75,24.25,20,20
2022,5,d344c971380c6edc7ac7f8e4df3b7f21,2022-10-09T17:00:00+00:00,Sun 2022-10-09 13:00,New England Patriots,Detroit Lions,2022-10-09T16:50:38+00:00,0.16,1,47.0,-3.0,25.0,22.0,20,19
2022,5,117d8ed91002a56530e3a54a89c528d8,2022-10-09T17:00:00+00:00,Sun 2022-10-09 13:00,Jacksonville Jaguars,Houston Texans,2022-10-09T16:50:38+00:00,0.16,1,43.5,-7.0,25.25,18.25,20,20
2022,5,5af0af5a6965da4b8080d9cb693b4bc1,2022-10-09T17:00:00+00:00,Sun 2022-10-09 13:00,New Orleans Saints,Seattle Seahawks,2022-10-09T16:50:38+00:00,0.16,1,45.0,-5.5,25.25,19.75,20,20
2022,5,eb8e10400758d1cdd38814e2e65aa5f5,2022-10-09T17:00:00+00:00,Sun 2022-10-09 13:00,Washington Commanders,Tennessee Titans,2022-10-09T16:50:38+00:00,0.16,1,43.0,0.5,21.25,21.75,20,20
2022,5,2ef7d59eaaa9d46824b8f2e5c338c4b0,2022-10-09T17:00:00+00:00,Sun 2022-10-09 13:00,New York Jets,Miami Dolphins,2022-10-09T16:50:38+00:00,0.16,1,46.0,3.0,21.5,24.5,20,19
2022,5,675423f4d003af7d5f86920e378885f2,2022-10-09T20:05:00+00:00,Sun 2022-10-09 16:05,Carolina Panthers,San Francisco 49ers,2022-10-09T16:50:38+00:00,3.24,1,40.0,6.5,16.75,23.25,20,20
2022,5,c5ee548e267c1ae3b435e3ea15c74f71,2022-10-09T20:25:00+00:00,Sun 2022-10-09 16:25,Arizona Cardinals,Philadelphia Eagles,2022-10-09T16:50:38+00:00,3.57,1,48.5,5.5,21.5,27.0,20,20
2022,5,469a879f75369b9144bd06d53e8b2fac,2022-10-09T20:25:00+00:00,Sun 2022-10-09 16:25,Los Angeles Rams,Dallas Cowboys,2022-10-09T16:50:38+00:00,3.57,1,42.0,-5.0,23.5,18.5,20,20
2022,5,ac258fc5be27d39cf6397585885339f4,2022-10-10T00:20:00+00:00,Sun 2022-10-09 20:20,Baltimore Ravens,Cincinnati Bengals,2022-10-09T16:50:38+00:00,7.49,0,47.5,-3.0,25.25,22.25,20,20
2022,5,fcae205cf6cb686f97ffa9e2752f0cfe,2022-10-11T00:15:00+00:00,Mon 2022-10-10 20:15,Kansas City Chiefs,Las Vegas Raiders,2022-10-09T16:50:38+00:00,31.41,0,51.5,-7.0,29.25,22.25,20,20
2022,6,9be15ebbbb51a5b2e501478855b297df,2022-10-14T00:15:00+00:00,Thu 2022-10-13 20:15,Chicago Bears,Washington Commanders,2022-10-09T16:50:38+00:00,103.41,0,40.0,1.0,19.5,20.5,10,10
2022,6,20ab79c8ead53c3cf9446e7df0e65282,2022-10-16T17:00:00+00:00,Sun 2022-10-16 13:00,Atlanta Falcons,San Francisco 49ers,2022-10-16T16:50:38+00:00,0.16,1,45.5,3.5,21.0,24.5,20,20
2022,6,948e4722b2fcf43ab2462ce92159ae6f,2022-10-16T17:00:00+00:00,Sun 2022-10-16 13:00,New Orleans Saints,Cincinnati Bengals,2022-10-16T16:50:38+00:00,0.16,1,43.0,3.0,20.0,23.0,20,20
2022,6,25c30044dfe880529dea2e657edc4bd0,2022-10-16T17:00:00+00:00,Sun 2022-10-16 13:00,Cleveland Browns,New England Patriots,2022-10-16T16:50:38+00:00,0.16,1,43.5,-2.5,23.0,20.5,20,19
2022,6,611230488c4e89113616fa73fca7b8fb,2022-10-16T17:00:00+00:00,Sun 2022-10-16 13:00,Miami Dolphins,Minnesota Vikings,2022-10-16T16:50:38+00:00,0.16,1,45.0,3.0,21.0,24.0,20,19
2022,6,7c97ab16139a33a855401742e8dd6b0f,2022-10-16T17:00:00+00:00,Sun 2022-10-16 13:00,Pittsburgh Steelers,Tampa Bay Buccaneers,2022-10-16T16:50:38+00:00,0.16,1,46.5,9.5,18.5,28.0,20,19
2022,6,5accacd1ae250f92c5975525eaa9989a,2022-10-16T17:00:00+00:00,Sun 2022-10-16 13:00,New York Giants,Baltimore Ravens,2022-10-16T16:50:38+00:00,0.16,1,45.75,5.5,20.12,25.62,20,20
2022,6,86be312ee2eb7b18da6cb126129bd96d,2022-10-16T17:00:00+00:00,Sun 2022-10-16 13:00,Green Bay Packers,New York Jets,2022-10-16T16:50:38+00:00,0.16,1,44.75,-7.5,26.12,18.62,20,20
2022,6,08ea5a590d5dc0f7840120db6ded9c5a,2022-10-16T17:00:00+00:00,Sun 2022-10-16 13:00,Indianapolis Colts,Jacksonville Jaguars,2022-10-16T16:50:38+00:00,0.16,1,41.0,-1.5,21.25,19.75,20,20
2022,6,160e3c241afc1d510044e7f4f5c93d5a,2022-10-16T20:05:00+00:00,Sun 2022-10-16 16:05,Seattle Seahawks,Arizona Cardinals,2022-10-16T16:50:38+00:00,3.24,1,50.5,2.5,24.0,26.5,20,20
2022,6,f842d75a155d9da8fda154526b135263,2022-10-16T20:05:00+00:00,Sun 2022-10-16 16:05,Los Angeles Rams,Carolina Panthers,2022-10-16T16:50:38+00:00,3.24,1,41.5,-10.0,25.75,15.75,20,20
2022,6,d744f9f05e2c7f4b6148503040fbeb3a,2022-10-16T20:25:00+00:00,Sun 2022-10-16 16:25,Kansas City Chiefs,Buffalo Bills,2022-10-16T16:50:38+00:00,3.57,1,54.5,2.5,26.0,28.5,20,19
2022,6,afa93d25ca33fb8d8afeb325bf87f0e8,2022-10-17T00:20:00+00:00,Sun 2022-10-16 20:20,Philadelphia Eagles,Dallas Cowboys,2022-10-16T16:50:38+00:00,7.49,0,42.0,-6.5,24.25,17.75,20,20
2022,6,0cc8b29bf29387e23793f156f58acd73,2022-10-18T00:15:00+00:00,Mon 2022-10-17 20:15,Los Angeles Chargers,Denver Broncos,2022-10-16T16:50:38+00:00,31.41,0,45.5,-4.5,25.0,20.5,20,20
2022,7,eceae7a237ed3678e8b532260e6dfeb2,2022-10-21T00:15:00+00:00,Thu 2022-10-20 20:15,Arizona Cardinals,New Orleans Saints,2022-10-16T16:50:38+00:00,103.41,0,45.5,-2.5,24.0,21.5,10,10
2022,7,1e523b23bc0124e5070f45f0dbb7efd7,2022-10-23T17:00:00+00:00,Sun 2022-10-23 13:00,Cincinnati Bengals,Atlanta Falcons,2022-10-23T16:50:38+00:00,0.16,1,47.5,-6.5,27.0,20.5,19,19
2022,7,50e5b4e0646f1811e1ce4a7de04bf16f,2022-10-23T17:00:00+00:00,Sun 2022-10-23 13:00,Baltimore Ravens,Cleveland Browns,2022-10-23T16:50:38+00:00,0.16,1,46.5,-6.5,26.5,20.0,19,19
2022,7,c79b2e75ff0581387bf837d05e0eb629,2022-10-23T17:00:00+00:00,Sun 2022-10-23 13:00,Carolina Panthers,Tampa Bay Buccaneers,2022-10-23T16:50:38+00:00,0.16,1,38.5,13.0,12.75,25.75,19,19
2022,7,f818340ff452b93ef4d91ba419f34ff1,2022-10-23T17:00:00+00:00,Sun 2022-10-23 13:00,Dallas Cowboys,Detroit Lions,2022-10-23T16:50:38+00:00,0.16,1,49.5,-7.0,28.25,21.25,19,19
2022,7,b9655f2ff27a5ff531eb253cb9148407,2022-10-23T17:00:00+00:00,Sun 2022-10-23 13:00,Washington Commanders,Green Bay Packers,2022-10-23T16:50:38+00:00,0.16,1,41.5,4.0,18.75,22.75,19,19
2022,7,96511a2eb87d6e9135adc77fbf335562,2022-10-23T17:00:00+00:00,Sun 2022-10-23 13:00,Tennessee Titans,Indianapolis Colts,2022-10-23T16:50:38+00:00,0.16,1,43.0,-2.5,22.75,20.25,19,19
2022,7,7ce8b125557d9cffda5f99346e362830,2022-10-23T17:00:00+00:00,Sun 2022-10-23 13:00,Jacksonville Jaguars,New York Giants,2022-10-23T16:50:38+00:00,0.16,1,44.0,-3.0,23.5,20.5,19,18
2022,7,2534c9e1734e30648edaa9ec84a1a926,2022-10-23T20:05:00+00:00,Sun 2022-10-23 16:05,Denver Broncos,New York Jets,2022-10-23T16:50:38+00:00,3.24,1,36.5,2.5,17.0,19.5,19,19
2022,7,6ebcbc87957d3f4337c4f32fa3b8ffe1,2022-10-23T20:05:00+00:00,Sun 2022-10-23 16:05,Las Vegas Raiders,Houston Texans,2022-10-23T16:50:38+00:00,3.24,1,46.0,-7.0,26.5,19.5,19,19
2022,7,217f00b3f4c966285aa77df528fc1587,2022-10-23T20:25:00+00:00,Sun 2022-10-23 16:25,San Francisco 49ers,Kansas City Chiefs,2022-10-23T16:50:38+00:00,3.57,1,49.0,1.0,24.0,25.0,19,19
2022,7,9ac1f4d3a1c0c5e3fc519936ddfcc23e,2022-10-23T20:25:00+00:00,Sun 2022-10-23 16:25,Los Angeles Chargers,Seattle Seahawks,2022-10-23T16:50:38+00:00,3.57,1,51.0,-4.5,27.75,23.25,19,19
2022,7,d5efe8b731ef3b24213cc963f589072d,2022-10-24T00:20:00+00:00,Sun 2022-10-23 20:20,Miami Dolphins,Pittsburgh Steelers,2022-10-23T16:50:38+00:00,7.49,0,44.5,-7.5,26.0,18.5,19,19
2022,7,30272db12fa482482ce72e0b25aa157b,2022-10-25T00:15:00+00:00,Mon 2022-10-24 20:15,New England Patriots,Chicago Bears,2022-10-23T16:50:38+00:00,31.41,0,40.5,-8.5,24.5,16.0,19,19
2022,8,8838f455ed167736eda069f20e4315a6,2022-10-28T00:15:00+00:00,Thu 2022-10-27 20:15,Tampa Bay Buccaneers,Baltimore Ravens,2022-10-23T16:50:38+00:00,103.41,0,44.0,-3.0,23.5,20.5,11,10
2022,8,0c056485fc7897af7947e667069e420b,2022-10-30T13:30:00+00:00,Sun 2022-10-30 09:30,Jacksonville Jaguars,Denver Broncos,2022-10-23T16:50:38+00:00,164.66,0,40.5,-3.0,21.75,18.75,8,8
2022,8,24343288ee1dd1405d89fe88a0aec57c,2022-10-30T17:00:00+00:00,Sun 2022-10-30 13:00,Atlanta Falcons,Carolina Panthers,2022-10-30T16:50:38+00:00,0.16,1,41.0,-4.0,22.5,18.5,20,20
2022,8,127cac8c3221336aa38df5b846f2dbeb,2022-10-30T17:00:00+00:00,Sun 2022-10-30 13:00,Dallas Cowboys,Chicago Bears,2022-10-30T16:50:38+00:00,0.16,1,43.0,-9.5,26.25,16.75,20,20
2022,8,cf7283279795f05bff660461617d6825,2022-10-30T17:00:00+00:00,Sun 2022-10-30 13:00,Detroit Lions,Miami Dolphins,2022-10-30T16:50:38+00:00,0.16,1,52.0,3.5,24.25,27.75,20,20
2022,8,93ce7a34b4c443ac8035319a061de0a9,2022-10-30T17:00:00+00:00,Sun 2022-10-30 13:00,New York Jets,New England Patriots,2022-10-30T16:50:38+00:00,0.16,1,40.0,3.0,18.5,21.5,20,20
2022,8,acf99d213b4af0eef3ef32a7a7349934,2022-10-30T17:00:00+00:00,Sun 2022-10-30 13:00,Philadelphia Eagles,Pittsburgh Steelers,2022-10-30T16:50:38+00:00,0.16,1,43.0,-11.5,27.25,15.75,20,20
2022,8,fbef1db7e3116a12749166bf3f1e0d64,2022-10-30T17:00:00+00:00,Sun 2022-10-30 13:00,Minnesota Vikings,Arizona Cardinals,2022-10-30T16:50:38+00:00,0.16,1,48.5,-4.0,26.25,22.25,20,20
2022,8,767ca7cda3e3ade1887e30671d5fc213,2022-10-30T17:00:00+00:00,Sun 2022-10-30 13:00,New Orleans Saints,Las Vegas Raiders,2022-10-30T16:50:38+00:00,0.16,1,48.5,1.0,23.75,24.75,20,20
2022,8,3f31d44a7851a326bf6ad66c25489e8f,2022-10-30T20:05:00+00:00,Sun 2022-10-30 16:05,Houston Texans,Tennessee Titans,2022-10-30T16:50:38+00:00,3.24,1,39.5,1.0,19.25,20.25,20,20
2022,8,d599bb938080a04236388836560dbbd9,2022-10-30T20:25:00+00:00,Sun 2022-10-30 16:25,Indianapolis Colts,Washington Commanders,2022-10-30T16:50:38+00:00,3.57,1,40.0,-3.0,21.5,18.5,20,19
2022,8,dd0275b44eb341aacda741f621b6a966,2022-10-30T20:25:00+00:00,Sun 2022-10-30 16:25,Los Angeles Rams,San Francisco 49ers,2022-10-30T16:50:38+00:00,3.57,1,42.0,0.0,21.0,21.0,19,18
2022,8,41953e2f7061ceb6b6b48c391bfa52ce,2022-10-30T20:25:00+00:00,Sun 2022-10-30 16:25,Seattle Seahawks,New York Giants,2022-10-30T16:50:38+00:00,3.57,1,44.25,-3.0,23.62,20.62,20,20
2022,8,5babc5df2e2dbae5ce7baec2e5628330,2022-10-31T00:20:00+00:00,Sun 2022-10-30 20:20,Buffalo Bills,Green Bay Packers,2022-10-30T16:50:38+00:00,7.49,0,47.0,-10.5,28.75,18.25,20,20
2022,8,67e7b19f194b1cc4b653f6bd45b6521a,2022-11-01T00:15:00+00:00,Mon 2022-10-31 20:15,Cleveland Browns,Cincinnati Bengals,2022-10-30T16:50:38+00:00,31.41,0,45.0,3.0,21.0,24.0,20,19
2022,9,075dbff0219a3a1100c513400c4796ef,2022-11-04T00:15:00+00:00,Thu 2022-11-03 20:15,Houston Texans,Philadelphia Eagles,2022-10-30T16:50:38+00:00,103.41,0,43.5,9.25,17.12,26.38,10,10
2022,9,bba09e52bc88c100a91e824f49be11d5,2022-11-06T18:00:00+00:00,Sun 2022-11-06 13:00,Atlanta Falcons,Los Angeles Chargers,2022-11-06T17:50:38+00:00,0.16,1,49.5,2.5,23.5,26.0,20,20
2022,9,11d244b82e507e18b6439dec557b727a,2022-11-06T18:00:00+00:00,Sun 2022-11-06 13:00,New York Jets,Buffalo Bills,2022-11-06T17:50:38+00:00,0.16,1,46.0,10.5,17.75,28.25,20,20
2022,9,06914c8e4dd403676aee566d7cc9bb69,2022-11-06T18:00:00+00:00,Sun 2022-11-06 13:00,Cincinnati Bengals,Carolina Panthers,2022-11-06T17:50:38+00:00,0.16,1,42.5,-7.0,24.75,17.75,20,20
2022,9,9b891783803c8abff0047cf91db2ab3a,2022-11-06T18:00:00+00:00,Sun 2022-11-06 13:00,Chicago Bears,Miami Dolphins,2022-11-06T17:50:38+00:00,0.16,1,46.0,4.0,21.0,25.0,20,20
2022,9,1442a46d7b8b1be156fe3d2932975633,2022-11-06T18:00:00+00:00,Sun 2022-11-06 13:00,Detroit Lions,Green Bay Packers,2022-11-06T17:50:38+00:00,0.16,1,49.5,4.0,22.75,26.75,20,20
2022,9,68f51e5e002cdb584027daada09f3649,2022-11-06T18:00:00+00:00,Sun 2022-11-06 13:00,New England Patriots,Indianapolis Colts,2022-11-06T17:50:38+00:00,0.16,1,40.0,-5.0,22.5,17.5,20,20
2022,9,7efdf15a254279be00ebd0f6a7da0150,2022-11-06T18:00:00+00:00,Sun 2022-11-06 13:00,Jacksonville Jaguars,Las Vegas Raiders,2022-11-06T17:50:38+00:00,0.16,1,48.0,2.5,22.75,25.25,20,20
2022,9,3f0616838df7ceba78457c56176e0bcb,2022-11-06T18:00:00+00:00,Sun 2022-11-06 13:00,Washington Commanders,Minnesota Vikings,2022-11-06T17:50:38+00:00,0.16,1,43.5,3.0,20.25,23.25,20,20
2022,9,d1f64ef02a225673944a68df3761f46b,2022-11-06T21:05:00+00:00,Sun 2022-11-06 16:05,Arizona Cardinals,Seattle Seahawks,2022-11-06T17:50:38+00:00,3.24,1,49.0,-1.5,25.25,23.75,20,20
2022,9,f5bc53c5b850de36eff5cf4fde8d8d25,2022-11-06T21:25:00+00:00,Sun 2022-11-06 16:25,Tampa Bay Buccaneers,Los Angeles Rams,2022-11-06T17:50:38+00:00,3.57,1,42.5,-3.0,22.75,19.75,20,20
2022,9,11b4f477a555bc5f5500530b189f5e5f,2022-11-07T01:20:00+00:00,Sun 2022-11-06 20:20,Kansas City Chiefs,Tennessee Titans,2022-11-06T17:50:38+00:00,7.49,0,45.5,-13.5,29.5,16.0,20,20
2022,9,834aeb82cb4e4c5c6de2603b98a55206,2022-11-08T01:15:00+00:00,Mon 2022-11-07 20:15,New Orleans Saints,Baltimore Ravens,2022-11-06T17:50:38+00:00,31.41,0,47.0,1.5,22.75,24.25,20,20
2022,10,dd028b4da19e4bbee6221484c6e32cd7,2022-11-11T01:15:00+00:00,Thu 2022-11-10 20:15,Carolina Panthers,Atlanta Falcons,2022-11-06T17:50:38+00:00,103.41,0,41.5,1.5,20.0,21.5,9,10
2022,10,e8dce84fd844264b94713f2ce384fbcb,2022-11-13T14:30:00+00:00,Sun 2022-11-13 09:30,Tampa Bay Buccaneers,Seattle Seahawks,2022-11-06T17:50:38+00:00,164.66,0,46.5,-2.5,24.5,22.0,9,10
2022,10,97f9ebd005616e0287299b00e546a819,2022-11-13T18:00:00+00:00,Sun 2022-11-13 13:00,Buffalo Bills,Minnesota Vikings,2022-11-13T17:50:38+00:00,0.16,1,46.5,-6.5,26.5,20.0,19,20
2022,10,a62c2d9f2331d1db1d4acd8a07e05caa,2022-11-13T18:00:00+00:00,Sun 2022-11-13 13:00,Chicago Bears,Detroit Lions,2022-11-13T17:50:38+00:00,0.16,1,48.5,-3.0,25.75,22.75,19,20
2022,10,d2e4c7e39c1fe3cbb4f933c8b2d0fbf2,2022-11-13T18:00:00+00:00,Sun 2022-11-13 13:00,Miami Dolphins,Cleveland Browns,2022-11-13T17:50:38+00:00,0.16,1,49.5,-3.5,26.5,23.0,19,20
2022,10,92490f29e85c8e40206640dedf667441,2022-11-13T18:00:00+00:00,Sun 2022-11-13 13:00,Tennessee Titans,Denver Broncos,2022-11-13T17:50:38+00:00,0.16,1,39.5,-2.5,21.0,18.5,19,20
2022,10,7b024b3be1e733850d3297ccb2311aac,2022-11-13T18:00:00+00:00,Sun 2022-11-13 13:00,New York Giants,Houston Texans,2022-11-13T17:50:38+00:00,0.16,1,41.5,-5.0,23.25,18.25,19,20
2022,10,0148d027b7cb8dc406855ea91a6b7978,2022-11-13T18:00:00+00:00,Sun 2022-11-13 13:00,Kansas City Chiefs,Jacksonville Jaguars,2022-11-13T17:50:38+00:00,0.16,1,51.5,-9.5,30.5,21.0,19,20
2022,10,27c35e3d77cd2d04f67575352f6aea37,2022-11-13T18:00:00+00:00,Sun 2022-11-13 13:00,Pittsburgh Steelers,New Orleans Saints,2022-11-13T17:50:38+00:00,0.16,1,39.5,-1.0,20.25,19.25,19,20
2022,10,73ff0a347489c3e14ef1edf087e5262c,2022-11-13T21:05:00+00:00,Sun 2022-11-13 16:05,Las Vegas Raiders,Indianapolis Colts,2022-11-13T17:50:38+00:00,3.24,1,41.0,-4.5,22.75,18.25,19,20
2022,10,49b82cfa8d543643cf2b5d5109afa7be,2022-11-13T21:25:00+00:00,Sun 2022-11-13 16:25,Green Bay Packers,Dallas Cowboys,2022-11-13T17:50:38+00:00,3.57,1,44.5,3.5,20.5,24.0,19,20
2022,10,dc14776bbc570877bb13425bd8c4db0a,2022-11-13T21:25:00+00:00,Sun 2022-11-13 16:25,Los Angeles Rams,Arizona Cardinals,2022-11-13T17:50:38+00:00,3.57,1,38.5,-3.0,20.75,17.75,19,20
2022,10,04b8e0aa7595d6a8497456b3144ae859,2022-11-14T01:20:00+00:00,Sun 2022-11-13 20:20,San Francisco 49ers,Los Angeles Chargers,2022-11-13T17:50:38+00:00,7.49,0,45.5,-7.5,26.5,19.0,19,20
2022,10,e4cb60c1cd96813bbf67450007cb2a10,2022-11-15T01:15:00+00:00,Mon 2022-11-14 20:15,Philadelphia Eagles,Washington Commanders,2022-11-13T17:50:38+00:00,31.41,0,43.5,-11.0,27.25,16.25,19,20
2022,11,e0798499a67017b5837ab3fb09e24777,2022-11-18T01:15:00+00:00,Thu 2022-11-17 20:15,Green Bay Packers,Tennessee Titans,2022-11-13T17:50:38+00:00,103.41,0,41.0,-1.0,21.0,20.0,7,9
2022,11,449d4f6af92880469d4d3405e34042e3,2022-11-20T18:00:00+00:00,Sun 2022-11-20 13:00,Atlanta Falcons,Chicago Bears,2022-11-20T17:50:38+00:00,0.16,1,48.5,-2.5,25.5,23.0,18,19
2022,11,f53af7a0ca9789f19b3ee9af25cd9d93,2022-11-20T18:00:00+00:00,Sun 2022-11-20 13:00,Baltimore Ravens,Carolina Panthers,2022-11-20T17:50:38+00:00,0.16,1,41.5,-12.5,27.0,14.5,18,19
2022,11,0e207b9097d05f4e0c29eaa51dfba378,2022-11-20T18:00:00+00:00,Sun 2022-11-20 13:00,Buffalo Bills,Cleveland Browns,2022-11-20T17:50:38+00:00,0.16,1,50.5,-7.5,29.0,21.5,18,19
2022,11,b879f75b3c85ed1c8a686acaa9c03d9a,2022-11-20T18:00:00+00:00,Sun 2022-11-20 13:00,New York Giants,Detroit Lions,2022-11-20T17:50:38+00:00,0.16,1,44.5,-3.0,23.75,20.75,18,18
2022,11,13609957f97b2469d6a01db2ad42a053,2022-11-20T18:00:00+00:00,Sun 2022-11-20 13:00,Houston Texans,Washington Commanders,2022-11-20T17:50:38+00:00,0.16,1,41.0,3.0,19.0,22.0,18,19
2022,11,165cbe2f28ce9b22f4dda8169843f848,2022-11-20T18:00:00+00:00,Sun 2022-11-20 13:00,Indianapolis Colts,Philadelphia Eagles,2022-11-20T17:50:38+00:00,0.16,1,45.5,6.5,19.5,26.0,18,19
2022,11,45a5068369254d1d6c1b925e3792068d,2022-11-20T18:00:00+00:00,Sun 2022-11-20 13:00,New Orleans Saints,Los Angeles Rams,2022-11-20T17:50:38+00:00,0.16,1,39.0,-2.5,20.75,18.25,18,19
2022,11,52229c7e0378a451ccd345fe8de45a52,2022-11-20T18:00:00+00:00,Sun 2022-11-20 13:00,New England Patriots,New York Jets,2022-11-20T17:50:38+00:00,0.16,1,38.0,-3.5,20.75,17.25,18,19
2022,11,7e0b980531f449fae861daf30b37116a,2022-11-20T21:05:00+00:00,Sun 2022-11-20 16:05,Denver Broncos,Las Vegas Raiders,2022-11-20T17:50:38+00:00,3.24,1,41.5,-2.5,22.0,19.5,18,18
2022,11,7b59ad0c31af31b823f5ed7455f7ac53,2022-11-20T21:25:00+00:00,Sun 2022-11-20 16:25,Pittsburgh Steelers,Cincinnati Bengals,2022-11-20T17:50:38+00:00,3.57,1,39.5,3.5,18.0,21.5,18,19
2022,11,45cc9feb5cd8b7d9dd2eafe64ceef1d3,2022-11-20T21:25:00+00:00,Sun 2022-11-20 16:25,Minnesota Vikings,Dallas Cowboys,2022-11-20T17:50:38+00:00,3.57,1,48.5,2.0,23.25,25.25,18,19
2022,11,bc7a7e572d3b7b9ed988a9feebf09aa6,2022-11-21T01:20:00+00:00,Sun 2022-11-20 20:20,Los Angeles Chargers,Kansas City Chiefs,2022-11-20T17:50:38+00:00,7.49,0,52.5,5.5,23.5,29.0,18,19
2022,11,6cb8b70ef8969b46535e63a71e9500f5,2022-11-22T01:15:00+00:00,Mon 2022-11-21 20:15,Arizona Cardinals,San Francisco 49ers,2022-11-20T17:50:38+00:00,31.41,0,43.5,8.0,17.75,25.75,18,19
2022,12,febaaec689e0d22db53cb8eec2177048,2022-11-24T17:30:00+00:00,Thu 2022-11-24 12:30,Detroit Lions,Buffalo Bills,2022-11-20T17:50:38+00:00,95.66,0,51.5,10.0,20.75,30.75,9,11
2022,12,7105b806f4de825d7ed04c2a88ea7dc1,2022-11-24T21:30:00+00:00,Thu 2022-11-24 16:30,Dallas Cowboys,New York Giants,2022-11-20T17:50:38+00:00,99.66,0,43.0,-7.0,25.0,18.0,9,11
2022,12,bcc13922c6264eaf1f2a63ff1870a580,2022-11-25T01:20:00+00:00,Thu 2022-11-24 20:20,Minnesota Vikings,New England Patriots,2022-11-20T17:50:38+00:00,103.49,0,43.5,-3.5,23.5,20.0,9,10
2022,12,6ed6b7033de80a6acae7123c23a71963,2022-11-27T18:00:00+00:00,Sun 2022-11-27 13:00,Washington Commanders,Atlanta Falcons,2022-11-27T17:50:37+00:00,0.16,1,40.5,-3.5,22.0,18.5,18,19
2022,12,f3d4a9a81b6e2a4d6562e069ab0a2ff3,2022-11-27T18:00:00+00:00,Sun 2022-11-27 13:00,Jacksonville Jaguars,Baltimore Ravens,2022-11-27T17:50:37+00:00,0.16,1,43.0,3.0,20.0,23.0,18,18
2022,12,9c1fde4f7f0376df696309ad98202102,2022-11-27T18:00:00+00:00,Sun 2022-11-27 13:00,Carolina Panthers,Denver Broncos,2022-11-27T17:50:37+00:00,0.16,1,36.0,1.0,17.5,18.5,18,19
2022,12,38bf123ec9df3af4efff83e45f472c61,2022-11-27T18:00:00+00:00,Sun 2022-11-27 13:00,New York Jets,Chicago Bears,2022-11-27T17:50:37+00:00,0.16,1,36.5,-7.5,22.0,14.5,18,19
2022,12,2444eaf8abc191114f858dc98d2d8d81,2022-11-27T18:00:00+00:00,Sun 2022-11-27 13:00,Tennessee Titans,Cincinnati Bengals,2022-11-27T17:50:37+00:00,0.16,1,42.5,0.0,21.25,21.25,18,19
2022,12,2fb2ee796b6d7f240603c06a2a981b35,2022-11-27T18:00:00+00:00,Sun 2022-11-27 13:00,Cleveland Browns,Tampa Bay Buccaneers,2022-11-27T17:50:37+00:00,0.16,1,42.0,3.5,19.25,22.75,18,18
2022,12,dbef6e83eefc8bbae8f75546dcd307c7,2022-11-27T18:00:00+00:00,Sun 2022-11-27 13:00,Miami Dolphins,Houston Texans,2022-11-27T17:50:37+00:00,0.16,1,47.0,-14.0,30.5,16.5,18,19
2022,12,ecdbfe9b206222bd1a8f42325b22b594,2022-11-27T21:05:00+00:00,Sun 2022-11-27 16:05,Arizona Cardinals,Los Angeles Chargers,2022-11-27T17:50:37+00:00,3.24,1,48.5,2.5,23.0,25.5,18,18
2022,12,5b09f0e3e19fda1bcc3ada157285ef2b,2022-11-27T21:05:00+00:00,Sun 2022-11-27 16:05,Seattle Seahawks,Las Vegas Raiders,2022-11-27T17:50:37+00:00,3.24,1,47.5,-4.0,25.75,21.75,18,19
2022,12,cde5ac558586f86472c25a36c4da943f,2022-11-27T21:25:00+00:00,Sun 2022-11-27 16:25,Kansas City Chiefs,Los Angeles Rams,2022-11-27T17:50:37+00:00,3.57,1,42.0,-15.5,28.75,13.25,18,19
2022,12,c00c2b33fb6e444baf36064cc1351305,2022-11-27T21:25:00+00:00,Sun 2022-11-27 16:25,San Francisco 49ers,New Orleans Saints,2022-11-27T17:50:37+00:00,3.57,1,43.5,-9.0,26.25,17.25,18,19
2022,12,3b11e95bcebc77bc722ae73cef93d1de,2022-11-28T01:20:00+00:00,Sun 2022-11-27 20:20,Philadelphia Eagles,Green Bay Packers,2022-11-27T17:50:37+00:00,7.49,0,46.0,-6.5,26.25,19.75,18,19
2022,12,5a9f3d53ca881b4b20b28b4c16066adc,2022-11-29T01:15:00+00:00,Mon 2022-11-28 20:15,Indianapolis Colts,Pittsburgh Steelers,2022-11-27T17:50:37+00:00,31.41,0,39.5,-2.5,21.0,18.5,18,19
2022,13,648a63e7bde1e6976d622537e874ad04,2022-12-02T01:15:00+00:00,Thu 2022-12-01 20:15,New England Patriots,Buffalo Bills,2022-11-27T17:50:37+00:00,103.41,0,44.5,5.5,19.5,25.0,4,4
2022,13,92a6537e4987e5fcb717d0de33f019ab,2022-12-04T18:00:00+00:00,Sun 2022-12-04 13:00,Atlanta Falcons,Pittsburgh Steelers,2022-12-04T17:50:37+00:00,0.16,1,43.0,1.0,21.0,22.0,18,19
2022,13,e7dbbac30c2f7432a79caa45ed79bc84,2022-12-04T18:00:00+00:00,Sun 2022-12-04 13:00,Baltimore Ravens,Denver Broncos,2022-12-04T17:50:37+00:00,0.16,1,40.5,-9.0,24.75,15.75,18,19
2022,13,d4d95e6c6da313273ec0827e85f24b49,2022-12-04T18:00:00+00:00,Sun 2022-12-04 13:00,Chicago Bears,Green Bay Packers,2022-12-04T17:50:37+00:00,0.16,1,45.0,3.5,20.75,24.25,18,19
2022,13,3aa887ce94449463b1e91d35f3b35902,2022-12-04T18:00:00+00:00,Sun 2022-12-04 13:00,Houston Texans,Cleveland Browns,2022-12-04T17:50:37+00:00,0.16,1,46.5,7.5,19.5,27.0,18,19
2022,13,0ad38217d98c00a04b948e08b69a481d,2022-12-04T18:00:00+00:00,Sun 2022-12-04 13:00,Detroit Lions,Jacksonville Jaguars,2022-12-04T17:50:37+00:00,0.16,1,51.0,-1.5,26.25,24.75,18,19
2022,13,7e4be41bab93ace9b1872c0979c78a94,2022-12-04T18:00:00+00:00,Sun 2022-12-04 13:00,Minnesota Vikings,New York Jets,2022-12-04T17:50:37+00:00,0.16,1,44.0,-3.0,23.5,20.5,18,19
2022,13,bc12a0fc8e096e6d75a83986bf90ebfc,2022-12-04T18:00:00+00:00,Sun 2022-12-04 13:00,New York Giants,Washington Commanders,2022-12-04T17:50:37+00:00,0.16,1,40.25,2.5,18.88,21.38,18,19
2022,13,9fec0cf1ae00293bfc260767f250d719,2022-12-04T18:00:00+00:00,Sun 2022-12-04 13:00,Philadelphia Eagles,Tennessee Titans,2022-12-04T17:50:37+00:00,0.16,1,44.5,-4.5,24.5,20.0,18,19
2022,13,67ac660048e5f7a387981b8704b6e37c,2022-12-04T21:05:00+00:00,Sun 2022-12-04 16:05,Los Angeles Rams,Seattle Seahawks,2022-12-04T17:50:37+00:00,3.24,1,41.0,6.5,17.25,23.75,18,19
2022,13,0e67e61df04c675d9166406e9f953e69,2022-12-04T21:05:00+00:00,Sun 2022-12-04 16:05,San Francisco 49ers,Miami Dolphins,2022-12-04T17:50:37+00:00,3.24,1,45.5,-5.0,25.25,20.25,18,19
2022,13,bafbb177c810d5be0a2d0a84e3698e54,2022-12-04T21:25:00+00:00,Sun 2022-12-04 16:25,Cincinnati Bengals,Kansas City Chiefs,2022-12-04T17:50:37+00:00,3.57,1,52.75,2.5,25.12,27.62,18,19
2022,13,4631035aeb30e4665fe564e5ada06a42,2022-12-04T21:25:00+00:00,Sun 2022-12-04 16:25,Las Vegas Raiders,Los Angeles Chargers,2022-12-04T17:50:37+00:00,3.57,1,49.5,-2.5,26.0,23.5,18,19
2022,13,99b216c0d5561f7a73ff329a0f46f3a5,2022-12-05T01:20:00+00:00,Sun 2022-12-04 20:20,Dallas Cowboys,Indianapolis Colts,2022-12-04T17:50:37+00:00,7.49,0,44.5,-10.5,27.5,17.0,18,19
2022,13,629a32a787b46ef94502e1e192099152,2022-12-06T01:15:00+00:00,Mon 2022-12-05 20:15,Tampa Bay Buccaneers,New Orleans Saints,2022-12-04T17:50:37+00:00,31.41,0,40.5,-3.5,22.0,18.5,18,19
2022,14,fa5afdf3604fb3aaf30df4a2a19b4e6d,2022-12-09T01:15:00+00:00,Thu 2022-12-08 20:15,Los Angeles Rams,Las Vegas Raiders,2022-12-04T17:50:37+00:00,103.41,0,43.0,5.5,18.75,24.25,8,10
2022,14,38c83e1b190fee998f219d974d43d256,2022-12-11T18:00:00+00:00,Sun 2022-12-11 13:00,Pittsburgh Steelers,Baltimore Ravens,2022-12-11T17:50:38+00:00,0.16,1,36.5,-2.0,19.25,17.25,20,21
2022,14,c3879af35c7ee9a225ef520a385c63a6,2022-12-11T18:00:00+00:00,Sun 2022-12-11 13:00,Buffalo Bills,New York Jets,2022-12-11T17:50:38+00:00,0.16,1,43.5,-10.0,26.75,16.75,20,21
2022,14,089269ad9478fc6cbb44d8343d46f5d5,2022-12-11T18:00:00+00:00,Sun 2022-12-11 13:00,Cincinnati Bengals,Cleveland Browns,2022-12-11T17:50:38+00:00,0.16,1,47.0,-4.0,25.5,21.5,20,21
2022,14,78b1f6b9eb7c2184a7df6c95fd5659bd,2022-12-11T18:00:00+00:00,Sun 2022-12-11 13:00,Dallas Cowboys,Houston Texans,2022-12-11T17:50:38+00:00,0.16,1,44.5,-17.0,30.75,13.75,20,21
2022,14,4098a622a3f285e68b917d7731d159af,2022-12-11T18:00:00+00:00,Sun 2022-12-11 13:00,Detroit Lions,Minnesota Vikings,2022-12-11T17:50:38+00:00,0.16,1,51.5,-2.5,27.0,24.5,20,21
2022,14,e25d311bdd422b2dcbc8921563abaaf8,2022-12-11T18:00:00+00:00,Sun 2022-12-11 13:00,Tennessee Titans,Jacksonville Jaguars,2022-12-11T17:50:38+00:00,0.16,1,41.5,-3.5,22.5,19.0,20,21
2022,14,f2a228aee418d71a16458c54483fe403,2022-12-11T18:00:00+00:00,Sun 2022-12-11 13:00,New York Giants,Philadelphia Eagles,2022-12-11T17:50:38+00:00,0.16,1,44.5,7.0,18.75,25.75,19,21
2022,14,f88dcc788ebadb734a69fb98607f6951,2022-12-11T21:05:00+00:00,Sun 2022-12-11 16:05,Denver Broncos,Kansas City Chiefs,2022-12-11T17:50:38+00:00,3.24,1,44.0,9.0,17.5,26.5,20,21
2022,14,1c53976aaf640261e20389f0adc483fb,2022-12-11T21:25:00+00:00,Sun 2022-12-11 16:25,Seattle Seahawks,Carolina Panthers,2022-12-11T17:50:38+00:00,3.57,1,44.5,-3.5,24.0,20.5,20,21
2022,14,92d507bec5867faeed0cd9a78221ae4e,2022-12-11T21:25:00+00:00,Sun 2022-12-11 16:25,San Francisco 49ers,Tampa Bay Buccaneers,2022-12-11T17:50:38+00:00,3.57,1,38.5,-3.5,21.0,17.5,20,21
2022,14,8b670614db76416be89e4567f2c9ea19,2022-12-12T01:20:00+00:00,Sun 2022-12-11 20:20,Los Angeles Chargers,Miami Dolphins,2022-12-11T17:50:38+00:00,7.49,0,55.0,3.0,26.0,29.0,20,20
2022,14,fb981ac7a5b551b8ddb08a3ef9a0a72b,2022-12-13T01:15:00+00:00,Mon 2022-12-12 20:15,Arizona Cardinals,New England Patriots,2022-12-11T17:50:38+00:00,31.41,0,43.5,1.5,21.0,22.5,20,21
2022,15,bfc2fff0a1560555340abb96c97a4455,2022-12-16T01:15:00+00:00,Thu 2022-12-15 20:15,Seattle Seahawks,San Francisco 49ers,2022-12-11T17:50:38+00:00,103.41,0,41.5,1.5,20.0,21.5,8,10
2022,15,097d7cca5a146595a666d09d01061194,2022-12-17T18:00:00+00:00,Sat 2022-12-17 13:00,Minnesota Vikings,Indianapolis Colts,2022-12-11T17:50:38+00:00,144.16,0,46.5,-5.5,26.0,20.5,8,10
2022,15,39a37abc6b6490e2ce5d096c49ac93c7,2022-12-17T21:30:00+00:00,Sat 2022-12-17 16:30,Cleveland Browns,Baltimore Ravens,2022-12-11T17:50:38+00:00,147.66,0,42.0,-3.0,22.5,19.5,8,10
2022,15,009216caaa17dcdd5709632618c4f64e,2022-12-18T01:15:00+00:00,Sat 2022-12-17 20:15,Buffalo Bills,Miami Dolphins,2022-12-11T17:50:38+00:00,151.41,0,48.0,-6.5,27.25,20.75,8,10
2022,15,79b8216e2aa85d1c4d664e0a3c5e4d8a,2022-12-18T18:00:00+00:00,Sun 2022-12-18 13:00,New Orleans Saints,Atlanta Falcons,2022-12-18T17:50:38+00:00,0.16,1,43.5,-5.0,24.25,19.25,20,21
2022,15,b7f6dfdbea980df539ed96c04543f49b,2022-12-18T18:00:00+00:00,Sun 2022-12-18 13:00,Carolina Panthers,Pittsburgh Steelers,2022-12-18T17:50:38+00:00,0.16,1,37.0,-2.5,19.75,17.25,20,21
2022,15,c64e67fb91447607532599a1fee414a2,2022-12-18T18:00:00+00:00,Sun 2022-12-18 13:00,Chicago Bears,Philadelphia Eagles,2022-12-18T17:50:38+00:00,0.16,1,47.5,8.5,19.5,28.0,20,21
2022,15,fe7ef98f1aa49c05a3b85fd964e0edf8,2022-12-18T18:00:00+00:00,Sun 2022-12-18 13:00,Jacksonville Jaguars,Dallas Cowboys,2022-12-18T17:50:38+00:00,0.16,1,48.0,4.0,22.0,26.0,20,21
2022,15,070de23f577697a18462c7adca31bf1f,2022-12-18T18:00:00+00:00,Sun 2022-12-18 13:00,New York Jets,Detroit Lions,2022-12-18T17:50:38+00:00,0.16,1,44.0,-2.0,23.0,21.0,20,21
2022,15,e8de5d72c1372f02de119912b64a21c3,2022-12-18T18:00:00+00:00,Sun 2022-12-18 13:00,Houston Texans,Kansas City Chiefs,2022-12-18T17:50:38+00:00,0.16,1,48.5,14.0,17.25,31.25,20,21
2022,15,c634a2c46ff54370670ad050d2a82c1b,2022-12-18T21:05:00+00:00,Sun 2022-12-18 16:05,Denver Broncos,Arizona Cardinals,2022-12-18T17:50:38+00:00,3.24,1,37.0,-1.5,19.25,17.75,20,21
2022,15,4c5b3ee5e101c747af1e0ecca5052fda,2022-12-18T21:05:00+00:00,Sun 2022-12-18 16:05,Las Vegas Raiders,New England Patriots,2022-12-18T17:50:38+00:00,3.24,1,45.0,-2.0,23.5,21.5,20,21
2022,15,88eb986beb1b5ad3d9d5be6982b4b888,2022-12-18T21:25:00+00:00,Sun 2022-12-18 16:25,Tampa Bay Buccaneers,Cincinnati Bengals,2022-12-18T17:50:38+00:00,3.57,1,47.0,3.5,21.75,25.25,20,21
2022,15,834d3af92d37a4f63d1420818e82cfe7,2022-12-18T21:25:00+00:00,Sun 2022-12-18 16:25,Los Angeles Chargers,Tennessee Titans,2022-12-18T17:50:38+00:00,3.57,1,46.5,-3.0,24.75,21.75,20,20
2022,15,4d39353db40b2b869af399ab45804741,2022-12-19T01:20:00+00:00,Sun 2022-12-18 20:20,Washington Commanders,New York Giants,2022-12-18T17:50:38+00:00,7.49,0,40.5,-4.5,22.5,18.0,20,21
2022,15,19e2817e55006588c27a8fe0c3adc6e5,2022-12-20T01:15:00+00:00,Mon 2022-12-19 20:15,Green Bay Packers,Los Angeles Rams,2022-12-18T17:50:38+00:00,31.41,0,39.5,-7.0,23.25,16.25,20,21
2022,16,fdb0d9c356251dd64d77fcd82fcd3ccd,2022-12-23T01:15:00+00:00,Thu 2022-12-22 20:15,New York Jets,Jacksonville Jaguars,2022-12-18T17:50:38+00:00,103.41,0,42.0,-2.0,22.0,20.0,9,11
2022,16,6315dd6693745b9f046731b2c5801c8a,2022-12-24T18:00:00+00:00,Sat 2022-12-24 13:00,Carolina Panthers,Detroit Lions,2022-12-18T17:50:38+00:00,144.16,0,44.5,2.5,21.0,23.5,9,11
2022,16,a0962959877bd173887cf3593c3047af,2022-12-24T18:00:00+00:00,Sat 2022-12-24 13:00,New England Patriots,Cincinnati Bengals,2022-12-18T17:50:38+00:00,144.16,0,42.0,3.0,19.5,22.5,9,11
2022,16,b714befa72fb5578bd57a78c6a8d93e9,2022-12-24T18:00:00+00:00,Sat 2022-12-24 13:00,Tennessee Titans,Houston Texans,2022-12-18T17:50:38+00:00,144.16,0,41.0,-8.5,24.75,16.25,9,11
2022,16,2df163ab7fd7af004cc645916541167a,2022-12-24T18:00:00+00:00,Sat 2022-12-24 13:00,Kansas City Chiefs,Seattle Seahawks,2022-12-18T17:50:38+00:00,144.16,0,48.5,-9.5,29.0,19.5,7,9
2022,16,07e64324b1bba0b3cb608a10f490467c,2022-12-24T21:05:00+00:00,Sat 2022-12-24 16:05,San Francisco 49ers,Washington Commanders,2022-12-18T17:50:38+00:00,147.24,0,41.5,-6.5,24.0,17.5,7,9
2022,16,189fa4158d521d3d212d501719cdc934,2022-12-24T21:25:00+00:00,Sat 2022-12-24 16:25,Dallas Cowboys,Philadelphia Eagles,2022-12-18T17:50:38+00:00,147.57,0,50.5,-1.0,25.75,24.75,9,11
2022,16,b34d483c7a1502c96e54f30477d02635,2022-12-25T01:15:00+00:00,Sat 2022-12-24 20:15,Pittsburgh Steelers,Las Vegas Raiders,2022-12-18T17:50:38+00:00,151.41,0,41.5,-1.0,21.25,20.25,8,10
2022,16,099904ca58600c18e5c4a00eb8fe89c7,2022-12-25T18:02:00+00:00,Sun 2022-12-25 13:02,Miami Dolphins,Green Bay Packers,2022-12-25T17:50:38+00:00,0.19,1,49.5,-3.5,26.5,23.0,20,21
2022,16,4f6fc1ecc800423ee2a288ab374771b7,2022-12-25T21:30:00+00:00,Sun 2022-12-25 16:30,Los Angeles Rams,Denver Broncos,2022-12-25T17:50:38+00:00,3.66,1,36.0,3.0,16.5,19.5,20,21
2022,16,c99d58e554ad1035d9dfe7c31148249c,2022-12-26T01:20:00+00:00,Sun 2022-12-25 20:20,Arizona Cardinals,Tampa Bay Buccaneers,2022-12-25T17:50:38+00:00,7.49,0,41.0,7.5,16.75,24.25,20,21
2022,16,8d9fc6c2d95b5f99229ed8e3c71e1b72,2022-12-27T01:15:00+00:00,Mon 2022-12-26 20:15,Indianapolis Colts,Los Angeles Chargers,2022-12-25T17:50:38+00:00,31.41,0,45.5,4.0,20.75,24.75,20,21
2022,17,50f069186530f68051f2a978745931b5,2022-12-30T01:15:00+00:00,Thu 2022-12-29 20:15,Tennessee Titans,Dallas Cowboys,2022-12-25T17:50:38+00:00,103.41,0,44.0,9.5,17.25,26.75,4,4
2022,17,c7e2faa6faf714fbe08621a727604cd8,2023-01-01T18:02:00+00:00,Sun 2023-01-01 13:02,Washington Commanders,Cleveland Browns,2023-01-01T17:50:38+00:00,0.19,1,41.5,-1.5,21.5,20.0,19,19
2022,17,d54a375fbdcaf0c448ec36b18ca43cf1,2023-01-01T18:02:00+00:00,Sun 2023-01-01 13:02,Houston Texans,Jacksonville Jaguars,2023-01-01T17:50:38+00:00,0.19,1,43.5,3.5,20.0,23.5,19,19
2022,17,a512a48a58c4329048174217b2cc7ce0,2023-01-01T18:02:00+00:00,Sun 2023-01-01 13:02,Atlanta Falcons,Arizona Cardinals,2023-01-01T17:50:38+00:00,0.19,1,40.5,-6.5,23.5,17.0,19,19
2022,17,0ba747b1414a31b05ef37f0bf3d7fbe9,2023-01-01T18:02:00+00:00,Sun 2023-01-01 13:02,Tampa Bay Buccaneers,Carolina Panthers,2023-01-01T17:50:38+00:00,0.19,1,40.5,-3.5,22.0,18.5,19,19
2022,17,d7120d8231032db343cb86b20cfaaf48,2023-01-01T18:02:00+00:00,Sun 2023-01-01 13:02,Detroit Lions,Chicago Bears,2023-01-01T17:50:38+00:00,0.19,1,52.5,-4.5,28.5,24.0,19,19
2022,17,2ed3fd0d267bbae31360e9f19d5adbab,2023-01-01T18:02:00+00:00,Sun 2023-01-01 13:02,Kansas City Chiefs,Denver Broncos,2023-01-01T17:50:38+00:00,0.19,1,46.0,-12.5,29.25,16.75,19,19
2022,17,335b8f6f84d4027f163c4ea9497b18e6,2023-01-01T18:02:00+00:00,Sun 2023-01-01 13:02,New York Giants,Indianapolis Colts,2023-01-01T17:50:38+00:00,0.19,1,38.5,-5.5,22.0,16.5,19,19
2022,17,86fb4b3606466b0a6186ddedcebfef95,2023-01-01T18:02:00+00:00,Sun 2023-01-01 13:02,New England Patriots,Miami Dolphins,2023-01-01T17:50:38+00:00,0.19,1,41.5,-3.0,22.25,19.25,19,19
2022,17,cc5373ac98aabf4997f8586edbd310c6,2023-01-01T18:02:00+00:00,Sun 2023-01-01 13:02,Philadelphia Eagles,New Orleans Saints,2023-01-01T17:50:38+00:00,0.19,1,42.0,-5.0,23.5,18.5,19,19
2022,17,ae441960bd11a17ea9a5ec47ceed1e81,2023-01-01T21:05:00+00:00,Sun 2023-01-01 16:05,Las Vegas Raiders,San Francisco 49ers,2023-01-01T17:50:38+00:00,3.24,1,41.0,9.5,15.75,25.25,19,19
2022,17,cb135f8ffe28bbc79d719ea74a38bb36,2023-01-01T21:05:00+00:00,Sun 2023-01-01 16:05,Seattle Seahawks,New York Jets,2023-01-01T17:50:38+00:00,3.24,1,43.5,2.0,20.75,22.75,19,19
2022,17,22d7487264d23673c3079a3b633ad4a6,2023-01-01T21:25:00+00:00,Sun 2023-01-01 16:25,Green Bay Packers,Minnesota Vikings,2023-01-01T17:50:38+00:00,3.57,1,47.5,-3.0,25.25,22.25,19,19
2022,17,c6f9e98b8e2905fa08fcf5335c072315,2023-01-01T21:25:00+00:00,Sun 2023-01-01 16:25,Los Angeles Chargers,Los Angeles Rams,2023-01-01T17:50:38+00:00,3.57,1,41.0,-6.5,23.75,17.25,19,19
2022,17,56be32aa3653e3db0bb77e24f472f4e7,2023-01-02T01:20:00+00:00,Sun 2023-01-01 20:20,Baltimore Ravens,Pittsburgh Steelers,2023-01-01T17:50:38+00:00,7.49,0,35.0,-2.0,18.5,16.5,19,19
2022,17,20118ff754f561dc7df2bc1f85531b65,2023-01-03T01:30:00+00:00,Mon 2023-01-02 20:30,Cincinnati Bengals,Buffalo Bills,2023-01-01T17:50:38+00:00,31.66,0,49.5,1.0,24.25,25.25,19,19
2022,18,1af4db621a6b51de898048346195eca8,2023-01-08T18:00:00+00:00,Sun 2023-01-08 13:00,Jacksonville Jaguars,Tennessee Titans,2023-01-01T17:50:38+00:00,168.16,1,39.5,-5.5,22.5,17.0,7,7
2022,18,51d8a8b7db07bbedcb6e3ddac0a977a8,2023-01-08T18:00:00+00:00,Sun 2023-01-08 13:00,Las Vegas Raiders,Kansas City Chiefs,2023-01-01T17:50:38+00:00,168.16,1,48.0,10.5,18.75,29.25,7,7
2022,18,5b107c3ea5dbab57214ce7de9d968028,2023-01-08T18:02:00+00:00,Sun 2023-01-08 13:02,Atlanta Falcons,Tampa Bay Buccaneers,2023-01-08T17:50:38+00:00,0.19,1,40.5,-6.0,23.25,17.25,19,19
2022,18,9e44c43678e8c9802618ffd757acd7df,2023-01-08T18:02:00+00:00,Sun 2023-01-08 13:02,Cincinnati Bengals,Baltimore Ravens,2023-01-08T17:50:38+00:00,0.19,1,39.0,-11.5,25.25,13.75,19,19
2022,18,9c1e14b4c346fe0ddc4d492ed10d9e59,2023-01-08T18:02:00+00:00,Sun 2023-01-08 13:02,Buffalo Bills,New England Patriots,2023-01-08T17:50:38+00:00,0.19,1,44.0,-8.0,26.0,18.0,19,19
2022,18,3f169f541285bda2b7028531e70bc7ae,2023-01-08T18:02:00+00:00,Sun 2023-01-08 13:02,New Orleans Saints,Carolina Panthers,2023-01-08T17:50:38+00:00,0.19,1,41.5,-3.5,22.5,19.0,19,19
2022,18,121563477243b413adb3d3d5e63a6238,2023-01-08T18:02:00+00:00,Sun 2023-01-08 13:02,Chicago Bears,Minnesota Vikings,2023-01-08T17:50:38+00:00,0.19,1,42.5,6.5,18.0,24.5,19,19
2022,18,4cad2f8bdddac34653c9a706fe7a56ba,2023-01-08T18:02:00+00:00,Sun 2023-01-08 13:02,Pittsburgh Steelers,Cleveland Browns,2023-01-08T17:50:38+00:00,0.19,1,40.0,-2.5,21.25,18.75,19,19
2022,18,5230fe1a3d4feab690e7f3071b2c14aa,2023-01-08T18:02:00+00:00,Sun 2023-01-08 13:02,Indianapolis Colts,Houston Texans,2023-01-08T17:50:38+00:00,0.19,1,37.5,-3.0,20.25,17.25,19,19
2022,18,07793baeb8b4871b732474fb77f0ff27,2023-01-08T18:02:00+00:00,Sun 2023-01-08 13:02,Miami Dolphins,New York Jets,2023-01-08T17:50:38+00:00,0.19,1,37.0,-3.5,20.25,16.75,19,19
2022,18,35615eecaf2c826cb1909a1685ef5dd9,2023-01-08T21:25:00+00:00,Sun 2023-01-08 16:25,San Francisco 49ers,Arizona Cardinals,2023-01-08T17:50:38+00:00,3.57,1,40.0,-14.5,27.25,12.75,19,19
2022,18,55a729372c3a586e23bf23dc09b14b66,2023-01-08T21:25:00+00:00,Sun 2023-01-08 16:25,Denver Broncos,Los Angeles Chargers,2023-01-08T17:50:38+00:00,3.57,1,39.5,-4.5,22.0,17.5,19,19
2022,18,14bb012748bd2bcf1543c833b56d9b85,2023-01-08T21:25:00+00:00,Sun 2023-01-08 16:25,Seattle Seahawks,Los Angeles Rams,2023-01-08T17:50:38+00:00,3.57,1,42.0,-5.5,23.75,18.25,19,19
2022,18,28a49bfd81461fb590251b1c4709578b,2023-01-08T21:25:00+00:00,Sun 2023-01-08 16:25,Philadelphia Eagles,New York Giants,2023-01-08T17:50:38+00:00,3.57,1,42.0,-16.5,29.25,12.75,19,19
2022,18,2024f90b5afee95087816f636b83ebf8,2023-01-08T21:25:00+00:00,Sun 2023-01-08 16:25,Washington Commanders,Dallas Cowboys,2023-01-08T17:50:38+00:00,3.57,1,40.5,7.25,16.62,23.88,19,18
2022,18,212efd429ff2e264f51cc34be34e8c10,2023-01-09T01:20:00+00:00,Sun 2023-01-08 20:20,Green Bay Packers,Detroit Lions,2023-01-08T17:50:38+00:00,7.49,0,49.0,-5.0,27.0,22.0,19,19
2023,1,175d9f07fc52d99b21bc772b1499c3d8,2023-09-10T17:04:00+00:00,Sun 2023-09-10 13:04,Washington Commanders,Arizona Cardinals,2023-09-10T16:50:41+00:00,0.22,1,38.0,-7.0,22.5,15.5,16,16
2023,1,6c2d3077c50eece8e6a37742d1ac5756,2023-09-10T17:04:00+00:00,Sun 2023-09-10 13:04,Atlanta Falcons,Carolina Panthers,2023-09-10T16:50:41+00:00,0.22,1,40.5,-3.5,22.0,18.5,16,16
2023,1,33368d4979d3475b77f5e9eb49648203,2023-09-10T17:04:00+00:00,Sun 2023-09-10 13:04,Baltimore Ravens,Houston Texans,2023-09-10T16:50:41+00:00,0.22,1,43.5,-9.5,26.5,17.0,16,16
2023,1,35294c242bcfdb30c9f58dc6f68da6b2,2023-09-10T17:04:00+00:00,Sun 2023-09-10 13:04,Cleveland Browns,Cincinnati Bengals,2023-09-10T16:50:41+00:00,0.22,1,46.5,0.0,23.25,23.25,16,16
2023,1,1278f44be0d97920fd149f7cdfc9574d,2023-09-10T17:04:00+00:00,Sun 2023-09-10 13:04,Indianapolis Colts,Jacksonville Jaguars,2023-09-10T16:50:41+00:00,0.22,1,45.5,3.5,21.0,24.5,16,16
2023,1,b3763a6d678b9787e27cec3272252e24,2023-09-10T17:04:00+00:00,Sun 2023-09-10 13:04,Minnesota Vikings,Tampa Bay Buccaneers,2023-09-10T16:50:41+00:00,0.22,1,45.0,-4.0,24.5,20.5,16,16
2023,1,bbe791f371726d950a509d928f4c65cd,2023-09-10T17:04:00+00:00,Sun 2023-09-10 13:04,New Orleans Saints,Tennessee Titans,2023-09-10T16:50:41+00:00,0.22,1,41.5,-3.0,22.25,19.25,16,16
2023,1,741437df0e5c0350c32ce707161bd423,2023-09-10T17:04:00+00:00,Sun 2023-09-10 13:04,Pittsburgh Steelers,San Francisco 49ers,2023-09-10T16:50:41+00:00,0.22,1,41.5,1.0,20.25,21.25,16,16
2023,1,54b900ff32cfc8ad40f4d856fc5a4985,2023-09-10T20:25:00+00:00,Sun 2023-09-10 16:25,Chicago Bears,Green Bay Packers,2023-09-10T16:50:41+00:00,3.57,1,41.0,-1.0,21.0,20.0,16,16
2023,1,4d18f524fdaa6d8d7f81f9803a43d5f0,2023-09-10T20:25:00+00:00,Sun 2023-09-10 16:25,Denver Broncos,Las Vegas Raiders,2023-09-10T16:50:41+00:00,3.57,1,43.0,-3.0,23.0,20.0,16,16
2023,1,d543cbc3d38bed6c7c727e3cabc1188e,2023-09-10T20:25:00+00:00,Sun 2023-09-10 16:25,Los Angeles Chargers,Miami Dolphins,2023-09-10T16:50:41+00:00,3.57,1,50.5,-3.0,26.75,23.75,16,16
2023,1,d818062d65dfa411c269ee61943655cd,2023-09-10T20:25:00+00:00,Sun 2023-09-10 16:25,Seattle Seahawks,Los Angeles Rams,2023-09-10T16:50:41+00:00,3.57,1,45.0,-4.5,24.75,20.25,16,16
2023,1,0a368c64b212ecbad4ec46f6ff6c1af2,2023-09-10T20:25:00+00:00,Sun 2023-09-10 16:25,New England Patriots,Philadelphia Eagles,2023-09-10T16:50:41+00:00,3.57,1,44.5,3.5,20.5,24.0,16,16
2023,1,2dd1bc48e4929ba7ed2b38fc668b1609,2023-09-11T00:20:00+00:00,Sun 2023-09-10 20:20,New York Giants,Dallas Cowboys,2023-09-10T16:50:41+00:00,7.49,0,45.0,3.5,20.75,24.25,16,16
2023,1,87ca05f061855f8497a3a81d9942b5d1,2023-09-12T00:15:00+00:00,Mon 2023-09-11 20:15,New York Jets,Buffalo Bills,2023-09-10T16:50:41+00:00,31.41,0,45.5,2.0,21.75,23.75,16,16
2023,2,217559949d3b88a1267c2c4c480eab51,2023-09-15T00:15:00+00:00,Thu 2023-09-14 20:15,Philadelphia Eagles,Minnesota Vikings,2023-09-10T16:50:41+00:00,103.41,0,48.5,-7.0,27.75,20.75,9,9
2023,2,666546663407166ca824cc304f740dfe,2023-09-17T17:01:00+00:00,Sun 2023-09-17 13:01,Atlanta Falcons,Green Bay Packers,2023-09-17T16:50:42+00:00,0.17,1,40.5,-3.0,21.75,18.75,15,15
2023,2,b11493a11859c02a97dfa186c32a2b7a,2023-09-17T17:01:00+00:00,Sun 2023-09-17 13:01,Cincinnati Bengals,Baltimore Ravens,2023-09-17T16:50:42+00:00,0.17,1,45.5,-3.0,24.25,21.25,15,15
2023,2,ec238fc4bfd91d24ae566950edc120fe,2023-09-17T17:01:00+00:00,Sun 2023-09-17 13:01,Tampa Bay Buccaneers,Chicago Bears,2023-09-17T16:50:42+00:00,0.17,1,40.5,-2.5,21.5,19.0,15,15
2023,2,2ecfbe1dcf553f66dd34b4772c1c9b99,2023-09-17T17:01:00+00:00,Sun 2023-09-17 13:01,Houston Texans,Indianapolis Colts,2023-09-17T16:50:42+00:00,0.17,1,40.0,-0.5,20.25,19.75,15,15
2023,2,eab3d772c3c8e4a6d3813ece55055529,2023-09-17T17:01:00+00:00,Sun 2023-09-17 13:01,Tennessee Titans,Los Angeles Chargers,2023-09-17T16:50:42+00:00,0.17,1,45.5,2.5,21.5,24.0,15,15
2023,2,30e317800515c33d2635df2d05a6d14d,2023-09-17T17:01:00+00:00,Sun 2023-09-17 13:01,Detroit Lions,Seattle Seahawks,2023-09-17T16:50:42+00:00,0.17,1,47.0,-4.5,25.75,21.25,15,15
2023,2,450d0600bc30565494c6df8096e04976,2023-09-17T17:01:00+00:00,Sun 2023-09-17 13:01,Jacksonville Jaguars,Kansas City Chiefs,2023-09-17T16:50:42+00:00,0.17,1,50.5,3.0,23.75,26.75,15,15
2023,2,1ed637f2ef1ae5f2f7184d38e94fe137,2023-09-17T17:04:00+00:00,Sun 2023-09-17 13:04,Buffalo Bills,Las Vegas Raiders,2023-09-17T16:50:42+00:00,0.22,1,47.0,-7.5,27.25,19.75,15,15
2023,2,6166ce062983d3566b0ef03d8fd2ab87,2023-09-17T20:06:00+00:00,Sun 2023-09-17 16:06,Arizona Cardinals,New York Giants,2023-09-17T16:50:42+00:00,3.25,1,40.0,4.5,17.75,22.25,15,15
2023,2,a6a30233e1ec7fb3b9f9a5e4444ff14b,2023-09-17T20:06:00+00:00,Sun 2023-09-17 16:06,Los Angeles Rams,San Francisco 49ers,2023-09-17T16:50:42+00:00,3.25,1,45.0,7.0,19.0,26.0,15,15
2023,2,8d0feb26abd99c7136450e434ba91173,2023-09-17T20:26:00+00:00,Sun 2023-09-17 16:26,Dallas Cowboys,New York Jets,2023-09-17T16:50:42+00:00,3.59,1,38.5,-8.5,23.5,15.0,15,15
2023,2,7e881b03dcf88ddd4e9d1a3c609db6d3,2023-09-17T20:26:00+00:00,Sun 2023-09-17 16:26,Denver Broncos,Washington Commanders,2023-09-17T16:50:42+00:00,3.59,1,38.5,-3.5,21.0,17.5,15,15
2023,2,9003a41d4bd320e1c437ea6dc5a2fec6,2023-09-18T00:21:00+00:00,Sun 2023-09-17 20:21,New England Patriots,Miami Dolphins,2023-09-17T16:50:42+00:00,7.5,0,46.5,2.5,22.0,24.5,15,15
2023,2,e1573fb36f89f2e295e128bf5ec13a6a,2023-09-18T23:16:00+00:00,Mon 2023-09-18 19:16,Carolina Panthers,New Orleans Saints,2023-09-17T16:50:42+00:00,30.42,0,39.5,3.0,18.25,21.25,15,15
2023,2,7ea45f55c7bb922c581f809166c0fab3,2023-09-19T00:16:00+00:00,Mon 2023-09-18 20:16,Pittsburgh Steelers,Cleveland Browns,2023-09-17T16:50:42+00:00,31.42,0,38.5,2.0,18.25,20.25,15,15
2023,3,47b49faf45f8a39f9910f004a79ff360,2023-09-22T00:16:00+00:00,Thu 2023-09-21 20:16,San Francisco 49ers,New York Giants,2023-09-17T16:50:42+00:00,103.42,0,43.5,-9.5,26.5,17.0,7,8
2023,3,f72ef9b6be34818391c726a0cd690f48,2023-09-24T17:01:00+00:00,Sun 2023-09-24 13:01,Cleveland Browns,Tennessee Titans,2023-09-24T16:50:40+00:00,0.17,1,38.0,-3.5,20.75,17.25,16,16
2023,3,4609c9aaa9bc0b3a76b75f2f85f6a5f1,2023-09-24T17:03:00+00:00,Sun 2023-09-24 13:03,Detroit Lions,Atlanta Falcons,2023-09-24T16:50:40+00:00,0.21,1,47.5,-3.0,25.25,22.25,16,16
2023,3,2c66bee99eec7cca649ecb6b249868fb,2023-09-24T17:03:00+00:00,Sun 2023-09-24 13:03,Baltimore Ravens,Indianapolis Colts,2023-09-24T16:50:40+00:00,0.21,1,43.5,-7.5,25.5,18.0,16,16
2023,3,f049d09c797baccf11023b4cb7bc9b0b,2023-09-24T17:03:00+00:00,Sun 2023-09-24 13:03,Washington Commanders,Buffalo Bills,2023-09-24T16:50:40+00:00,0.21,1,44.0,5.0,19.5,24.5,16,16
2023,3,2ff30bbaf02729644dc5dd83dd02ab12,2023-09-24T17:03:00+00:00,Sun 2023-09-24 13:03,Miami Dolphins,Denver Broncos,2023-09-24T16:50:40+00:00,0.21,1,47.5,-6.0,26.75,20.75,16,16
2023,3,caae83ff4cadf6b1d63bc8a70af76865,2023-09-24T17:03:00+00:00,Sun 2023-09-24 13:03,Green Bay Packers,New Orleans Saints,2023-09-24T16:50:40+00:00,0.21,1,41.5,1.5,20.0,21.5,16,16
2023,3,c6aa32a2bdcc85e5d8b8ae2e570607e6,2023-09-24T17:03:00+00:00,Sun 2023-09-24 13:03,Jacksonville Jaguars,Houston Texans,2023-09-24T16:50:40+00:00,0.21,1,43.5,-7.5,25.5,18.0,16,16
2023,3,1db441aef0ee06367729d9f1fc3e57b0,2023-09-24T17:03:00+00:00,Sun 2023-09-24 13:03,Minnesota Vikings,Los Angeles Chargers,2023-09-24T16:50:40+00:00,0.21,1,53.5,0.0,26.75,26.75,16,16
2023,3,66edacbc3505803f401192da0fb09b49,2023-09-24T17:03:00+00:00,Sun 2023-09-24 13:03,New York Jets,New England Patriots,2023-09-24T16:50:40+00:00,0.21,1,35.5,2.5,16.5,19.0,16,16
2023,3,4b3ed4ec08352199ff98bdf14b247c88,2023-09-24T20:05:00+00:00,Sun 2023-09-24 16:05,Seattle Seahawks,Carolina Panthers,2023-09-24T16:50:40+00:00,3.24,1,42.5,-5.0,23.75,18.75,16,16
2023,3,9541cadef6a637071b8588eb4938a5c8,2023-09-24T20:25:00+00:00,Sun 2023-09-24 16:25,Arizona Cardinals,Dallas Cowboys,2023-09-24T16:50:40+00:00,3.57,1,43.5,12.5,15.5,28.0,16,16
2023,3,806b105d4be36f9d8ac4a782cb43c1f1,2023-09-24T20:25:00+00:00,Sun 2023-09-24 16:25,Kansas City Chiefs,Chicago Bears,2023-09-24T16:50:40+00:00,3.57,1,48.0,-12.5,30.25,17.75,16,16
2023,3,abf76aa8adc82854d703518042be4452,2023-09-25T00:20:00+00:00,Sun 2023-09-24 20:20,Las Vegas Raiders,Pittsburgh Steelers,2023-09-24T16:50:40+00:00,7.49,0,43.5,-3.0,23.25,20.25,16,16
2023,3,1e006c91ca2e69c339ed517495a2f428,2023-09-25T23:15:00+00:00,Mon 2023-09-25 19:15,Tampa Bay Buccaneers,Philadelphia Eagles,2023-09-24T16:50:40+00:00,30.41,0,45.0,5.0,20.0,25.0,16,16
2023,3,8251607b68015d2972e7f4b773149cb2,2023-09-26T00:15:00+00:00,Mon 2023-09-25 20:15,Cincinnati Bengals,Los Angeles Rams,2023-09-24T16:50:40+00:00,31.41,0,44.0,-2.5,23.25,20.75,16,16
2023,4,934acd8d5f569c955f4a02aa42284fa4,2023-09-29T00:16:00+00:00,Thu 2023-09-28 20:16,Green Bay Packers,Detroit Lions,2023-09-24T16:50:40+00:00,103.42,0,46.0,-1.0,23.5,22.5,5,5
2023,4,679ec2fdc4a6bc423cdc77759cc226b7,2023-10-01T13:31:00+00:00,Sun 2023-10-01 09:31,Jacksonville Jaguars,Atlanta Falcons,2023-09-24T16:50:40+00:00,164.67,0,45.5,-3.0,24.25,21.25,6,7
2023,4,a1d0ade76d13bd11993b0e6f654ef787,2023-10-01T17:01:00+00:00,Sun 2023-10-01 13:01,Carolina Panthers,Minnesota Vikings,2023-10-01T16:50:39+00:00,0.17,1,46.0,4.0,21.0,25.0,16,16
2023,4,c341da353c0b5f8267f046c60e7ad2ad,2023-10-01T17:01:00+00:00,Sun 2023-10-01 13:01,Chicago Bears,Denver Broncos,2023-10-01T16:50:39+00:00,0.17,1,47.0,3.0,22.0,25.0,16,16
2023,4,21557c1796a67d11b1d49a025fc5f74f,2023-10-01T17:01:00+00:00,Sun 2023-10-01 13:01,Tennessee Titans,Cincinnati Bengals,2023-10-01T16:50:39+00:00,0.17,1,41.5,2.5,19.5,22.0,16,16
2023,4,24264c7ce10b65e575310ae99c25fb7f,2023-10-01T17:01:00+00:00,Sun 2023-10-01 13:01,Houston Texans,Pittsburgh Steelers,2023-10-01T16:50:39+00:00,0.17,1,41.5,3.0,19.25,22.25,16,16
2023,4,c5d8f1bdd3a599a9643b955f27aa1afb,2023-10-01T17:01:00+00:00,Sun 2023-10-01 13:01,Indianapolis Colts,Los Angeles Rams,2023-10-01T16:50:39+00:00,0.17,1,44.5,1.5,21.5,23.0,16,16
2023,4,99ad9bb646b822c7dc5af2f7eb2945c7,2023-10-01T17:01:00+00:00,Sun 2023-10-01 13:01,New Orleans Saints,Tampa Bay Buccaneers,2023-10-01T16:50:39+00:00,0.17,1,41.0,-4.5,22.75,18.25,16,16
2023,4,bb0df615dfa27a50a742c4af2e81e9e1,2023-10-01T17:01:00+00:00,Sun 2023-10-01 13:01,Philadelphia Eagles,Washington Commanders,2023-10-01T16:50:39+00:00,0.17,1,43.0,-9.0,26.0,17.0,16,16
2023,4,f2a6d22204b5c05c9860c4a0934715a7,2023-10-01T17:03:00+00:00,Sun 2023-10-01 13:03,Cleveland Browns,Baltimore Ravens,2023-10-01T16:50:39+00:00,0.21,1,38.5,1.5,18.5,20.0,16,16
2023,4,c8507434f37635cdaed5f91a0fd5d54a,2023-10-01T17:03:00+00:00,Sun 2023-10-01 13:03,Buffalo Bills,Miami Dolphins,2023-10-01T16:50:39+00:00,0.21,1,52.5,-2.75,27.62,24.88,16,16
2023,4,411f92b1c380589ce362b17fed7d2b6a,2023-10-01T20:06:00+00:00,Sun 2023-10-01 16:06,Los Angeles Chargers,Las Vegas Raiders,2023-10-01T16:50:39+00:00,3.26,1,48.5,-6.5,27.5,21.0,16,16
2023,4,ea59f24a92e52fee542214baf4d33560,2023-10-01T20:28:00+00:00,Sun 2023-10-01 16:28,San Francisco 49ers,Arizona Cardinals,2023-10-01T16:50:39+00:00,3.62,1,43.5,-14.0,28.75,14.75,16,16
2023,4,19b8f1eaf555f3eef3ce87a61ad7ad16,2023-10-01T20:28:00+00:00,Sun 2023-10-01 16:28,Dallas Cowboys,New England Patriots,2023-10-01T16:50:39+00:00,3.62,1,43.0,-6.0,24.5,18.5,16,16
2023,4,e588f3f6aef44746b18980633bd7b312,2023-10-02T00:23:00+00:00,Sun 2023-10-01 20:23,New York Jets,Kansas City Chiefs,2023-10-01T16:50:39+00:00,7.54,0,41.5,8.0,16.75,24.75,16,16
2023,4,5176634f6d30e29b08199d1e0ed6309d,2023-10-03T00:18:00+00:00,Mon 2023-10-02 20:18,New York Giants,Seattle Seahawks,2023-10-01T16:50:39+00:00,31.46,0,47.0,1.5,22.75,24.25,16,16
2023,5,115303070d36ce1e366dc4a3091c53cd,2023-10-06T00:16:00+00:00,Thu 2023-10-05 20:16,Washington Commanders,Chicago Bears,2023-10-01T16:50:39+00:00,103.42,0,42.5,-5.0,23.75,18.75,5,5
2023,5,fdb93b64c39ea4a4312ffe74788b551b,2023-10-08T13:30:00+00:00,Sun 2023-10-08 09:30,Buffalo Bills,Jacksonville Jaguars,2023-09-10T16:50:41+00:00,668.66,0,48.25,-3.25,25.75,22.5,2,4
2023,5,bef2023cdadb009e088e3ef6db2ea809,2023-10-08T17:03:00+00:00,Sun 2023-10-08 13:03,Pittsburgh Steelers,Baltimore Ravens,2023-10-08T16:50:39+00:00,0.21,1,38.5,4.5,17.0,21.5,16,16
2023,5,83400c65dd84cef26b7911a49fe909f5,2023-10-08T17:03:00+00:00,Sun 2023-10-08 13:03,Detroit Lions,Carolina Panthers,2023-10-08T16:50:39+00:00,0.21,1,43.5,-9.5,26.5,17.0,16,16
2023,5,b0302377625f15c445b6ce2227a50529,2023-10-08T17:03:00+00:00,Sun 2023-10-08 13:03,Indianapolis Colts,Tennessee Titans,2023-10-08T16:50:39+00:00,0.21,1,43.5,2.5,20.5,23.0,16,16
2023,5,d72ca5073fe1d69e6cd3beb37e52c081,2023-10-08T17:03:00+00:00,Sun 2023-10-08 13:03,Miami Dolphins,New York Giants,2023-10-08T16:50:39+00:00,0.21,1,48.0,-12.5,30.25,17.75,16,16
2023,5,088c8fc0a2e5f02bb2591f44a41a2cd1,2023-10-08T17:03:00+00:00,Sun 2023-10-08 13:03,New England Patriots,New Orleans Saints,2023-10-08T16:50:39+00:00,0.21,1,38.5,-2.0,20.25,18.25,16,16
2023,5,093f902b13a40cc6d60eb0a38e6d40e1,2023-10-08T17:03:00+00:00,Sun 2023-10-08 13:03,Atlanta Falcons,Houston Texans,2023-10-08T16:50:39+00:00,0.21,1,42.0,-2.5,22.25,19.75,16,16
2023,5,51324a8a97c14d19e5c8e9091ba8b37c,2023-10-08T20:08:00+00:00,Sun 2023-10-08 16:08,Arizona Cardinals,Cincinnati Bengals,2023-10-08T16:50:39+00:00,3.29,1,45.0,3.0,21.0,24.0,16,16
2023,5,483964581fdd3bb0bf48d4735c2da6e2,2023-10-08T20:08:00+00:00,Sun 2023-10-08 16:08,Los Angeles Rams,Philadelphia Eagles,2023-10-08T16:50:39+00:00,3.29,1,50.5,4.0,23.25,27.25,16,16
2023,5,8b607ae76ab2f647be17e7553ff57533,2023-10-08T20:26:00+00:00,Sun 2023-10-08 16:26,Denver Broncos,New York Jets,2023-10-08T16:50:39+00:00,3.59,1,42.5,-2.5,22.5,20.0,16,16
2023,5,166bf980718e06c346f9eb8a6ed882db,2023-10-08T20:26:00+00:00,Sun 2023-10-08 16:26,Minnesota Vikings,Kansas City Chiefs,2023-10-08T16:50:39+00:00,3.59,1,52.5,3.5,24.5,28.0,16,16
2023,5,c240c9cee93e5677cdd74f93f77dd4c9,2023-10-09T00:23:00+00:00,Sun 2023-10-08 20:23,San Francisco 49ers,Dallas Cowboys,2023-10-08T16:50:39+00:00,7.54,0,45.0,-3.5,24.25,20.75,16,16
2023,5,353b0556f31bd97a30c0a55212c1617f,2023-10-10T00:18:00+00:00,Mon 2023-10-09 20:18,Las Vegas Raiders,Green Bay Packers,2023-10-08T16:50:39+00:00,31.46,0,45.5,-2.0,23.75,21.75,16,16
2023,6,b956b90b48a7a34230fac518cd294c7a,2023-10-13T00:16:00+00:00,Thu 2023-10-12 20:16,Kansas City Chiefs,Denver Broncos,2023-10-08T16:50:39+00:00,103.42,0,51.5,-10.5,31.0,20.5,10,10
2023,6,0cd8d5597260f1a2c9692f4c54ffb91f,2023-10-15T13:31:00+00:00,Sun 2023-10-15 09:31,Tennessee Titans,Baltimore Ravens,2023-10-08T16:50:39+00:00,164.67,0,40.5,4.0,18.25,22.25,9,9
2023,6,7c8e887a27e43988654b137a001f6d3b,2023-10-15T17:03:00+00:00,Sun 2023-10-15 13:03,Atlanta Falcons,Washington Commanders,2023-10-15T16:50:40+00:00,0.21,1,42.0,-1.5,21.75,20.25,15,15
2023,6,6e17a8cfafca4010863de42a11a5e05c,2023-10-15T17:03:00+00:00,Sun 2023-10-15 13:03,Miami Dolphins,Carolina Panthers,2023-10-15T16:50:40+00:00,0.21,1,47.5,-14.0,30.75,16.75,15,15
2023,6,9b493f1a26dccbb3d34e029ad34e0235,2023-10-15T17:03:00+00:00,Sun 2023-10-15 13:03,Chicago Bears,Minnesota Vikings,2023-10-15T16:50:40+00:00,0.21,1,44.5,3.0,20.75,23.75,15,15
2023,6,bfc6774467b939acbabaa8414f1a4961,2023-10-15T17:03:00+00:00,Sun 2023-10-15 13:03,Cincinnati Bengals,Seattle Seahawks,2023-10-15T16:50:40+00:00,0.21,1,45.5,-3.0,24.25,21.25,15,15
2023,6,417e02503976f3971e0750e60fff16e2,2023-10-15T17:03:00+00:00,Sun 2023-10-15 13:03,Cleveland Browns,San Francisco 49ers,2023-10-15T16:50:40+00:00,0.21,1,36.0,9.5,13.25,22.75,15,15
2023,6,c6e270f707e1122b6e6431cfbf1124fa,2023-10-15T17:03:00+00:00,Sun 2023-10-15 13:03,Houston Texans,New Orleans Saints,2023-10-15T16:50:40+00:00,0.21,1,42.0,2.0,20.0,22.0,15,15
2023,6,4580cdc2486bd4dbb44cde4fd680e832,2023-10-15T17:03:00+00:00,Sun 2023-10-15 13:03,Jacksonville Jaguars,Indianapolis Colts,2023-10-15T16:50:40+00:00,0.21,1,44.0,-4.0,24.0,20.0,15,15
2023,6,3377b0af3e43d0a451483df35f3491c9,2023-10-15T20:06:00+00:00,Sun 2023-10-15 16:06,Las Vegas Raiders,New England Patriots,2023-10-15T16:50:40+00:00,3.26,1,41.5,-3.0,22.25,19.25,15,15
2023,6,a87c4b6c187d59ac7f17783f0b810501,2023-10-15T20:28:00+00:00,Sun 2023-10-15 16:28,Los Angeles Rams,Arizona Cardinals,2023-10-15T16:50:40+00:00,3.62,1,47.5,-7.0,27.25,20.25,15,15
2023,6,18aaf89457d739e1a06bda112ef80cc7,2023-10-15T20:28:00+00:00,Sun 2023-10-15 16:28,Tampa Bay Buccaneers,Detroit Lions,2023-10-15T16:50:40+00:00,3.62,1,43.5,3.0,20.25,23.25,15,15
2023,6,efeda644ef61c16b001be5fa849d5271,2023-10-15T20:28:00+00:00,Sun 2023-10-15 16:28,New York Jets,Philadelphia Eagles,2023-10-15T16:50:40+00:00,3.62,1,42.5,6.5,18.0,24.5,15,15
2023,6,68b7be06e7590bd403fd52db5c1d1c35,2023-10-16T00:23:00+00:00,Sun 2023-10-15 20:23,Buffalo Bills,New York Giants,2023-10-15T16:50:40+00:00,7.54,0,43.5,-15.0,29.25,14.25,15,15
2023,6,818b323e8a88e6a5701ea3f725f51d3c,2023-10-17T00:15:00+00:00,Mon 2023-10-16 20:15,Los Angeles Chargers,Dallas Cowboys,2023-10-15T16:50:40+00:00,31.41,0,51.0,1.5,24.75,26.25,15,15
2023,7,16143d5b3cfe34d32198da53771e14ee,2023-10-20T00:15:00+00:00,Thu 2023-10-19 20:15,New Orleans Saints,Jacksonville Jaguars,2023-10-15T16:50:40+00:00,103.41,0,43.0,1.0,21.0,22.0,5,5
2023,7,949fd4373890ee339add53eb5f343dc0,2023-10-22T17:01:00+00:00,Sun 2023-10-22 13:01,Tampa Bay Buccaneers,Atlanta Falcons,2023-10-22T16:50:41+00:00,0.17,1,37.5,-3.0,20.25,17.25,15,16
2023,7,3080378924a7a8fa778d90243a1f4d54,2023-10-22T17:01:00+00:00,Sun 2023-10-22 13:01,New England Patriots,Buffalo Bills,2023-10-22T16:50:41+00:00,0.17,1,41.0,7.5,16.75,24.25,16,16
2023,7,2decc44ccdfb309756fa93d864f5773f,2023-10-22T17:01:00+00:00,Sun 2023-10-22 13:01,Chicago Bears,Las Vegas Raiders,2023-10-22T16:50:41+00:00,0.17,1,38.5,2.5,18.0,20.5,16,16
2023,7,50bd8049327bddb2433b90e98994d98b,2023-10-22T17:01:00+00:00,Sun 2023-10-22 13:01,New York Giants,Washington Commanders,2023-10-22T16:50:41+00:00,0.17,1,37.0,3.0,17.0,20.0,16,16
2023,7,17d4277bfa01c37a1c599fb1fb3d3d13,2023-10-22T17:01:00+00:00,Sun 2023-10-22 13:01,Baltimore Ravens,Detroit Lions,2023-10-22T16:50:41+00:00,0.17,1,43.5,-3.0,23.25,20.25,16,16
2023,7,5daeacbcda1ca66cf0ac102b1b6c3728,2023-10-22T17:01:00+00:00,Sun 2023-10-22 13:01,Indianapolis Colts,Cleveland Browns,2023-10-22T16:50:41+00:00,0.17,1,40.0,3.5,18.25,21.75,16,16
2023,7,547cb2dc8c177f05c94b27b7ba6adaae,2023-10-22T20:06:00+00:00,Sun 2023-10-22 16:06,Seattle Seahawks,Arizona Cardinals,2023-10-22T16:50:41+00:00,3.26,1,44.0,-9.5,26.75,17.25,16,16
2023,7,1c4772551a69fb6409e6a77dbd6845ab,2023-10-22T20:06:00+00:00,Sun 2023-10-22 16:06,Los Angeles Rams,Pittsburgh Steelers,2023-10-22T16:50:41+00:00,3.26,1,44.0,-3.5,23.75,20.25,16,16
2023,7,e5a039468378fe43795987ade2d44536,2023-10-22T20:26:00+00:00,Sun 2023-10-22 16:26,Denver Broncos,Green Bay Packers,2023-10-22T16:50:41+00:00,3.59,1,44.5,1.0,21.75,22.75,16,16
2023,7,c992a4e4d0046cd4926bf3524e35ff79,2023-10-22T20:26:00+00:00,Sun 2023-10-22 16:26,Kansas City Chiefs,Los Angeles Chargers,2023-10-22T16:50:41+00:00,3.59,1,48.0,-6.0,27.0,21.0,16,16
2023,7,029287f953eb89c62eb833591b639086,2023-10-23T00:21:00+00:00,Sun 2023-10-22 20:21,Philadelphia Eagles,Miami Dolphins,2023-10-22T16:50:41+00:00,7.51,0,52.5,-3.0,27.75,24.75,16,16
2023,7,42ccfa93a908006e5677687427c528db,2023-10-24T00:16:00+00:00,Mon 2023-10-23 20:16,Minnesota Vikings,San Francisco 49ers,2023-10-22T16:50:41+00:00,31.42,0,44.0,6.75,18.62,25.38,16,16
2023,8,623ebe645e0e4dec5759ce364b68682f,2023-10-27T00:15:00+00:00,Thu 2023-10-26 20:15,Buffalo Bills,Tampa Bay Buccaneers,2023-10-22T16:50:41+00:00,103.41,0,42.0,-8.5,25.25,16.75,7,7
2023,8,3bd722d85e1bb286bb75111a0787eb87,2023-10-29T17:01:00+00:00,Sun 2023-10-29 13:01,Dallas Cowboys,Los Angeles Rams,2023-10-29T16:50:40+00:00,0.17,1,44.5,-7.0,25.75,18.75,16,16
2023,8,93991757289dd5b650742a6e18184271,2023-10-29T17:01:00+00:00,Sun 2023-10-29 13:01,Green Bay Packers,Minnesota Vikings,2023-10-29T16:50:40+00:00,0.17,1,41.5,1.0,20.25,21.25,16,16
2023,8,b1ac8bca9348e03321aa9bb276a6aadb,2023-10-29T17:01:00+00:00,Sun 2023-10-29 13:01,Pittsburgh Steelers,Jacksonville Jaguars,2023-10-29T16:50:40+00:00,0.17,1,41.0,2.5,19.25,21.75,16,16
2023,8,97819f71c474956d24e436f0465f1591,2023-10-29T17:03:00+00:00,Sun 2023-10-29 13:03,Tennessee Titans,Atlanta Falcons,2023-10-29T16:50:40+00:00,0.21,1,35.0,2.5,16.25,18.75,16,16
2023,8,e8fd2231245ca0c308b65b0f736f5e0c,2023-10-29T17:03:00+00:00,Sun 2023-10-29 13:03,Carolina Panthers,Houston Texans,2023-10-29T16:50:40+00:00,0.21,1,43.0,3.5,19.75,23.25,16,16
2023,8,21c7005a3e6cd5da08d67e737a83d89d,2023-10-29T17:03:00+00:00,Sun 2023-10-29 13:03,Miami Dolphins,New England Patriots,2023-10-29T16:50:40+00:00,0.21,1,46.5,-7.5,27.0,19.5,16,16
2023,8,b82f30e931a965bc7277d187549ca294,2023-10-29T17:03:00+00:00,Sun 2023-10-29 13:03,New York Giants,New York Jets,2023-10-29T16:50:40+00:00,0.21,1,34.5,3.0,15.75,18.75,16,16
2023,8,4d8b130d0b5c36b7eac558283ebb4490,2023-10-29T17:03:00+00:00,Sun 2023-10-29 13:03,Washington Commanders,Philadelphia Eagles,2023-10-29T16:50:40+00:00,0.21,1,42.5,7.0,17.75,24.75,16,16
2023,8,f6d472a6b7b7e70ba2d43f8a975fdccc,2023-10-29T17:03:00+00:00,Sun 2023-10-29 13:03,Indianapolis Colts,New Orleans Saints,2023-10-29T16:50:40+00:00,0.21,1,44.0,2.0,21.0,23.0,16,16
2023,8,787552bac1bf53711f90ae8de5c55aef,2023-10-29T20:06:00+00:00,Sun 2023-10-29 16:06,Seattle Seahawks,Cleveland Browns,2023-10-29T16:50:40+00:00,3.26,1,38.5,-4.0,21.25,17.25,16,16
2023,8,ada6e4fa41270f4b036701448503cea6,2023-10-29T20:26:00+00:00,Sun 2023-10-29 16:26,Arizona Cardinals,Baltimore Ravens,2023-10-29T16:50:40+00:00,3.59,1,45.0,9.5,17.75,27.25,16,16
2023,8,aba08270582c4520f5ee43171e98e269,2023-10-29T20:26:00+00:00,Sun 2023-10-29 16:26,San Francisco 49ers,Cincinnati Bengals,2023-10-29T16:50:40+00:00,3.59,1,44.0,-4.0,24.0,20.0,16,15
2023,8,4b3bf6a14799c3aba60073fab153a9b1,2023-10-29T20:26:00+00:00,Sun 2023-10-29 16:26,Denver Broncos,Kansas City Chiefs,2023-10-29T16:50:40+00:00,3.59,1,45.75,7.0,19.38,26.38,16,16
2023,8,56fab852b2d32615b5a38fb949e166e5,2023-10-30T00:21:00+00:00,Sun 2023-10-29 20:21,Los Angeles Chargers,Chicago Bears,2023-10-29T16:50:40+00:00,7.51,0,46.0,-9.5,27.75,18.25,16,16
2023,8,8b59fe43939a2e45652c93373a06fa05,2023-10-31T00:15:00+00:00,Mon 2023-10-30 20:15,Detroit Lions,Las Vegas Raiders,2023-10-29T16:50:40+00:00,31.41,0,46.5,-7.5,27.0,19.5,16,16
2023,9,32af8c89aaa69de55f0267103f5cc765,2023-11-03T00:16:00+00:00,Thu 2023-11-02 20:16,Pittsburgh Steelers,Tennessee Titans,2023-10-29T16:50:40+00:00,103.42,0,37.0,-4.0,20.5,16.5,8,8
2023,9,3f6905c62a5e2b8cd7c8822856860a60,2023-11-05T14:30:00+00:00,Sun 2023-11-05 09:30,Kansas City Chiefs,Miami Dolphins,2023-10-29T16:50:40+00:00,165.66,0,51.5,-2.5,27.0,24.5,8,8
2023,9,0c04d15be316b6811a2ec21352ac2257,2023-11-05T14:31:00+00:00,Sun 2023-11-05 09:31,Kansas City Chiefs,Miami Dolphins,2023-09-10T16:50:41+00:00,1341.67,0,52.0,-5.25,28.62,23.38,2,4
2023,9,13a6db4b4dcde6ea412927c1668faf65,2023-11-05T18:03:00+00:00,Sun 2023-11-05 13:03,Cleveland Browns,Arizona Cardinals,2023-11-05T17:50:40+00:00,0.21,1,38.0,-13.0,25.5,12.5,16,16
2023,9,c1362543e7eb1a7fb370510089fdd2bb,2023-11-05T18:03:00+00:00,Sun 2023-11-05 13:03,Atlanta Falcons,Minnesota Vikings,2023-11-05T17:50:40+00:00,0.21,1,38.5,-3.5,21.0,17.5,16,16
2023,9,6342c443837605582abb04112f1e1221,2023-11-05T18:03:00+00:00,Sun 2023-11-05 13:03,Baltimore Ravens,Seattle Seahawks,2023-11-05T17:50:40+00:00,0.21,1,44.5,-6.0,25.25,19.25,16,16
2023,9,64ad3ec55cefcf573466f418bd52f408,2023-11-05T18:03:00+00:00,Sun 2023-11-05 13:03,New Orleans Saints,Chicago Bears,2023-11-05T17:50:40+00:00,0.21,1,42.0,-9.0,25.5,16.5,16,16
2023,9,c0b98a80a1d531cc3f1bc4c99e1a1b76,2023-11-05T18:03:00+00:00,Sun 2023-11-05 13:03,Green Bay Packers,Los Angeles Rams,2023-11-05T17:50:40+00:00,0.21,1,37.5,-3.5,20.5,17.0,16,15
2023,9,cb6cae2ee8545b9f028840116a6d8aac,2023-11-05T18:03:00+00:00,Sun 2023-11-05 13:03,Houston Texans,Tampa Bay Buccaneers,2023-11-05T17:50:40+00:00,0.21,1,40.0,-2.5,21.25,18.75,16,16
2023,9,bc6c1c48eee564737dc27d9c184dd041,2023-11-05T18:03:00+00:00,Sun 2023-11-05 13:03,New England Patriots,Washington Commanders,2023-11-05T17:50:40+00:00,0.21,1,40.5,-3.0,21.75,18.75,16,16
2023,9,18005bf9b379df1435ae3caa1e12ac00,2023-11-05T21:08:00+00:00,Sun 2023-11-05 16:08,Carolina Panthers,Indianapolis Colts,2023-11-05T17:50:40+00:00,3.29,1,44.5,2.0,21.25,23.25,16,16
2023,9,3530767142f1ffd184aa029401f5acbb,2023-11-05T21:28:00+00:00,Sun 2023-11-05 16:28,Philadelphia Eagles,Dallas Cowboys,2023-11-05T17:50:40+00:00,3.62,1,46.5,-3.0,24.75,21.75,16,16
2023,9,d882b26f19332ec0aa9397de2285e457,2023-11-05T21:28:00+00:00,Sun 2023-11-05 16:28,Las Vegas Raiders,New York Giants,2023-11-05T17:50:40+00:00,3.62,1,38.0,-1.5,19.75,18.25,16,16
2023,9,68afbfc763fee8c6dcabf1c129275c5b,2023-11-06T01:23:00+00:00,Sun 2023-11-05 20:23,Cincinnati Bengals,Buffalo Bills,2023-11-05T17:50:40+00:00,7.54,0,50.5,-2.5,26.5,24.0,16,15
2023,9,a0dcb94e3a5fa0633a6a5e013d5d43db,2023-11-07T01:18:00+00:00,Mon 2023-11-06 20:18,New York Jets,Los Angeles Chargers,2023-11-05T17:50:40+00:00,31.46,0,39.5,3.5,18.0,21.5,16,16
2023,10,79846786112c7d5116a2326be9abedcb,2023-11-10T01:15:00+00:00,Thu 2023-11-09 20:15,Chicago Bears,Carolina Panthers,2023-11-05T17:50:40+00:00,103.41,0,41.0,-1.5,21.25,19.75,3,3
2023,10,b5b610ddb0ca0f0bc3d51e07ecc4c520,2023-11-12T14:30:00+00:00,Sun 2023-11-12 09:30,New England Patriots,Indianapolis Colts,2023-11-05T17:50:40+00:00,164.66,0,44.0,-1.0,22.5,21.5,3,3
2023,10,c5eeafee32ce8de348c503a58d42e8d5,2023-11-12T18:03:00+00:00,Sun 2023-11-12 13:03,Baltimore Ravens,Cleveland Browns,2023-11-12T17:50:39+00:00,0.21,1,38.75,-6.0,22.38,16.38,16,16
2023,10,98081ab3500423fd829a5b9c1d47fe0c,2023-11-12T18:03:00+00:00,Sun 2023-11-12 13:03,Cincinnati Bengals,Houston Texans,2023-11-12T17:50:39+00:00,0.21,1,45.5,-5.5,25.5,20.0,16,15
2023,10,6dbc9e87817daefec0b0657fc11b19f4,2023-11-12T18:03:00+00:00,Sun 2023-11-12 13:03,Jacksonville Jaguars,San Francisco 49ers,2023-11-12T17:50:39+00:00,0.21,1,44.5,3.0,20.75,23.75,16,16
2023,10,1ef403b76cec4a4fafa9896083ab1e98,2023-11-12T18:03:00+00:00,Sun 2023-11-12 13:03,Minnesota Vikings,New Orleans Saints,2023-11-12T17:50:39+00:00,0.21,1,40.5,3.0,18.75,21.75,16,16
2023,10,598cba017220362c51b4e9436b864e55,2023-11-12T18:03:00+00:00,Sun 2023-11-12 13:03,Pittsburgh Steelers,Green Bay Packers,2023-11-12T17:50:39+00:00,0.21,1,38.5,-3.0,20.75,17.75,16,16
2023,10,07fc4a3bb61dceee5482086876af7ca0,2023-11-12T18:03:00+00:00,Sun 2023-11-12 13:03,Tampa Bay Buccaneers,Tennessee Titans,2023-11-12T17:50:39+00:00,0.21,1,39.5,-2.5,21.0,18.5,16,16
2023,10,5879128840c29e3469a6ceb64bab9470,2023-11-12T21:08:00+00:00,Sun 2023-11-12 16:08,Arizona Cardinals,Atlanta Falcons,2023-11-12T17:50:39+00:00,3.29,1,43.5,2.0,20.75,22.75,16,16
2023,10,93ca64cd0a848ea783fffc08d2f520c2,2023-11-12T21:08:00+00:00,Sun 2023-11-12 16:08,Los Angeles Chargers,Detroit Lions,2023-11-12T17:50:39+00:00,3.29,1,48.5,2.5,23.0,25.5,16,16
2023,10,fc007baa989f1a6102c9b6100f2a07f7,2023-11-12T21:28:00+00:00,Sun 2023-11-12 16:28,Dallas Cowboys,New York Giants,2023-11-12T17:50:39+00:00,3.62,1,38.5,-17.5,28.0,10.5,16,16
2023,10,e658ecc30213f84c4b68dc3cf5f3f44c,2023-11-12T21:28:00+00:00,Sun 2023-11-12 16:28,Seattle Seahawks,Washington Commanders,2023-11-12T17:50:39+00:00,3.62,1,44.5,-6.0,25.25,19.25,16,16
2023,10,93b978585bf0aa7cafb48cc3ef875fc9,2023-11-13T01:20:00+00:00,Sun 2023-11-12 20:20,Las Vegas Raiders,New York Jets,2023-11-12T17:50:39+00:00,7.49,0,35.5,1.5,17.0,18.5,16,16
2023,10,9a9404cf872703411250a88f6c2b7ac6,2023-11-14T01:15:00+00:00,Mon 2023-11-13 20:15,Buffalo Bills,Denver Broncos,2023-11-12T17:50:39+00:00,31.41,0,47.5,-7.0,27.25,20.25,16,16
2023,11,ad2140bcb78fd6f6d37bee937bfa4d90,2023-11-17T01:16:00+00:00,Thu 2023-11-16 20:16,Baltimore Ravens,Cincinnati Bengals,2023-11-12T17:50:39+00:00,103.42,0,44.0,-3.0,23.5,20.5,8,8
2023,11,e1950715bf70945e95a913a3270cd69c,2023-11-19T18:01:00+00:00,Sun 2023-11-19 13:01,Houston Texans,Arizona Cardinals,2023-11-19T17:50:41+00:00,0.17,1,48.0,-5.5,26.75,21.25,15,15
2023,11,3152f45199a800df6949bedc3667cc56,2023-11-19T18:01:00+00:00,Sun 2023-11-19 13:01,Cleveland Browns,Pittsburgh Steelers,2023-11-19T17:50:41+00:00,0.17,1,34.0,-2.5,18.25,15.75,15,15
2023,11,d676d3d58ba5c3b249015c9797c11459,2023-11-19T18:01:00+00:00,Sun 2023-11-19 13:01,Green Bay Packers,Los Angeles Chargers,2023-11-19T17:50:41+00:00,0.17,1,44.0,3.0,20.5,23.5,15,15
2023,11,14322e4bcc697089c189622915db1a04,2023-11-19T18:01:00+00:00,Sun 2023-11-19 13:01,Jacksonville Jaguars,Tennessee Titans,2023-11-19T17:50:41+00:00,0.17,1,40.0,-6.5,23.25,16.75,15,15
2023,11,e968a3bb4e60b63f814badcfbf9977ab,2023-11-19T18:01:00+00:00,Sun 2023-11-19 13:01,Miami Dolphins,Las Vegas Raiders,2023-11-19T17:50:41+00:00,0.17,1,44.0,-14.0,29.0,15.0,15,15
2023,11,643c0a5da6ec46a44b0b1d5dd3819b9c,2023-11-19T18:01:00+00:00,Sun 2023-11-19 13:01,Washington Commanders,New York Giants,2023-11-19T17:50:41+00:00,0.17,1,39.0,-8.0,23.5,15.5,15,15
2023,11,3d08e5109caaffbcbe0deb49638886df,2023-11-19T18:01:00+00:00,Sun 2023-11-19 13:01,Carolina Panthers,Dallas Cowboys,2023-11-19T17:50:41+00:00,0.17,1,43.5,11.0,16.25,27.25,15,15
2023,11,725fda19c1793f5a81c16263426788ee,2023-11-19T18:01:00+00:00,Sun 2023-11-19 13:01,Detroit Lions,Chicago Bears,2023-11-19T17:50:41+00:00,0.17,1,48.0,-8.0,28.0,20.0,15,15
2023,11,8dcb7c89abe06e78be444bc54284ad95,2023-11-19T21:06:00+00:00,Sun 2023-11-19 16:06,San Francisco 49ers,Tampa Bay Buccaneers,2023-11-19T17:50:41+00:00,3.26,1,42.0,-13.5,27.75,14.25,15,15
2023,11,7ffa1ceb2b78914d13f2e894ed2e83bd,2023-11-19T21:26:00+00:00,Sun 2023-11-19 16:26,Buffalo Bills,New York Jets,2023-11-19T17:50:41+00:00,3.59,1,39.0,-8.5,23.75,15.25,15,15
2023,11,bc7543ec7bf3dddcc6d71b433ef360d0,2023-11-19T21:26:00+00:00,Sun 2023-11-19 16:26,Los Angeles Rams,Seattle Seahawks,2023-11-19T17:50:41+00:00,3.59,1,46.0,-1.5,23.75,22.25,15,14
2023,11,d59ec10420e78737c5fdfb5371c4c8e0,2023-11-20T01:21:00+00:00,Sun 2023-11-19 20:21,Denver Broncos,Minnesota Vikings,2023-11-19T17:50:41+00:00,7.51,0,42.5,-2.5,22.5,20.0,15,15
2023,11,34e87b63f58243a144a3c716fa79c61e,2023-11-21T01:15:00+00:00,Mon 2023-11-20 20:15,Kansas City Chiefs,Philadelphia Eagles,2023-09-10T16:50:41+00:00,1712.41,0,50.5,-3.0,26.75,23.75,1,2
2023,11,7ada5a3ce1269f9c0953a196b5fb4a0c,2023-11-21T01:16:00+00:00,Mon 2023-11-20 20:16,Kansas City Chiefs,Philadelphia Eagles,2023-11-19T17:50:41+00:00,31.42,0,45.5,-2.5,24.0,21.5,15,15
2023,12,0f2909e25d9307a32b840dcccf848e5f,2023-11-23T17:31:00+00:00,Thu 2023-11-23 12:31,Detroit Lions,Green Bay Packers,2023-11-19T17:50:41+00:00,95.67,0,44.5,-7.5,26.0,18.5,9,9
2023,12,a6e073fff37db15464e7e44b71462a20,2023-11-23T21:31:00+00:00,Thu 2023-11-23 16:31,Dallas Cowboys,Washington Commanders,2023-11-19T17:50:41+00:00,99.67,0,45.0,-9.5,27.25,17.75,8,8
2023,12,d001a3b1c793ab693130ede3dc9e6810,2023-11-24T01:21:00+00:00,Thu 2023-11-23 20:21,Seattle Seahawks,San Francisco 49ers,2023-11-19T17:50:41+00:00,103.51,0,44.25,5.0,19.62,24.62,8,8
2023,12,32c414934534235b0885860a21180ddc,2023-11-24T20:01:00+00:00,Fri 2023-11-24 15:01,New York Jets,Miami Dolphins,2023-11-19T17:50:41+00:00,122.17,0,42.5,6.5,18.0,24.5,4,7
2023,12,4a12e8418289ef8d56250b020a9b5c15,2023-11-26T18:03:00+00:00,Sun 2023-11-26 13:03,Atlanta Falcons,New Orleans Saints,2023-11-26T17:50:38+00:00,0.21,1,42.0,2.0,20.0,22.0,15,15
2023,12,387496b9809d0ba1d218674c095a9851,2023-11-26T18:03:00+00:00,Sun 2023-11-26 13:03,Tennessee Titans,Carolina Panthers,2023-11-26T17:50:38+00:00,0.21,1,35.5,-3.5,19.5,16.0,15,15
2023,12,4fc56a4d2185021682448f394e367742,2023-11-26T18:03:00+00:00,Sun 2023-11-26 13:03,Cincinnati Bengals,Pittsburgh Steelers,2023-11-26T17:50:38+00:00,0.21,1,36.0,2.0,17.0,19.0,15,14
2023,12,e5dae7f38f74481f9ca66ff314785ba7,2023-11-26T18:03:00+00:00,Sun 2023-11-26 13:03,Houston Texans,Jacksonville Jaguars,2023-11-26T17:50:38+00:00,0.21,1,48.0,1.0,23.5,24.5,15,15
2023,12,a721e155795f890bffe4c51c3dc0a472,2023-11-26T18:03:00+00:00,Sun 2023-11-26 13:03,Indianapolis Colts,Tampa Bay Buccaneers,2023-11-26T17:50:38+00:00,0.21,1,44.5,-2.5,23.5,21.0,15,15
2023,12,68d540f963b61e7362b7bf8d27740352,2023-11-26T18:03:00+00:00,Sun 2023-11-26 13:03,New York Giants,New England Patriots,2023-11-26T17:50:38+00:00,0.21,1,36.0,4.5,15.75,20.25,15,15
2023,12,f67d77c0cd4a8ecb8d3fb6ad0f3b1aea,2023-11-26T21:08:00+00:00,Sun 2023-11-26 16:08,Arizona Cardinals,Los Angeles Rams,2023-11-26T17:50:38+00:00,3.29,1,45.0,3.0,21.0,24.0,15,14
2023,12,f1788bb541815fe2a101212cf18d5af9,2023-11-26T21:08:00+00:00,Sun 2023-11-26 16:08,Denver Broncos,Cleveland Browns,2023-11-26T17:50:38+00:00,3.29,1,37.5,-1.5,19.5,18.0,15,15
2023,12,5e766a287ba24d40d9e40aa41efe19de,2023-11-26T21:28:00+00:00,Sun 2023-11-26 16:28,Philadelphia Eagles,Buffalo Bills,2023-11-26T17:50:38+00:00,3.62,1,49.0,-3.0,26.0,23.0,15,15
2023,12,c491f05b066449d95732c4f52ac57e66,2023-11-26T21:28:00+00:00,Sun 2023-11-26 16:28,Las Vegas Raiders,Kansas City Chiefs,2023-11-26T17:50:38+00:00,3.62,1,42.5,9.0,16.75,25.75,15,15
2023,12,eb77c9dad13ef82ba5ff4dcf439d3bab,2023-11-27T01:20:00+00:00,Sun 2023-11-26 20:20,Los Angeles Chargers,Baltimore Ravens,2023-11-26T17:50:38+00:00,7.49,0,48.5,3.0,22.75,25.75,15,15
2023,12,c1b7e562062eb3bac053a2f5ecf399f9,2023-11-28T01:18:00+00:00,Mon 2023-11-27 20:18,Minnesota Vikings,Chicago Bears,2023-11-26T17:50:38+00:00,31.46,0,44.0,-3.0,23.5,20.5,15,15
2023,13,b2eeb176fc9adfc63b9098b313905792,2023-12-01T01:16:00+00:00,Thu 2023-11-30 20:16,Dallas Cowboys,Seattle Seahawks,2023-11-26T17:50:38+00:00,103.42,0,45.5,-7.0,26.25,19.25,5,5
2023,13,76ae384526017414d68d617bf80b8aab,2023-12-03T18:01:00+00:00,Sun 2023-12-03 13:01,Pittsburgh Steelers,Arizona Cardinals,2023-12-03T17:50:38+00:00,0.17,1,41.0,-6.0,23.5,17.5,15,15
2023,13,6cd4bff8b0950234be09e6c0acda7b95,2023-12-03T18:01:00+00:00,Sun 2023-12-03 13:01,Tennessee Titans,Indianapolis Colts,2023-12-03T17:50:38+00:00,0.17,1,42.0,1.0,20.5,21.5,15,15
2023,13,ad1bbe3e94716ca03c3059092cbd1eee,2023-12-03T18:01:00+00:00,Sun 2023-12-03 13:01,New England Patriots,Los Angeles Chargers,2023-12-03T17:50:38+00:00,0.17,1,38.5,4.5,17.0,21.5,15,15
2023,13,d9498cb661062746dfc500a20c3a87e8,2023-12-03T18:01:00+00:00,Sun 2023-12-03 13:01,New York Jets,Atlanta Falcons,2023-12-03T17:50:38+00:00,0.17,1,33.0,2.0,15.5,17.5,15,15
2023,13,41c4d77b6a910a6b2364fbeb51dba059,2023-12-03T18:01:00+00:00,Sun 2023-12-03 13:01,New Orleans Saints,Detroit Lions,2023-12-03T17:50:38+00:00,0.17,1,48.0,4.0,22.0,26.0,15,15
2023,13,5e0c5b79c3cb142f3361ade464174b68,2023-12-03T18:01:00+00:00,Sun 2023-12-03 13:01,Washington Commanders,Miami Dolphins,2023-12-03T17:50:38+00:00,0.17,1,49.5,9.0,20.25,29.25,15,15
2023,13,53c6da53a7ba5f06aae182ee5ce38616,2023-12-03T18:01:00+00:00,Sun 2023-12-03 13:01,Houston Texans,Denver Broncos,2023-12-03T17:50:38+00:00,0.17,1,47.0,-3.0,25.0,22.0,15,15
2023,13,b70cc20a6410503c2661e5074c3bedd8,2023-12-03T21:06:00+00:00,Sun 2023-12-03 16:06,Tampa Bay Buccaneers,Carolina Panthers,2023-12-03T17:50:38+00:00,3.26,1,37.0,-3.5,20.25,16.75,15,15
2023,13,01d2c501c2836b50ef978f04c4673c6f,2023-12-03T21:26:00+00:00,Sun 2023-12-03 16:26,Philadelphia Eagles,San Francisco 49ers,2023-12-03T17:50:38+00:00,3.59,1,47.0,3.0,22.0,25.0,15,15
2023,13,4622746235a30217e61503cbcb3204bc,2023-12-03T21:26:00+00:00,Sun 2023-12-03 16:26,Los Angeles Rams,Cleveland Browns,2023-12-03T17:50:38+00:00,3.59,1,39.5,-3.5,21.5,18.0,15,14
2023,13,fed9bbf95a14428f10feee2cad9f7068,2023-12-04T01:21:00+00:00,Sun 2023-12-03 20:21,Green Bay Packers,Kansas City Chiefs,2023-12-03T17:50:38+00:00,7.51,0,43.0,5.5,18.75,24.25,15,15
2023,13,a4e3931e811a989c571fff8bf47def0a,2023-12-05T01:16:00+00:00,Mon 2023-12-04 20:16,Jacksonville Jaguars,Cincinnati Bengals,2023-12-03T17:50:38+00:00,31.42,0,39.0,-10.0,24.5,14.5,15,14
2023,14,4275f59e3fbef9a01b3007538c0b61fc,2023-12-08T01:16:00+00:00,Thu 2023-12-07 20:16,Pittsburgh Steelers,New England Patriots,2023-12-03T17:50:38+00:00,103.42,0,34.5,-6.5,20.5,14.0,8,8
2023,14,75558e1b61a377e60eba1971dfb6a46c,2023-12-10T18:03:00+00:00,Sun 2023-12-10 13:03,Atlanta Falcons,Tampa Bay Buccaneers,2023-12-10T17:50:38+00:00,0.21,1,41.5,-1.5,21.5,20.0,15,15
2023,14,c4fa37180b109663749897f5e7ddb134,2023-12-10T18:03:00+00:00,Sun 2023-12-10 13:03,Baltimore Ravens,Los Angeles Rams,2023-12-10T17:50:38+00:00,0.21,1,42.0,-7.5,24.75,17.25,15,13
2023,14,21466b3f0fdff97da5c44d0774f2c1a6,2023-12-10T18:03:00+00:00,Sun 2023-12-10 13:03,New Orleans Saints,Carolina Panthers,2023-12-10T17:50:38+00:00,0.21,1,38.5,-5.5,22.0,16.5,15,15
2023,14,003f1b5d02fe699b7efae4b3af1df39c,2023-12-10T18:03:00+00:00,Sun 2023-12-10 13:03,Chicago Bears,Detroit Lions,2023-12-10T17:50:38+00:00,0.21,1,44.5,3.0,20.75,23.75,15,15
2023,14,44ce059ff332b5b1169459132488a51e,2023-12-10T18:03:00+00:00,Sun 2023-12-10 13:03,Cincinnati Bengals,Indianapolis Colts,2023-12-10T17:50:38+00:00,0.21,1,45.0,-3.0,24.0,21.0,15,14
2023,14,48d726d4f5811eab626ddfb09bf48235,2023-12-10T18:03:00+00:00,Sun 2023-12-10 13:03,Cleveland Browns,Jacksonville Jaguars,2023-12-10T17:50:38+00:00,0.21,1,37.5,-2.5,20.0,17.5,15,15
2023,14,affdea10708b9e802b8b0c445be6ce4b,2023-12-10T18:03:00+00:00,Sun 2023-12-10 13:03,New York Jets,Houston Texans,2023-12-10T17:50:38+00:00,0.21,1,33.5,3.0,15.25,18.25,15,15
2023,14,2c2e60cf464088acdefc0c972de49317,2023-12-10T21:08:00+00:00,Sun 2023-12-10 16:08,Las Vegas Raiders,Minnesota Vikings,2023-12-10T17:50:38+00:00,3.29,1,40.5,3.0,18.75,21.75,15,15
2023,14,4fc535d395a9c86c6fa686a251a47acd,2023-12-10T21:08:00+00:00,Sun 2023-12-10 16:08,San Francisco 49ers,Seattle Seahawks,2023-12-10T17:50:38+00:00,3.29,1,45.5,-14.0,29.75,15.75,15,15
2023,14,3f3e724f37cedc82b772233204dc42eb,2023-12-10T21:28:00+00:00,Sun 2023-12-10 16:28,Kansas City Chiefs,Buffalo Bills,2023-12-10T17:50:38+00:00,3.62,1,49.0,-1.5,25.25,23.75,15,14
2023,14,1b45a999d8130829ebd2663fed2dff9e,2023-12-10T21:28:00+00:00,Sun 2023-12-10 16:28,Los Angeles Chargers,Denver Broncos,2023-12-10T17:50:38+00:00,3.62,1,45.0,-3.0,24.0,21.0,15,15
2023,14,419340a84b66e0873b00597841a3531c,2023-12-11T01:23:00+00:00,Sun 2023-12-10 20:23,Dallas Cowboys,Philadelphia Eagles,2023-12-10T17:50:38+00:00,7.54,0,51.5,-3.5,27.5,24.0,15,15
2023,14,ea43090cd4cc2eb2fb98ba3847aba986,2023-12-12T01:18:00+00:00,Mon 2023-12-11 20:18,New York Giants,Green Bay Packers,2023-12-10T17:50:38+00:00,31.46,0,37.0,6.5,15.25,21.75,15,15
2023,14,2c4ca7353e2db06d12d583f8a46d38a7,2023-12-12T01:18:00+00:00,Mon 2023-12-11 20:18,Miami Dolphins,Tennessee Titans,2023-12-10T17:50:38+00:00,31.46,0,46.5,-14.0,30.25,16.25,15,15
2023,15,72a6214a3f806871b60e04ee1f977abe,2023-12-15T01:25:00+00:00,Thu 2023-12-14 20:25,Las Vegas Raiders,Los Angeles Chargers,2023-12-10T17:50:38+00:00,103.57,0,42.5,3.5,19.5,23.0,7,7
2023,15,504debed5f593861f189755b6f1cd04c,2023-12-16T18:00:00+00:00,Sat 2023-12-16 13:00,Cincinnati Bengals,Minnesota Vikings,2023-12-10T17:50:38+00:00,144.16,0,40.5,1.0,19.75,20.75,6,6
2023,15,b8d545e119fa18b7183acc18f89d9b55,2023-12-17T01:15:00+00:00,Sat 2023-12-16 20:15,Detroit Lions,Denver Broncos,2023-12-10T17:50:38+00:00,151.41,0,47.0,-4.5,25.75,21.25,6,6
2023,15,89a76d31332effa87075701f164a8e0a,2023-12-17T18:03:00+00:00,Sun 2023-12-17 13:03,Carolina Panthers,Atlanta Falcons,2023-12-17T17:50:38+00:00,0.21,1,32.0,2.5,14.75,17.25,14,14
2023,15,abf4a23e7c6b9dd94d13a3070a32a65f,2023-12-17T18:03:00+00:00,Sun 2023-12-17 13:03,Cleveland Browns,Chicago Bears,2023-12-17T17:50:38+00:00,0.21,1,38.0,-2.5,20.25,17.75,14,14
2023,15,3c35ab18ec14298b28d7881f50bb503d,2023-12-17T18:03:00+00:00,Sun 2023-12-17 13:03,Green Bay Packers,Tampa Bay Buccaneers,2023-12-17T17:50:38+00:00,0.21,1,41.5,-3.75,22.62,18.88,14,14
2023,15,e3f50249e8a9b42484ad0922fca4f9f0,2023-12-17T18:03:00+00:00,Sun 2023-12-17 13:03,Tennessee Titans,Houston Texans,2023-12-17T17:50:38+00:00,0.21,1,38.0,-3.0,20.5,17.5,14,14
2023,15,de64df56de3a6998f152879e68fee61c,2023-12-17T18:03:00+00:00,Sun 2023-12-17 13:03,Miami Dolphins,New York Jets,2023-12-17T17:50:38+00:00,0.21,1,35.5,-7.0,21.25,14.25,14,14
2023,15,269d93043744dc23028a0de89fbc3c14,2023-12-17T18:03:00+00:00,Sun 2023-12-17 13:03,New Orleans Saints,New York Giants,2023-12-17T17:50:38+00:00,0.21,1,39.5,-6.0,22.75,16.75,14,14
2023,15,8aea6316338b72fd46c714d6eb8fb3e7,2023-12-17T18:03:00+00:00,Sun 2023-12-17 13:03,New England Patriots,Kansas City Chiefs,2023-12-17T17:50:38+00:00,0.21,1,39.5,10.0,14.75,24.75,14,14
2023,15,d2e02edc27163741a907439f1dafd4c2,2023-12-17T21:08:00+00:00,Sun 2023-12-17 16:08,Arizona Cardinals,San Francisco 49ers,2023-12-17T17:50:38+00:00,3.29,1,48.5,12.0,18.25,30.25,14,14
2023,15,56468ff158e85d48b0d04faa35a86461,2023-12-17T21:08:00+00:00,Sun 2023-12-17 16:08,Los Angeles Rams,Washington Commanders,2023-12-17T17:50:38+00:00,3.29,1,49.0,-6.5,27.75,21.25,14,13
2023,15,16807f51a2a89040e6573ff24bfcd9ab,2023-12-17T21:28:00+00:00,Sun 2023-12-17 16:28,Buffalo Bills,Dallas Cowboys,2023-12-17T17:50:38+00:00,3.62,1,49.5,-2.0,25.75,23.75,14,14
2023,15,89e5efd7cfa4a336f328dc372458c1aa,2023-12-18T01:23:00+00:00,Sun 2023-12-17 20:23,Jacksonville Jaguars,Baltimore Ravens,2023-12-17T17:50:38+00:00,7.54,0,40.5,3.5,18.5,22.0,14,14
2023,15,f51da6d224ba8d719fe220e807cd0442,2023-12-19T01:18:00+00:00,Mon 2023-12-18 20:18,Seattle Seahawks,Philadelphia Eagles,2023-12-17T17:50:38+00:00,31.46,0,45.0,2.5,21.25,23.75,14,14
2023,16,11009ecb9244b0f3f598ed07bc26ac7b,2023-12-22T01:15:00+00:00,Thu 2023-12-21 20:15,Los Angeles Rams,New Orleans Saints,2023-12-17T17:50:38+00:00,103.41,0,44.5,-4.0,24.25,20.25,5,5
2023,16,a9a95caf10c8a405258a388d5bee57a5,2023-12-24T18:01:00+00:00,Sun 2023-12-24 13:01,Carolina Panthers,Green Bay Packers,2023-12-24T17:50:38+00:00,0.17,1,39.5,3.5,18.0,21.5,14,14
2023,16,5500b405eeb2cd0ef11921548ec01793,2023-12-24T18:01:00+00:00,Sun 2023-12-24 13:01,Houston Texans,Cleveland Browns,2023-12-24T17:50:38+00:00,0.17,1,40.0,3.0,18.5,21.5,14,14
2023,16,c6c5f6a4a8e8b48115dfd68af22c08c4,2023-12-24T18:01:00+00:00,Sun 2023-12-24 13:01,New York Jets,Washington Commanders,2023-12-24T17:50:38+00:00,0.17,1,36.5,-3.0,19.75,16.75,14,14
2023,16,de97e48e6a47020a876631d2075c788d,2023-12-24T18:01:00+00:00,Sun 2023-12-24 13:01,Tennessee Titans,Seattle Seahawks,2023-12-24T17:50:38+00:00,0.17,1,42.5,3.0,19.75,22.75,14,14
2023,16,3877bbd549c811dc565cc9e08345eff2,2023-12-24T18:01:00+00:00,Sun 2023-12-24 13:01,Atlanta Falcons,Indianapolis Colts,2023-12-24T17:50:38+00:00,0.17,1,44.5,-2.5,23.5,21.0,14,14
2023,16,961b2207f2c12f9cbf59a2b6e7c99469,2023-12-24T18:01:00+00:00,Sun 2023-12-24 13:01,Minnesota Vikings,Detroit Lions,2023-12-24T17:50:38+00:00,0.17,1,47.5,2.5,22.5,25.0,14,14
2023,16,61c73107ddf7135cabd60aee621545a0,2023-12-24T21:06:00+00:00,Sun 2023-12-24 16:06,Tampa Bay Buccaneers,Jacksonville Jaguars,2023-12-24T17:50:38+00:00,3.26,1,43.0,1.0,21.0,22.0,14,14
2023,16,092ea6c489184135df2f5f61dcf4c1b4,2023-12-24T21:26:00+00:00,Sun 2023-12-24 16:26,Chicago Bears,Arizona Cardinals,2023-12-24T17:50:38+00:00,3.59,1,42.0,-4.0,23.0,19.0,14,14
2023,16,434c4d5264c6da9735c189a2a62b024b,2023-12-24T21:26:00+00:00,Sun 2023-12-24 16:26,Miami Dolphins,Dallas Cowboys,2023-12-24T17:50:38+00:00,3.59,1,48.25,-1.0,24.62,23.62,14,14
2023,16,1a815be65f48c8cace4642809bf9baa2,2023-12-25T01:16:00+00:00,Sun 2023-12-24 20:16,Denver Broncos,New England Patriots,2023-12-24T17:50:38+00:00,7.42,0,36.5,-7.5,22.0,14.5,14,14
2023,16,25aea15aa16519945e654a0a5158ccf0,2023-12-25T18:01:00+00:00,Mon 2023-12-25 13:01,Kansas City Chiefs,Las Vegas Raiders,2023-12-24T17:50:38+00:00,24.17,0,40.5,-10.5,25.5,15.0,14,14
2023,16,361a376a7fe6aa6a72a42331299683dc,2023-12-25T21:31:00+00:00,Mon 2023-12-25 16:31,Philadelphia Eagles,New York Giants,2023-12-24T17:50:38+00:00,27.67,0,43.0,-13.5,28.25,14.75,14,14
2023,16,809b12cea8824cbfd8643214b2e16192,2023-12-26T01:16:00+00:00,Mon 2023-12-25 20:16,San Francisco 49ers,Baltimore Ravens,2023-12-24T17:50:38+00:00,31.42,0,46.5,-6.0,26.25,20.25,14,14
2023,17,856010af3973ce10b0dd20f7dfc50fb6,2023-12-29T01:16:00+00:00,Thu 2023-12-28 20:16,Cleveland Browns,New York Jets,2023-12-24T17:50:38+00:00,103.42,0,35.0,-5.5,20.25,14.75,6,6
2023,17,e282b9dedc7fbb32af43dcd2c0514ddf,2023-12-31T01:16:00+00:00,Sat 2023-12-30 20:16,Dallas Cowboys,Detroit Lions,2023-12-24T17:50:38+00:00,151.42,0,51.5,-5.5,28.5,23.0,6,6
2023,17,f88a82df08055b17c6a314f1e5ab282d,2023-12-31T18:01:00+00:00,Sun 2023-12-31 13:01,Philadelphia Eagles,Arizona Cardinals,2023-12-31T17:50:38+00:00,0.17,1,48.0,-12.5,30.25,17.75,14,14
2023,17,10c45d3ea3c7306b41f67688c09df290,2023-12-31T18:01:00+00:00,Sun 2023-12-31 13:01,Baltimore Ravens,Miami Dolphins,2023-12-31T17:50:38+00:00,0.17,1,46.75,-3.0,24.88,21.88,14,13
2023,17,ca9b6b094079a726579f7cc265ce6c18,2023-12-31T18:01:00+00:00,Sun 2023-12-31 13:01,Indianapolis Colts,Las Vegas Raiders,2023-12-31T17:50:38+00:00,0.17,1,42.5,-3.5,23.0,19.5,14,14
2023,17,4b3400a92d27954eba760f003c253ddb,2023-12-31T18:01:00+00:00,Sun 2023-12-31 13:01,Washington Commanders,San Francisco 49ers,2023-12-31T17:50:38+00:00,0.17,1,48.5,14.0,17.25,31.25,14,14
2023,17,61dcb8f3d6ed2f109976809f81c282a0,2023-12-31T18:01:00+00:00,Sun 2023-12-31 13:01,New York Giants,Los Angeles Rams,2023-12-31T17:50:38+00:00,0.17,1,43.5,6.5,18.5,25.0,14,13
2023,17,04a8a0b984c5853cc74b3f7aa350169d,2023-12-31T18:03:00+00:00,Sun 2023-12-31 13:03,Chicago Bears,Atlanta Falcons,2023-12-31T17:50:38+00:00,0.21,1,39.0,-2.5,20.75,18.25,14,14
2023,17,51a3c6804628bc320376f1281759cd59,2023-12-31T18:03:00+00:00,Sun 2023-12-31 13:03,Buffalo Bills,New England Patriots,2023-12-31T17:50:38+00:00,0.21,1,40.0,-15.0,27.5,12.5,14,14
2023,17,14ee1908972456dd89e80d242417c095,2023-12-31T18:03:00+00:00,Sun 2023-12-31 13:03,Jacksonville Jaguars,Carolina Panthers,2023-12-31T17:50:38+00:00,0.21,1,38.0,-3.5,20.75,17.25,14,14
2023,17,1eefaa757efae485b1164d514ef95c72,2023-12-31T18:03:00+00:00,Sun 2023-12-31 13:03,Houston Texans,Tennessee Titans,2023-12-31T17:50:38+00:00,0.21,1,44.0,-5.5,24.75,19.25,14,14
2023,17,bcbee01dcb5f170e494bbaf61b01d213,2023-12-31T18:03:00+00:00,Sun 2023-12-31 13:03,Tampa Bay Buccaneers,New Orleans Saints,2023-12-31T17:50:38+00:00,0.21,1,42.25,-2.5,22.38,19.88,14,14
2023,17,a030104232f100d142c34a800ea48fc8,2023-12-31T21:08:00+00:00,Sun 2023-12-31 16:08,Seattle Seahawks,Pittsburgh Steelers,2023-12-31T17:50:38+00:00,3.29,1,40.5,-4.25,22.38,18.12,14,14
2023,17,e32c10e6badda5bfc59723e9f241c473,2023-12-31T21:26:00+00:00,Sun 2023-12-31 16:26,Kansas City Chiefs,Cincinnati Bengals,2023-09-10T16:50:41+00:00,2692.59,1,50.5,-3.25,26.88,23.62,1,2
2023,17,15e520010a81e82faa9db037632923aa,2023-12-31T21:26:00+00:00,Sun 2023-12-31 16:26,Kansas City Chiefs,Cincinnati Bengals,2023-12-31T17:50:38+00:00,3.59,1,45.5,-7.0,26.25,19.25,14,13
2023,17,0cad8e04a03b002316d6fca721bf68af,2023-12-31T21:28:00+00:00,Sun 2023-12-31 16:28,Denver Broncos,Los Angeles Chargers,2023-12-31T17:50:38+00:00,3.62,1,37.5,-3.5,20.5,17.0,14,13
2023,17,952206f7c222510449ef202c2cce48b2,2024-01-01T01:23:00+00:00,Sun 2023-12-31 20:23,Minnesota Vikings,Green Bay Packers,2023-12-31T17:50:38+00:00,7.54,0,43.0,-1.0,22.0,21.0,14,14
2023,18,2e8d909625844e0aea3dad1beee6712f,2024-01-07T18:01:00+00:00,Sun 2024-01-07 13:01,Indianapolis Colts,Houston Texans,2023-12-31T17:50:38+00:00,168.17,1,46.25,-1.5,23.88,22.38,2,2
2023,18,794e49c4f03306ab9c79cb84fcc2b0ac,2024-01-07T18:01:00+00:00,Sun 2024-01-07 13:01,New Orleans Saints,Atlanta Falcons,2024-01-07T17:50:38+00:00,0.17,1,41.5,-3.0,22.25,19.25,14,14
2023,18,50c6ec417a0a3cb00945bee203ecccad,2024-01-07T18:01:00+00:00,Sun 2024-01-07 13:01,Carolina Panthers,Tampa Bay Buccaneers,2024-01-07T17:50:38+00:00,0.17,1,36.5,4.5,16.0,20.5,14,14
2023,18,b51ff34c488e8470c3d975a781cc638d,2024-01-07T18:01:00+00:00,Sun 2024-01-07 13:01,Cincinnati Bengals,Cleveland Browns,2024-01-07T17:50:38+00:00,0.17,1,37.0,-7.25,22.12,14.88,14,14
2023,18,46b392b972587cb9f66805dcea8dcac9,2024-01-07T18:01:00+00:00,Sun 2024-01-07 13:01,Detroit Lions,Minnesota Vikings,2024-01-07T17:50:38+00:00,0.17,1,47.5,-4.0,25.75,21.75,14,14
2023,18,77acb65d6a0314b676df5b4832ef45a3,2024-01-07T18:01:00+00:00,Sun 2024-01-07 13:01,Tennessee Titans,Jacksonville Jaguars,2024-01-07T17:50:38+00:00,0.17,1,41.5,3.5,19.0,22.5,14,14
2023,18,fb5a05459a7e5616f95e2caa7732c20f,2024-01-07T18:01:00+00:00,Sun 2024-01-07 13:01,New England Patriots,New York Jets,2024-01-07T17:50:38+00:00,0.17,1,28.5,-2.25,15.38,13.12,14,14
2023,18,c275e949047e5983348e5431f78e4013,2024-01-07T21:26:00+00:00,Sun 2024-01-07 16:26,Arizona Cardinals,Seattle Seahawks,2024-01-07T17:50:38+00:00,3.59,1,47.5,3.0,22.25,25.25,14,14
2023,18,2b2da592b91fb61473aed5b4fe975254,2024-01-07T21:26:00+00:00,Sun 2024-01-07 16:26,Green Bay Packers,Chicago Bears,2024-01-07T17:50:38+00:00,3.59,1,46.0,-3.0,24.5,21.5,14,14
2023,18,d7e8bbb2997c341248c04ec59abb94fb,2024-01-07T21:26:00+00:00,Sun 2024-01-07 16:26,Washington Commanders,Dallas Cowboys,2024-01-07T17:50:38+00:00,3.59,1,47.0,13.5,16.75,30.25,14,14
2023,18,cc55919e69edfb7f2749f3430f5b4b26,2024-01-07T21:26:00+00:00,Sun 2024-01-07 16:26,Las Vegas Raiders,Denver Broncos,2024-01-07T17:50:38+00:00,3.59,1,37.0,-3.0,20.0,17.0,14,14
2023,18,a50417b93fb8ac1e9653946bb4850eb4,2024-01-07T21:26:00+00:00,Sun 2024-01-07 16:26,Los Angeles Chargers,Kansas City Chiefs,2024-01-07T17:50:38+00:00,3.59,1,35.5,-3.0,19.25,16.25,14,14
2023,18,52c6f0c38ee6458d03e5caffe56af385,2024-01-07T21:26:00+00:00,Sun 2024-01-07 16:26,San Francisco 49ers,Los Angeles Rams,2024-01-07T17:50:38+00:00,3.59,1,40.0,-4.0,22.0,18.0,14,13
2023,18,66c7e39643ecae341addae9fff981d0b,2024-01-07T21:26:00+00:00,Sun 2024-01-07 16:26,New York Giants,Philadelphia Eagles,2024-01-07T17:50:38+00:00,3.59,1,43.0,5.0,19.0,24.0,14,14
2023,18,4ede93bcf0120eff85ceba01144694b9,2024-01-08T01:21:00+00:00,Sun 2024-01-07 20:21,Miami Dolphins,Buffalo Bills,2024-01-07T17:50:38+00:00,7.51,0,48.0,3.0,22.5,25.5,14,14
2024,1,7a5e353202d40a844491fa5753bc3097,2024-09-08T17:00:00+00:00,Sun 2024-09-08 13:00,Buffalo Bills,Arizona Cardinals,2024-09-08T16:50:38+00:00,0.16,1,45.5,-6.5,26.0,19.5,10,10
2024,1,92665529cce6b8089e793d1e7d5e4b66,2024-09-08T17:00:00+00:00,Sun 2024-09-08 13:00,Atlanta Falcons,Pittsburgh Steelers,2024-09-08T16:50:38+00:00,0.16,1,42.5,-4.0,23.25,19.25,10,10
2024,1,022add645ca37d612dbb69e8ef02f6b9,2024-09-08T17:00:00+00:00,Sun 2024-09-08 13:00,New Orleans Saints,Carolina Panthers,2024-09-08T16:50:38+00:00,0.16,1,41.5,-3.5,22.5,19.0,10,10
2024,1,b5b9d07cdd5c7bd14e943ccd7973e6a2,2024-09-08T17:00:00+00:00,Sun 2024-09-08 13:00,Chicago Bears,Tennessee Titans,2024-09-08T16:50:38+00:00,0.16,1,43.0,-4.0,23.5,19.5,10,10
2024,1,60fdc65ee27ab7dbe07dc06ef35afadc,2024-09-08T17:00:00+00:00,Sun 2024-09-08 13:00,Indianapolis Colts,Houston Texans,2024-09-08T16:50:38+00:00,0.16,1,48.25,3.0,22.62,25.62,10,10
2024,1,8c0e75b0a4ea07212e741acf25ad96b6,2024-09-08T17:00:00+00:00,Sun 2024-09-08 13:00,Miami Dolphins,Jacksonville Jaguars,2024-09-08T16:50:38+00:00,0.16,1,49.5,-3.5,26.5,23.0,10,10
2024,1,c483f5c8e0ee5f1f5abdd75870eeeffc,2024-09-08T17:00:00+00:00,Sun 2024-09-08 13:00,New York Giants,Minnesota Vikings,2024-09-08T16:50:38+00:00,0.16,1,42.0,1.0,20.5,21.5,10,10
2024,1,5f14ebd3a8f10d141a7f0c2dcf510368,2024-09-08T17:02:00+00:00,Sun 2024-09-08 13:02,Cincinnati Bengals,New England Patriots,2024-09-08T16:50:38+00:00,0.19,1,41.0,-7.5,24.25,16.75,10,9
2024,1,afb7e137dbb2a3de38d2d3cb68897e3b,2024-09-08T20:05:00+00:00,Sun 2024-09-08 16:05,Seattle Seahawks,Denver Broncos,2024-09-08T16:50:38+00:00,3.24,1,42.25,-6.5,24.38,17.88,10,10
2024,1,a2f9dcdf49ccacf33036a0b795413a6e,2024-09-08T20:05:00+00:00,Sun 2024-09-08 16:05,Los Angeles Chargers,Las Vegas Raiders,2024-09-08T16:50:38+00:00,3.24,1,40.5,-3.0,21.75,18.75,10,10
2024,1,a1682ca5d9e0c4b14d19ed69d6299806,2024-09-08T20:25:00+00:00,Sun 2024-09-08 16:25,Cleveland Browns,Dallas Cowboys,2024-09-08T16:50:38+00:00,3.57,1,42.0,-2.0,22.0,20.0,10,10
2024,1,ba439e5505ce1ee745d2e48f2d2f31e6,2024-09-08T20:25:00+00:00,Sun 2024-09-08 16:25,Tampa Bay Buccaneers,Washington Commanders,2024-09-08T16:50:38+00:00,3.57,1,42.0,-3.75,22.88,19.12,10,10
2024,1,fa20351fa9ca26c47f93abc8a9b2c941,2024-09-09T00:20:00+00:00,Sun 2024-09-08 20:20,Detroit Lions,Los Angeles Rams,2024-09-08T16:50:38+00:00,7.49,0,53.5,-4.5,29.0,24.5,10,9
2024,1,d94f808523ced7460f7c88c758c481f5,2024-09-10T00:20:00+00:00,Mon 2024-09-09 20:20,San Francisco 49ers,New York Jets,2024-09-08T16:50:38+00:00,31.49,0,43.5,-4.0,23.75,19.75,10,10
2024,2,ddd9b67cf1d68282e1e8652000c0d015,2024-09-13T00:20:00+00:00,Thu 2024-09-12 20:20,Miami Dolphins,Buffalo Bills,2024-09-08T16:50:38+00:00,103.49,0,51.0,-1.5,26.25,24.75,7,7
2024,2,b4769cda12183128858f49f475aabfce,2024-09-15T17:00:00+00:00,Sun 2024-09-15 13:00,Carolina Panthers,Los Angeles Chargers,2024-09-15T16:50:38+00:00,0.16,1,38.5,4.5,17.0,21.5,10,10
2024,2,111ac41e21c6f16a2d3d1511f07e2004,2024-09-15T17:00:00+00:00,Sun 2024-09-15 13:00,Jacksonville Jaguars,Cleveland Browns,2024-09-15T16:50:38+00:00,0.16,1,41.0,-3.0,22.0,19.0,10,10
2024,2,5b05775b536cda3f2efab93935af4f54,2024-09-15T17:00:00+00:00,Sun 2024-09-15 13:00,Dallas Cowboys,New Orleans Saints,2024-09-15T16:50:38+00:00,0.16,1,47.0,-6.5,26.75,20.25,10,10
2024,2,9d5dace601f10c135f5c03facf23fd22,2024-09-15T17:00:00+00:00,Sun 2024-09-15 13:00,Minnesota Vikings,San Francisco 49ers,2024-09-15T16:50:38+00:00,0.16,1,46.5,4.0,21.25,25.25,10,10
2024,2,495d9f2c316b05ef092099ef9401a180,2024-09-15T17:00:00+00:00,Sun 2024-09-15 13:00,Washington Commanders,New York Giants,2024-09-15T16:50:38+00:00,0.16,1,43.0,-1.5,22.25,20.75,10,10
2024,2,17d4d840f9f4094d76c6e9b53b18ac05,2024-09-15T17:00:00+00:00,Sun 2024-09-15 13:00,Tennessee Titans,New York Jets,2024-09-15T16:50:38+00:00,0.16,1,41.0,4.0,18.5,22.5,10,9
2024,2,5a2bfc721fb2300d4578743aee7ad891,2024-09-15T17:00:00+00:00,Sun 2024-09-15 13:00,Baltimore Ravens,Las Vegas Raiders,2024-09-15T16:50:38+00:00,0.16,1,42.5,-8.75,25.62,16.88,10,10
2024,2,c4e5642a8746f3e8fbb09d59a611ffe4,2024-09-15T17:00:00+00:00,Sun 2024-09-15 13:00,Green Bay Packers,Indianapolis Colts,2024-09-15T16:50:38+00:00,0.16,1,41.5,2.5,19.5,22.0,10,10
2024,2,787ae4144b2b45d7ef8a9c7b1ab6abd8,2024-09-15T17:02:00+00:00,Sun 2024-09-15 13:02,Detroit Lions,Tampa Bay Buccaneers,2024-09-15T16:50:38+00:00,0.19,1,52.0,-7.5,29.75,22.25,10,10
2024,2,42d27889b51ada96c20671b30129ce4e,2024-09-15T17:02:00+00:00,Sun 2024-09-15 13:02,New England Patriots,Seattle Seahawks,2024-09-15T16:50:38+00:00,0.19,1,39.0,3.0,18.0,21.0,10,10
2024,2,db997fc1b5fe71f4960012f81c21a017,2024-09-15T20:05:00+00:00,Sun 2024-09-15 16:05,Arizona Cardinals,Los Angeles Rams,2024-09-15T16:50:38+00:00,3.24,1,47.5,0.0,23.75,23.75,10,9
2024,2,3a300e2fb659ca896b5e60252f13150c,2024-09-15T20:25:00+00:00,Sun 2024-09-15 16:25,Denver Broncos,Pittsburgh Steelers,2024-09-15T16:50:38+00:00,3.57,1,36.5,2.5,17.0,19.5,10,10
2024,2,faaeaab20409da65e7314cc1857ccfba,2024-09-15T20:25:00+00:00,Sun 2024-09-15 16:25,Kansas City Chiefs,Cincinnati Bengals,2024-09-15T16:50:38+00:00,3.57,1,48.0,-6.5,27.25,20.75,10,9
2024,2,7533f0f2d5cfe270fa0ccdc32a98c7fd,2024-09-16T00:20:00+00:00,Sun 2024-09-15 20:20,Houston Texans,Chicago Bears,2024-09-15T16:50:38+00:00,7.49,0,45.0,-5.75,25.38,19.62,10,10
2024,2,2cefb0f9bcf18ed3f64396174ece14ad,2024-09-17T00:15:00+00:00,Mon 2024-09-16 20:15,Philadelphia Eagles,Atlanta Falcons,2024-09-15T16:50:38+00:00,31.41,0,46.0,-5.5,25.75,20.25,10,10
2024,3,ff0f310a02a527f105b5b37dbd61c502,2024-09-20T00:15:00+00:00,Thu 2024-09-19 20:15,New York Jets,New England Patriots,2024-09-15T16:50:38+00:00,103.41,0,39.5,-7.0,23.25,16.25,4,4
2024,3,e46e4c9f5d6884910657cd6581da3978,2024-09-22T17:02:00+00:00,Sun 2024-09-22 13:02,Indianapolis Colts,Chicago Bears,2024-09-22T16:50:38+00:00,0.19,1,43.5,-1.5,22.5,21.0,10,10
2024,3,200c20527d1d6f44257155548cdac1e8,2024-09-22T17:02:00+00:00,Sun 2024-09-22 13:02,Cleveland Browns,New York Giants,2024-09-22T16:50:38+00:00,0.19,1,38.25,-6.5,22.38,15.88,10,10
2024,3,8b6897f314b84276526a4ba371d67e20,2024-09-22T17:02:00+00:00,Sun 2024-09-22 13:02,Tampa Bay Buccaneers,Denver Broncos,2024-09-22T16:50:38+00:00,0.19,1,40.5,-6.0,23.25,17.25,10,10
2024,3,fc293a1ac914f24cb110ed2b8250292d,2024-09-22T17:02:00+00:00,Sun 2024-09-22 13:02,Minnesota Vikings,Houston Texans,2024-09-22T16:50:38+00:00,0.19,1,46.5,1.5,22.5,24.0,10,10
2024,3,2ee776f967540a404694111f27822004,2024-09-22T17:02:00+00:00,Sun 2024-09-22 13:02,Pittsburgh Steelers,Los Angeles Chargers,2024-09-22T16:50:38+00:00,0.19,1,36.0,-2.5,19.25,16.75,10,10
2024,3,326301fd41fe90d64929b44a2e227b23,2024-09-22T17:02:00+00:00,Sun 2024-09-22 13:02,New Orleans Saints,Philadelphia Eagles,2024-09-22T16:50:38+00:00,0.19,1,49.0,-2.5,25.75,23.25,10,10
2024,3,81cee90c26bf0ec45c3bc946b8143e19,2024-09-22T17:02:00+00:00,Sun 2024-09-22 13:02,Tennessee Titans,Green Bay Packers,2024-09-22T16:50:38+00:00,0.19,1,37.0,-3.0,20.0,17.0,10,10
2024,3,49397bc00cf6d5e50f0a943538f1b00d,2024-09-22T20:07:00+00:00,Sun 2024-09-22 16:07,Las Vegas Raiders,Carolina Panthers,2024-09-22T16:50:38+00:00,3.27,1,40.0,-5.5,22.75,17.25,10,10
2024,3,acc41dc7aeae8f8db0604c743213916c,2024-09-22T20:07:00+00:00,Sun 2024-09-22 16:07,Seattle Seahawks,Miami Dolphins,2024-09-22T16:50:38+00:00,3.27,1,41.5,-4.0,22.75,18.75,10,10
2024,3,e61fbdc294fce579705fa0ed6de85ce2,2024-09-22T20:27:00+00:00,Sun 2024-09-22 16:27,Arizona Cardinals,Detroit Lions,2024-09-22T16:50:38+00:00,3.61,1,51.5,3.0,24.25,27.25,10,10
2024,3,f89d2da2d1b692de14ddf77e186cc5c7,2024-09-22T20:27:00+00:00,Sun 2024-09-22 16:27,Los Angeles Rams,San Francisco 49ers,2024-09-22T16:50:38+00:00,3.61,1,44.5,6.5,19.0,25.5,10,9
2024,3,cd904fbb09c5130b857595217364bb07,2024-09-22T20:27:00+00:00,Sun 2024-09-22 16:27,Dallas Cowboys,Baltimore Ravens,2024-09-22T16:50:38+00:00,3.61,1,47.5,1.5,23.0,24.5,10,10
2024,3,bd907bcbaaefa56a30c4fa2c57281a51,2024-09-23T00:20:00+00:00,Sun 2024-09-22 20:20,Atlanta Falcons,Kansas City Chiefs,2024-09-22T16:50:38+00:00,7.49,0,46.5,3.0,21.75,24.75,10,10
2024,3,96be3ba73fc562e49a0120b5923c3213,2024-09-23T23:30:00+00:00,Mon 2024-09-23 19:30,Buffalo Bills,Jacksonville Jaguars,2024-09-22T16:50:38+00:00,30.66,0,45.5,-5.5,25.5,20.0,10,10
2024,3,8e047915fdc9b7dc77d2276e740f55d2,2024-09-24T00:15:00+00:00,Mon 2024-09-23 20:15,Cincinnati Bengals,Washington Commanders,2024-09-22T16:50:38+00:00,31.41,0,46.5,-7.5,27.0,19.5,10,9
2024,4,b08196b0745d9e2e0bebfe8627fc5a1f,2024-09-27T00:15:00+00:00,Thu 2024-09-26 20:15,New York Giants,Dallas Cowboys,2024-09-22T16:50:38+00:00,103.41,0,43.5,6.5,18.5,25.0,6,6
2024,4,3858ab1dfdb4db4987218c709a51d1bf,2024-09-29T17:00:00+00:00,Sun 2024-09-29 13:00,Atlanta Falcons,New Orleans Saints,2024-09-29T16:50:38+00:00,0.16,1,42.5,-2.5,22.5,20.0,10,10
2024,4,82483a4f1a2ae000d00778810d85d13c,2024-09-29T17:00:00+00:00,Sun 2024-09-29 13:00,Carolina Panthers,Cincinnati Bengals,2024-09-29T16:50:38+00:00,0.16,1,46.5,5.0,20.75,25.75,10,9
2024,4,e603ee3c4035a8558b9bcb6aded87ff4,2024-09-29T17:00:00+00:00,Sun 2024-09-29 13:00,Chicago Bears,Los Angeles Rams,2024-09-29T16:50:38+00:00,0.16,1,40.5,-3.0,21.75,18.75,10,9
2024,4,701d98795b391636de6d0860c6782f2d,2024-09-29T17:00:00+00:00,Sun 2024-09-29 13:00,New York Jets,Denver Broncos,2024-09-29T16:50:38+00:00,0.16,1,39.5,-8.0,23.75,15.75,10,10
2024,4,3855431777952837560f29bff9d6b4e3,2024-09-29T17:00:00+00:00,Sun 2024-09-29 13:00,Houston Texans,Jacksonville Jaguars,2024-09-29T16:50:38+00:00,0.16,1,44.5,-5.5,25.0,19.5,10,10
2024,4,a0a3ae18f5a26bdaa0e2f32aa8af7ce0,2024-09-29T17:00:00+00:00,Sun 2024-09-29 13:00,Indianapolis Colts,Pittsburgh Steelers,2024-09-29T16:50:38+00:00,0.16,1,41.0,2.5,19.25,21.75,10,10
2024,4,1f9f768db4ab5e36fad5080f8a338725,2024-09-29T17:00:00+00:00,Sun 2024-09-29 13:00,Green Bay Packers,Minnesota Vikings,2024-09-29T16:50:38+00:00,0.16,1,44.5,-2.5,23.5,21.0,10,10
2024,4,6b08b0416089dbb0459c208f5c0c6d41,2024-09-29T17:03:00+00:00,Sun 2024-09-29 13:03,Tampa Bay Buccaneers,Philadelphia Eagles,2024-09-29T16:50:38+00:00,0.21,1,42.0,1.0,20.5,21.5,10,10
2024,4,b0461ea737b89685d0aee3050bca0cc5,2024-09-29T20:05:00+00:00,Sun 2024-09-29 16:05,Arizona Cardinals,Washington Commanders,2024-09-29T16:50:38+00:00,3.24,1,48.5,-3.5,26.0,22.5,10,10
2024,4,2536f23add2224ed79c070c55af28bbf,2024-09-29T20:05:00+00:00,Sun 2024-09-29 16:05,San Francisco 49ers,New England Patriots,2024-09-29T16:50:38+00:00,3.24,1,41.75,-10.5,26.12,15.62,10,10
2024,4,3f180e883b429700dd32ff2133ac37ef,2024-09-29T20:25:00+00:00,Sun 2024-09-29 16:25,Las Vegas Raiders,Cleveland Browns,2024-09-29T16:50:38+00:00,3.57,1,37.0,2.5,17.25,19.75,10,10
2024,4,b839e959b4e28cdd96341dbcf99d4a42,2024-09-29T20:25:00+00:00,Sun 2024-09-29 16:25,Los Angeles Chargers,Kansas City Chiefs,2024-09-29T16:50:38+00:00,3.57,1,41.0,7.25,16.88,24.12,10,10
2024,4,ce925c8cb892e1806399345e7885828d,2024-09-30T00:15:00+00:00,Sun 2024-09-29 20:15,Baltimore Ravens,Buffalo Bills,2024-09-29T16:50:38+00:00,7.41,0,46.25,-2.5,24.38,21.88,10,10
2024,4,a207d1faa78a276de49cdebb7ef4fc0e,2024-09-30T23:30:00+00:00,Mon 2024-09-30 19:30,Miami Dolphins,Tennessee Titans,2024-09-29T16:50:38+00:00,30.66,0,37.0,-2.5,19.75,17.25,10,10
2024,4,2b7f812133cedc184625d7bc8362564a,2024-10-01T00:15:00+00:00,Mon 2024-09-30 20:15,Detroit Lions,Seattle Seahawks,2024-09-29T16:50:38+00:00,31.41,0,46.5,-3.5,25.0,21.5,10,10
2024,5,b516611a4ade7c4d55fcde561ed71328,2024-10-04T00:15:00+00:00,Thu 2024-10-03 20:15,Atlanta Falcons,Tampa Bay Buccaneers,2024-09-29T16:50:38+00:00,103.41,0,43.5,-3.0,23.25,20.25,4,4
2024,5,b782886bcc4874123d3bb50e5d1e88c3,2024-10-06T13:30:00+00:00,Sun 2024-10-06 09:30,Minnesota Vikings,New York Jets,2024-09-29T16:50:38+00:00,164.66,0,42.25,1.5,20.38,21.88,4,4
2024,5,b727380f1b93218185ba53da28e0f6a7,2024-10-06T17:00:00+00:00,Sun 2024-10-06 13:00,Chicago Bears,Carolina Panthers,2024-10-06T16:50:37+00:00,0.16,1,40.0,-4.0,22.0,18.0,10,10
2024,5,43f21c8e455914cc71d00ca0001ae85b,2024-10-06T17:00:00+00:00,Sun 2024-10-06 13:00,Washington Commanders,Cleveland Browns,2024-10-06T16:50:37+00:00,0.16,1,44.0,-3.0,23.5,20.5,10,10
2024,5,dba45197b1cd2dbafe7f83ebffd2be90,2024-10-06T17:00:00+00:00,Sun 2024-10-06 13:00,Jacksonville Jaguars,Indianapolis Colts,2024-10-06T16:50:37+00:00,0.16,1,44.5,-3.5,24.0,20.5,10,10
2024,5,5cb3b58ed90ecfac2acac9115e08c017,2024-10-06T17:00:00+00:00,Sun 2024-10-06 13:00,New England Patriots,Miami Dolphins,2024-10-06T16:50:37+00:00,0.16,1,37.0,2.0,17.5,19.5,10,10
2024,5,2eb8e0798cb1b1f9d0f0d414253b4e37,2024-10-06T17:03:00+00:00,Sun 2024-10-06 13:03,Houston Texans,Buffalo Bills,2024-10-06T16:50:37+00:00,0.21,1,47.5,-1.0,24.25,23.25,10,10
2024,5,73da5785865b6ab0852df1aa0c47994e,2024-10-06T17:03:00+00:00,Sun 2024-10-06 13:03,Cincinnati Bengals,Baltimore Ravens,2024-10-06T16:50:37+00:00,0.21,1,48.5,2.5,23.0,25.5,10,9
2024,5,a0877d6a0f0a97e5790884008b9974c9,2024-10-06T20:05:00+00:00,Sun 2024-10-06 16:05,San Francisco 49ers,Arizona Cardinals,2024-10-06T16:50:37+00:00,3.24,1,49.0,-7.0,28.0,21.0,10,10
2024,5,9a9219cd7180fe6481e6bd9e460a7622,2024-10-06T20:05:00+00:00,Sun 2024-10-06 16:05,Denver Broncos,Las Vegas Raiders,2024-10-06T16:50:37+00:00,3.24,1,36.0,-3.0,19.5,16.5,10,10
2024,5,777e65cf50b4517465cea9ac9d686227,2024-10-06T20:25:00+00:00,Sun 2024-10-06 16:25,Seattle Seahawks,New York Giants,2024-10-06T16:50:37+00:00,3.57,1,42.5,-7.0,24.75,17.75,10,10
2024,5,f555a965152f8896b1cf418205724508,2024-10-06T20:25:00+00:00,Sun 2024-10-06 16:25,Los Angeles Rams,Green Bay Packers,2024-10-06T16:50:37+00:00,3.57,1,49.5,3.0,23.25,26.25,10,9
2024,5,504a7b09264059083346ab086141da30,2024-10-07T00:20:00+00:00,Sun 2024-10-06 20:20,Pittsburgh Steelers,Dallas Cowboys,2024-10-06T16:50:37+00:00,7.49,0,43.5,-2.5,23.0,20.5,10,10
2024,5,5e0d59f75b7f9056461e2970aca2a6cb,2024-10-08T00:15:00+00:00,Mon 2024-10-07 20:15,Kansas City Chiefs,New Orleans Saints,2024-10-06T16:50:37+00:00,31.41,0,43.0,-5.5,24.25,18.75,10,10
2024,6,0dac14546d6008893a8b3b6c417472a6,2024-10-11T00:15:00+00:00,Thu 2024-10-10 20:15,Seattle Seahawks,San Francisco 49ers,2024-10-06T16:50:37+00:00,103.41,0,47.0,3.0,22.0,25.0,4,4
2024,6,c1bcc8bbec33008ae587584b1b3de2d0,2024-10-13T13:30:00+00:00,Sun 2024-10-13 09:30,Chicago Bears,Jacksonville Jaguars,2024-10-06T16:50:37+00:00,164.66,0,42.25,-1.0,21.62,20.62,4,4
2024,6,bdc58f80a5a9b4515ee631fddc63a2c8,2024-10-13T17:03:00+00:00,Sun 2024-10-13 13:03,Tennessee Titans,Indianapolis Colts,2024-10-13T16:50:38+00:00,0.21,1,41.5,-2.5,22.0,19.5,10,10
2024,6,ba1097486d1edb57bfe2bc22f5c4573e,2024-10-13T17:03:00+00:00,Sun 2024-10-13 13:03,New Orleans Saints,Tampa Bay Buccaneers,2024-10-13T16:50:38+00:00,0.21,1,42.5,3.5,19.5,23.0,10,10
2024,6,fb08594af963cff8fae2f93b2e0f4269,2024-10-13T17:03:00+00:00,Sun 2024-10-13 13:03,Green Bay Packers,Arizona Cardinals,2024-10-13T16:50:38+00:00,0.21,1,47.0,-5.5,26.25,20.75,10,10
2024,6,c3b700ee54cf3cb44de965e6cfcb19f9,2024-10-13T17:03:00+00:00,Sun 2024-10-13 13:03,Baltimore Ravens,Washington Commanders,2024-10-13T16:50:38+00:00,0.21,1,50.5,-7.0,28.75,21.75,10,10
2024,6,8bd202ca7bacf3396a1b774f12de0fab,2024-10-13T17:03:00+00:00,Sun 2024-10-13 13:03,Philadelphia Eagles,Cleveland Browns,2024-10-13T16:50:38+00:00,0.21,1,42.0,-8.5,25.25,16.75,10,10
2024,6,febb2d674e85a32c8636ff900fffb5d2,2024-10-13T17:05:00+00:00,Sun 2024-10-13 13:05,New England Patriots,Houston Texans,2024-10-13T16:50:38+00:00,0.24,1,38.75,6.5,16.12,22.62,10,10
2024,6,76fbc0191f917329bad82f76a9a22a2e,2024-10-13T20:05:00+00:00,Sun 2024-10-13 16:05,Denver Broncos,Los Angeles Chargers,2024-10-13T16:50:38+00:00,3.24,1,35.5,3.0,16.25,19.25,10,10
2024,6,81df9672b5e68bc84e98641d5de2505b,2024-10-13T20:05:00+00:00,Sun 2024-10-13 16:05,Las Vegas Raiders,Pittsburgh Steelers,2024-10-13T16:50:38+00:00,3.24,1,36.5,3.0,16.75,19.75,10,10
2024,6,67c389265b00a40407a23054e45d8e45,2024-10-13T20:25:00+00:00,Sun 2024-10-13 16:25,Carolina Panthers,Atlanta Falcons,2024-10-13T16:50:38+00:00,3.57,1,46.0,6.0,20.0,26.0,10,10
2024,6,d4d2902446e120ea6f1afafdc0b3d55d,2024-10-13T20:25:00+00:00,Sun 2024-10-13 16:25,Dallas Cowboys,Detroit Lions,2024-10-13T16:50:38+00:00,3.57,1,52.5,3.25,24.62,27.88,10,10
2024,6,245c50e05349966d749c7e3f05699647,2024-10-14T00:20:00+00:00,Sun 2024-10-13 20:20,New York Giants,Cincinnati Bengals,2024-10-13T16:50:38+00:00,7.49,0,46.0,3.5,21.25,24.75,10,9
2024,6,79b5655b7342104f50bc735a5d838b71,2024-10-15T00:15:00+00:00,Mon 2024-10-14 20:15,New York Jets,Buffalo Bills,2024-10-13T16:50:38+00:00,31.41,0,40.75,2.0,19.38,21.38,10,10
2024,7,cc1d6e0125f5444f70609ce9e0829fa9,2024-10-18T00:15:00+00:00,Thu 2024-10-17 20:15,New Orleans Saints,Denver Broncos,2024-10-13T16:50:38+00:00,103.41,0,36.5,1.0,17.75,18.75,4,4
2024,7,964d089b9bbbf792a705da3b3f355312,2024-10-20T13:30:00+00:00,Sun 2024-10-20 09:30,Jacksonville Jaguars,New England Patriots,2024-09-08T16:50:38+00:00,1004.66,0,42.5,-6.5,24.5,18.0,1,1
2024,7,a60ecb3c882d09f08b6e194e858aec42,2024-10-20T17:00:00+00:00,Sun 2024-10-20 13:00,New York Giants,Philadelphia Eagles,2024-10-20T16:50:38+00:00,0.16,1,42.0,3.0,19.5,22.5,10,10
2024,7,514ad4e46861e2aa51571079d75856b5,2024-10-20T17:03:00+00:00,Sun 2024-10-20 13:03,Atlanta Falcons,Seattle Seahawks,2024-10-20T16:50:38+00:00,0.21,1,51.5,-3.0,27.25,24.25,10,10
2024,7,4084732a953c2a15d46aca93da86fe87,2024-10-20T17:03:00+00:00,Sun 2024-10-20 13:03,Buffalo Bills,Tennessee Titans,2024-10-20T16:50:38+00:00,0.21,1,41.0,-9.5,25.25,15.75,10,10
2024,7,63e9b5302666e36b47431100bcb22973,2024-10-20T17:03:00+00:00,Sun 2024-10-20 13:03,Cleveland Browns,Cincinnati Bengals,2024-10-20T16:50:38+00:00,0.21,1,42.5,5.5,18.5,24.0,10,9
2024,7,497242e77fc7f2e1fa4cc70a2bd37b20,2024-10-20T17:03:00+00:00,Sun 2024-10-20 13:03,Minnesota Vikings,Detroit Lions,2024-10-20T16:50:38+00:00,0.21,1,50.0,-1.5,25.75,24.25,10,10
2024,7,3d634649562df7c3b2b22d626162a9c9,2024-10-20T17:03:00+00:00,Sun 2024-10-20 13:03,Indianapolis Colts,Miami Dolphins,2024-10-20T16:50:38+00:00,0.21,1,44.0,-3.0,23.5,20.5,10,10
2024,7,15077c31238fbc767b91e73f8068f2a2,2024-10-20T17:03:00+00:00,Sun 2024-10-20 13:03,Green Bay Packers,Houston Texans,2024-10-20T16:50:38+00:00,0.21,1,47.5,-3.0,25.25,22.25,10,10
2024,7,205e5260b14ecb55558ddb85f419edaf,2024-10-20T20:05:00+00:00,Sun 2024-10-20 16:05,Washington Commanders,Carolina Panthers,2024-10-20T16:50:38+00:00,3.24,1,51.25,-10.0,30.62,20.62,10,10
2024,7,2bc06cb4fb03e96b39448675c1943487,2024-10-20T20:05:00+00:00,Sun 2024-10-20 16:05,Los Angeles Rams,Las Vegas Raiders,2024-10-20T16:50:38+00:00,3.24,1,43.25,-7.0,25.12,18.12,10,9
2024,7,a0b429ad5863438f4550ced4f368d2e2,2024-10-20T20:25:00+00:00,Sun 2024-10-20 16:25,San Francisco 49ers,Kansas City Chiefs,2024-10-20T16:50:38+00:00,3.57,1,47.0,-2.0,24.5,22.5,10,10
2024,7,6103604599da91e8a44ce683292242ec,2024-10-21T00:20:00+00:00,Sun 2024-10-20 20:20,Pittsburgh Steelers,New York Jets,2024-10-20T16:50:38+00:00,7.49,0,39.0,2.0,18.5,20.5,10,10
2024,7,269f082de1c875831ceb05c8e0fa6e9e,2024-10-22T00:15:00+00:00,Mon 2024-10-21 20:15,Tampa Bay Buccaneers,Baltimore Ravens,2024-10-20T16:50:38+00:00,31.41,0,50.0,3.5,23.25,26.75,10,10
2024,7,c38d6ebf21ca6194da4757c090eac3a2,2024-10-22T01:00:00+00:00,Mon 2024-10-21 21:00,Arizona Cardinals,Los Angeles Chargers,2024-10-20T16:50:38+00:00,32.16,0,44.5,1.5,21.5,23.0,10,10
2024,8,1f22f5d9de70779ac521b9c1de59162f,2024-10-25T00:15:00+00:00,Thu 2024-10-24 20:15,Los Angeles Rams,Minnesota Vikings,2024-10-20T16:50:38+00:00,103.41,0,46.5,3.0,21.75,24.75,4,4
2024,8,2883af924ad72a75da65e3257b9284e7,2024-10-27T17:00:00+00:00,Sun 2024-10-27 13:00,Miami Dolphins,Arizona Cardinals,2024-10-27T16:50:37+00:00,0.16,1,46.5,-4.5,25.5,21.0,10,10
2024,8,9693ad2122e496b05f7efd56f0ef03d0,2024-10-27T17:00:00+00:00,Sun 2024-10-27 13:00,Tampa Bay Buccaneers,Atlanta Falcons,2024-10-27T16:50:37+00:00,0.16,1,47.25,1.5,22.88,24.38,10,10
2024,8,5fd9657af1356ec2a567b07d75a8e6a3,2024-10-27T17:00:00+00:00,Sun 2024-10-27 13:00,Detroit Lions,Tennessee Titans,2024-10-27T16:50:37+00:00,0.16,1,45.5,-12.5,29.0,16.5,10,10
2024,8,e07e64de78a6095754d2a048255dadac,2024-10-27T17:00:00+00:00,Sun 2024-10-27 13:00,Houston Texans,Indianapolis Colts,2024-10-27T16:50:37+00:00,0.16,1,45.0,-5.0,25.0,20.0,10,10
2024,8,7679451910267ad5cd8620cf63870aaa,2024-10-27T17:00:00+00:00,Sun 2024-10-27 13:00,New England Patriots,New York Jets,2024-10-27T16:50:37+00:00,0.16,1,41.0,7.0,17.0,24.0,10,10
2024,8,4a54b04a572fde8db5f1e1478c1ef673,2024-10-27T17:00:00+00:00,Sun 2024-10-27 13:00,Cleveland Browns,Baltimore Ravens,2024-10-27T16:50:37+00:00,0.16,1,44.5,7.25,18.62,25.88,10,10
2024,8,9b5367d7e95dd05cb7517d99484bf95b,2024-10-27T17:00:00+00:00,Sun 2024-10-27 13:00,Cincinnati Bengals,Philadelphia Eagles,2024-10-27T16:50:37+00:00,0.16,1,47.5,-3.0,25.25,22.25,10,9
2024,8,4708973e15052d8b7c29a53f0c4561dc,2024-10-27T17:00:00+00:00,Sun 2024-10-27 13:00,Jacksonville Jaguars,Green Bay Packers,2024-10-27T16:50:37+00:00,0.16,1,49.0,3.5,22.75,26.25,10,10
2024,8,9a263061dd1c784a20f393971744d176,2024-10-27T20:05:00+00:00,Sun 2024-10-27 16:05,Seattle Seahawks,Buffalo Bills,2024-10-27T16:50:37+00:00,3.24,1,45.0,3.0,21.0,24.0,10,10
2024,8,70c540bd6e70676319e44a7dd02cbd38,2024-10-27T20:05:00+00:00,Sun 2024-10-27 16:05,Los Angeles Chargers,New Orleans Saints,2024-10-27T16:50:37+00:00,3.24,1,41.5,-7.0,24.25,17.25,10,10
2024,8,fb5217800ed73d9cae485efbba37ba96,2024-10-27T20:25:00+00:00,Sun 2024-10-27 16:25,Washington Commanders,Chicago Bears,2024-10-27T16:50:37+00:00,3.57,1,46.0,-1.0,23.5,22.5,10,10
2024,8,bba53e1026b6121c0255771479517a2f,2024-10-27T20:25:00+00:00,Sun 2024-10-27 16:25,Denver Broncos,Carolina Panthers,2024-10-27T16:50:37+00:00,3.57,1,40.5,-11.0,25.75,14.75,10,10
2024,8,ccc621108fb48382b825128007dc8120,2024-10-27T20:25:00+00:00,Sun 2024-10-27 16:25,Las Vegas Raiders,Kansas City Chiefs,2024-10-27T16:50:37+00:00,3.57,1,42.0,8.5,16.75,25.25,10,10
2024,8,ef27be93158f43d94f94035d2af7096f,2024-10-28T00:20:00+00:00,Sun 2024-10-27 20:20,San Francisco 49ers,Dallas Cowboys,2024-10-27T16:50:37+00:00,7.49,0,48.0,-5.5,26.75,21.25,10,10
2024,8,86278ec4bbdcadd945d79df6c695c2ec,2024-10-29T00:15:00+00:00,Mon 2024-10-28 20:15,Pittsburgh Steelers,New York Giants,2024-10-27T16:50:37+00:00,31.41,0,36.5,-6.0,21.25,15.25,10,10
2024,9,edde9aeb8a9114f38b30b45c7cffbfa8,2024-11-01T00:15:00+00:00,Thu 2024-10-31 20:15,New York Jets,Houston Texans,2024-10-27T16:50:37+00:00,103.41,0,43.0,-1.0,22.0,21.0,3,3
2024,9,db18946165af62532b19d4c509d7ba56,2024-11-03T18:00:00+00:00,Sun 2024-11-03 13:00,Atlanta Falcons,Dallas Cowboys,2024-11-03T17:50:38+00:00,0.16,1,52.0,-3.0,27.5,24.5,10,10
2024,9,3de2d54334c462aa393418b75994fee1,2024-11-03T18:00:00+00:00,Sun 2024-11-03 13:00,Carolina Panthers,New Orleans Saints,2024-11-03T17:50:38+00:00,0.16,1,43.5,7.0,18.25,25.25,10,10
2024,9,7c2d09c53f3c271b20f53db0b21f1498,2024-11-03T18:03:00+00:00,Sun 2024-11-03 13:03,Buffalo Bills,Miami Dolphins,2024-11-03T17:50:38+00:00,0.21,1,49.0,-6.0,27.5,21.5,10,10
2024,9,3d24ae93125568c136d57ff911a4d2e4,2024-11-03T18:03:00+00:00,Sun 2024-11-03 13:03,Cincinnati Bengals,Las Vegas Raiders,2024-11-03T17:50:38+00:00,0.21,1,44.5,-8.0,26.25,18.25,10,10
2024,9,fc022a0b74f3182e2da491dfe4276301,2024-11-03T18:03:00+00:00,Sun 2024-11-03 13:03,Cleveland Browns,Los Angeles Chargers,2024-11-03T17:50:38+00:00,0.21,1,41.5,2.0,19.75,21.75,10,10
2024,9,31f1bb5fbbc8c3d9b8719357fa40941e,2024-11-03T18:03:00+00:00,Sun 2024-11-03 13:03,Tennessee Titans,New England Patriots,2024-11-03T17:50:38+00:00,0.21,1,38.0,-3.5,20.75,17.25,10,10
2024,9,5791e31f6f4b95476889c4854b508faf,2024-11-03T18:03:00+00:00,Sun 2024-11-03 13:03,New York Giants,Washington Commanders,2024-11-03T17:50:38+00:00,0.21,1,44.0,4.0,20.0,24.0,10,10
2024,9,11154d508a0b557087b0fa84cccf8a66,2024-11-03T18:03:00+00:00,Sun 2024-11-03 13:03,Baltimore Ravens,Denver Broncos,2024-11-03T17:50:38+00:00,0.21,1,46.5,-9.0,27.75,18.75,10,10
2024,9,597e7fb5542c56bda7f1a73402cd47e0,2024-11-03T21:05:00+00:00,Sun 2024-11-03 16:05,Arizona Cardinals,Chicago Bears,2024-11-03T17:50:38+00:00,3.24,1,44.5,-1.5,23.0,21.5,10,10
2024,9,ef026bf62bfb6cda42ee983680eda2d4,2024-11-03T21:05:00+00:00,Sun 2024-11-03 16:05,Philadelphia Eagles,Jacksonville Jaguars,2024-11-03T17:50:38+00:00,3.24,1,46.0,-7.5,26.75,19.25,10,10
2024,9,8baadfa082af81fe72b1cfd941d96edf,2024-11-03T21:25:00+00:00,Sun 2024-11-03 16:25,Seattle Seahawks,Los Angeles Rams,2024-11-03T17:50:38+00:00,3.57,1,48.5,1.0,23.75,24.75,10,9
2024,9,84d2187ad0c2a42b32879d3bcbaee8dd,2024-11-03T21:25:00+00:00,Sun 2024-11-03 16:25,Green Bay Packers,Detroit Lions,2024-11-03T17:50:38+00:00,3.57,1,48.0,2.5,22.75,25.25,10,10
2024,9,d555bf749139691c613e4aec350592c1,2024-11-04T01:20:00+00:00,Sun 2024-11-03 20:20,Minnesota Vikings,Indianapolis Colts,2024-11-03T17:50:38+00:00,7.49,0,47.0,-5.5,26.25,20.75,10,10
2024,9,8f751d18969af50ec341e0b282e5b4d6,2024-11-05T01:15:00+00:00,Mon 2024-11-04 20:15,Kansas City Chiefs,Tampa Bay Buccaneers,2024-11-03T17:50:38+00:00,31.41,0,45.5,-9.0,27.25,18.25,10,10
2024,10,89f860b80a0c5b61375d4aa49d9ec853,2024-11-08T01:15:00+00:00,Thu 2024-11-07 20:15,Baltimore Ravens,Cincinnati Bengals,2024-11-03T17:50:38+00:00,103.41,0,50.0,-5.5,27.75,22.25,3,3
2024,10,9016850451d9e4190ec1bd178dac4849,2024-11-10T14:30:00+00:00,Sun 2024-11-10 09:30,Carolina Panthers,New York Giants,2024-11-03T17:50:38+00:00,164.66,0,41.5,5.5,18.0,23.5,4,4
2024,10,c885c70be6b073f94096eb0db2a27c3c,2024-11-10T18:00:00+00:00,Sun 2024-11-10 13:00,Chicago Bears,New England Patriots,2024-11-10T17:50:37+00:00,0.16,1,37.5,-6.25,21.88,15.62,10,10
2024,10,d4901034c9f4ee931bc6971a4b089209,2024-11-10T18:00:00+00:00,Sun 2024-11-10 13:00,Kansas City Chiefs,Denver Broncos,2024-11-10T17:50:37+00:00,0.16,1,42.5,-7.0,24.75,17.75,10,10
2024,10,853cc3b59ffe65a55a55d799789bc726,2024-11-10T18:00:00+00:00,Sun 2024-11-10 13:00,Tampa Bay Buccaneers,San Francisco 49ers,2024-11-10T17:50:37+00:00,0.16,1,50.0,6.5,21.75,28.25,10,10
2024,10,a6383a73f7e6937fcdc376b50d4dc510,2024-11-10T18:03:00+00:00,Sun 2024-11-10 13:03,New Orleans Saints,Atlanta Falcons,2024-11-10T17:50:37+00:00,0.21,1,47.5,3.5,22.0,25.5,10,10
2024,10,80899c1a82df27832eff9206d9c2ab1b,2024-11-10T18:03:00+00:00,Sun 2024-11-10 13:03,Indianapolis Colts,Buffalo Bills,2024-11-10T17:50:37+00:00,0.21,1,47.0,4.5,21.25,25.75,10,10
2024,10,a59741270a5f21dfb288838acf98537b,2024-11-10T18:03:00+00:00,Sun 2024-11-10 13:03,Jacksonville Jaguars,Minnesota Vikings,2024-11-10T17:50:37+00:00,0.21,1,42.5,7.0,17.75,24.75,10,10
2024,10,928f8f873c2bf276d0b2a63a8f8941b4,2024-11-10T18:03:00+00:00,Sun 2024-11-10 13:03,Washington Commanders,Pittsburgh Steelers,2024-11-10T17:50:37+00:00,0.21,1,45.5,-1.5,23.5,22.0,10,10
2024,10,6214d50d3a5b442078f670ff8e08945e,2024-11-10T21:05:00+00:00,Sun 2024-11-10 16:05,Los Angeles Chargers,Tennessee Titans,2024-11-10T17:50:37+00:00,3.24,1,39.5,-8.0,23.75,15.75,10,10
2024,10,1c2195dfc898e85136f4d40b4ac512fb,2024-11-10T21:25:00+00:00,Sun 2024-11-10 16:25,Arizona Cardinals,New York Jets,2024-11-10T17:50:37+00:00,3.57,1,46.0,1.5,22.25,23.75,10,10
2024,10,776c336fae7523f356cb0cd4a32ba356,2024-11-10T21:25:00+00:00,Sun 2024-11-10 16:25,Dallas Cowboys,Philadelphia Eagles,2024-11-10T17:50:37+00:00,3.57,1,44.0,7.5,18.25,25.75,10,10
2024,10,e27b5c11ba461a77a8e7773b2ea30238,2024-11-11T01:20:00+00:00,Sun 2024-11-10 20:20,Houston Texans,Detroit Lions,2024-11-10T17:50:37+00:00,7.49,0,50.0,3.5,23.25,26.75,10,10
2024,10,d6eab9011bd146fdbb2639f6e8c07056,2024-11-12T01:15:00+00:00,Mon 2024-11-11 20:15,Los Angeles Rams,Miami Dolphins,2024-11-10T17:50:37+00:00,31.41,0,49.0,-2.5,25.75,23.25,10,10
2024,11,ac99fa94b66a64304ae19873d0a7907a,2024-11-15T01:15:00+00:00,Thu 2024-11-14 20:15,Philadelphia Eagles,Washington Commanders,2024-11-10T17:50:37+00:00,103.41,0,49.25,-3.0,26.12,23.12,4,4
2024,11,ca63340028583e516e8053ee36318425,2024-11-17T18:00:00+00:00,Sun 2024-11-17 13:00,New Orleans Saints,Cleveland Browns,2024-11-17T17:50:38+00:00,0.16,1,44.0,1.0,21.5,22.5,10,10
2024,11,d0f73537e153be7455c87ae97864ef7d,2024-11-17T18:00:00+00:00,Sun 2024-11-17 13:00,Detroit Lions,Jacksonville Jaguars,2024-11-17T17:50:38+00:00,0.16,1,47.5,-14.0,30.75,16.75,10,10
2024,11,7614724acc0987e643d0a60e73167b2e,2024-11-17T18:00:00+00:00,Sun 2024-11-17 13:00,Miami Dolphins,Las Vegas Raiders,2024-11-17T17:50:38+00:00,0.16,1,43.5,-8.0,25.75,17.75,10,10
2024,11,73f1d28c0bfe32a1ff292b688bb85df3,2024-11-17T18:00:00+00:00,Sun 2024-11-17 13:00,New England Patriots,Los Angeles Rams,2024-11-17T17:50:38+00:00,0.16,1,42.5,4.0,19.25,23.25,10,10
2024,11,6aa05bdde84274ea82472f0bc79baaad,2024-11-17T18:00:00+00:00,Sun 2024-11-17 13:00,Tennessee Titans,Minnesota Vikings,2024-11-17T17:50:38+00:00,0.16,1,39.75,6.0,16.88,22.88,10,10
2024,11,e552bfd99b12a0acd319b922f7a9fa7c,2024-11-17T18:00:00+00:00,Sun 2024-11-17 13:00,New York Jets,Indianapolis Colts,2024-11-17T17:50:38+00:00,0.16,1,43.0,-4.0,23.5,19.5,10,10
2024,11,7c742858a76089990395c3179731744b,2024-11-17T18:00:00+00:00,Sun 2024-11-17 13:00,Chicago Bears,Green Bay Packers,2024-11-17T17:50:38+00:00,0.16,1,41.0,6.0,17.5,23.5,10,10
2024,11,1e5feffbcc2b9c122727b45963203298,2024-11-17T18:03:00+00:00,Sun 2024-11-17 13:03,Pittsburgh Steelers,Baltimore Ravens,2024-11-17T17:50:38+00:00,0.21,1,48.0,3.0,22.5,25.5,10,10
2024,11,4baedb2bf9b85f9b9ec40e88bacc1792,2024-11-17T21:05:00+00:00,Sun 2024-11-17 16:05,Denver Broncos,Atlanta Falcons,2024-11-17T17:50:38+00:00,3.24,1,44.5,-1.5,23.0,21.5,10,10
2024,11,cc4a0f06f87d64f4a02816ca7da514fa,2024-11-17T21:05:00+00:00,Sun 2024-11-17 16:05,San Francisco 49ers,Seattle Seahawks,2024-11-17T17:50:38+00:00,3.24,1,49.0,-6.0,27.5,21.5,10,10
2024,11,2ac4732d168fd3fd0958719e2b11aad1,2024-11-17T21:25:00+00:00,Sun 2024-11-17 16:25,Buffalo Bills,Kansas City Chiefs,2024-11-17T17:50:38+00:00,3.57,1,46.5,-2.5,24.5,22.0,10,10
2024,11,a2b3fd60eede2230285512b8c3b4eed3,2024-11-18T01:15:00+00:00,Sun 2024-11-17 20:15,Los Angeles Chargers,Cincinnati Bengals,2024-11-17T17:50:38+00:00,7.41,0,48.0,-1.0,24.5,23.5,10,10
2024,11,81c2170ca58c6a837e5c0f1528e8513c,2024-11-19T01:15:00+00:00,Mon 2024-11-18 20:15,Dallas Cowboys,Houston Texans,2024-11-17T17:50:38+00:00,31.41,0,41.5,7.0,17.25,24.25,10,10
2024,12,3544bdfabe61cc6d4389984a5ca83955,2024-11-22T01:15:00+00:00,Thu 2024-11-21 20:15,Cleveland Browns,Pittsburgh Steelers,2024-11-17T17:50:38+00:00,103.41,0,41.0,3.5,18.75,22.25,6,6
2024,12,2c895731f7e3bd3effe4e87779fbdcc2,2024-11-24T18:00:00+00:00,Sun 2024-11-24 13:00,Carolina Panthers,Kansas City Chiefs,2024-11-24T17:50:38+00:00,0.16,1,43.0,10.5,16.25,26.75,10,10
2024,12,bc6d508d57f822879df4dbc3c4465226,2024-11-24T18:00:00+00:00,Sun 2024-11-24 13:00,Chicago Bears,Minnesota Vikings,2024-11-24T17:50:38+00:00,0.16,1,39.5,3.0,18.25,21.25,10,10
2024,12,2f2541411e68f807dc47d527f5dd4cba,2024-11-24T18:00:00+00:00,Sun 2024-11-24 13:00,Indianapolis Colts,Detroit Lions,2024-11-24T17:50:38+00:00,0.16,1,50.5,7.0,21.75,28.75,10,10
2024,12,56f4bfb8e21ec6003f31a080be045fc3,2024-11-24T18:00:00+00:00,Sun 2024-11-24 13:00,Houston Texans,Tennessee Titans,2024-11-24T17:50:38+00:00,0.16,1,40.5,-8.0,24.25,16.25,10,10
2024,12,366a8618003ac848eac5144aebbeace4,2024-11-24T18:00:00+00:00,Sun 2024-11-24 13:00,Miami Dolphins,New England Patriots,2024-11-24T17:50:38+00:00,0.16,1,45.5,-7.5,26.5,19.0,10,10
2024,12,3c833a498591fa8934c84aa7f3215b7f,2024-11-24T18:03:00+00:00,Sun 2024-11-24 13:03,Washington Commanders,Dallas Cowboys,2024-11-24T17:50:38+00:00,0.21,1,44.5,-10.5,27.5,17.0,10,10
2024,12,28c6ab7cb99a26666b9c7d649bbd46f3,2024-11-24T18:03:00+00:00,Sun 2024-11-24 13:03,New York Giants,Tampa Bay Buccaneers,2024-11-24T17:50:38+00:00,0.21,1,40.0,6.0,17.0,23.0,10,10
2024,12,19d5cf9ece71b4671440a3b9e03942c4,2024-11-24T21:05:00+00:00,Sun 2024-11-24 16:05,Las Vegas Raiders,Denver Broncos,2024-11-24T17:50:38+00:00,3.24,1,41.5,5.5,18.0,23.5,10,10
2024,12,d9a2e1ead2367a3b0f46d247ed5b2906,2024-11-24T21:25:00+00:00,Sun 2024-11-24 16:25,Seattle Seahawks,Arizona Cardinals,2024-11-24T17:50:38+00:00,3.57,1,47.0,1.0,23.0,24.0,10,10
2024,12,b26e961510947a770532c902ceb27e75,2024-11-24T21:25:00+00:00,Sun 2024-11-24 16:25,Green Bay Packers,San Francisco 49ers,2024-11-24T17:50:38+00:00,3.57,1,44.5,-6.0,25.25,19.25,10,10
2024,12,40c0ee76eb698fbd5d42139045c27c3e,2024-11-25T01:20:00+00:00,Sun 2024-11-24 20:20,Los Angeles Rams,Philadelphia Eagles,2024-11-24T17:50:38+00:00,7.49,0,48.5,3.0,22.75,25.75,10,10
2024,12,887b10368f0b3f33a8c47e955736da89,2024-11-26T01:15:00+00:00,Mon 2024-11-25 20:15,Los Angeles Chargers,Baltimore Ravens,2024-11-24T17:50:38+00:00,31.41,0,50.5,2.5,24.0,26.5,10,10
2024,13,818a0f592da4fc2dea2a8caa3170bd6f,2024-11-28T17:30:00+00:00,Thu 2024-11-28 12:30,Detroit Lions,Chicago Bears,2024-11-24T17:50:38+00:00,95.66,0,48.5,-10.5,29.5,19.0,4,4
2024,13,1c53fc0f9537ba80e2c121bb58979a24,2024-11-28T21:30:00+00:00,Thu 2024-11-28 16:30,Dallas Cowboys,New York Giants,2024-11-24T17:50:38+00:00,99.66,0,39.0,-2.5,20.75,18.25,4,4
2024,13,e6b414e1b7a012e57d1a0746769f28a2,2024-11-29T01:20:00+00:00,Thu 2024-11-28 20:20,Green Bay Packers,Miami Dolphins,2024-11-24T17:50:38+00:00,103.49,0,47.5,-3.5,25.5,22.0,4,4
2024,13,d703217fef577dba3f2d0c38881dd7d3,2024-11-29T20:00:00+00:00,Fri 2024-11-29 15:00,Kansas City Chiefs,Las Vegas Raiders,2024-11-24T17:50:38+00:00,122.16,0,43.5,-12.5,28.0,15.5,4,4
2024,13,45b543405582d30cef04650884f45c6d,2024-12-01T18:00:00+00:00,Sun 2024-12-01 13:00,Atlanta Falcons,Los Angeles Chargers,2024-12-01T17:50:38+00:00,0.16,1,47.0,1.0,23.0,24.0,10,10
2024,13,0693d63a0af985e361e21fa59fdd8bed,2024-12-01T18:00:00+00:00,Sun 2024-12-01 13:00,Jacksonville Jaguars,Houston Texans,2024-12-01T17:50:38+00:00,0.16,1,45.0,3.0,21.0,24.0,10,10
2024,13,8b7a76ee61f07cddbb60fc1e079bfeed,2024-12-01T18:00:00+00:00,Sun 2024-12-01 13:00,New England Patriots,Indianapolis Colts,2024-12-01T17:50:38+00:00,0.16,1,41.0,2.5,19.25,21.75,10,10
2024,13,63057e9eb2da9cc89ac93911769b9a3e,2024-12-01T18:00:00+00:00,Sun 2024-12-01 13:00,New York Jets,Seattle Seahawks,2024-12-01T17:50:38+00:00,0.16,1,41.5,-1.25,21.38,20.12,10,10
2024,13,2be5371e838993958fd7eb2eda6fc412,2024-12-01T18:03:00+00:00,Sun 2024-12-01 13:03,Minnesota Vikings,Arizona Cardinals,2024-12-01T17:50:38+00:00,0.21,1,45.0,-3.5,24.25,20.75,10,10
2024,13,041764a17c3ecb1fccd45fc75b7a2b49,2024-12-01T18:03:00+00:00,Sun 2024-12-01 13:03,Cincinnati Bengals,Pittsburgh Steelers,2024-12-01T17:50:38+00:00,0.21,1,46.0,-3.0,24.5,21.5,10,10
2024,13,cea1abe8ef88e4105f4cd505b45cd781,2024-12-01T18:03:00+00:00,Sun 2024-12-01 13:03,Washington Commanders,Tennessee Titans,2024-12-01T17:50:38+00:00,0.21,1,45.0,-6.0,25.5,19.5,10,10
2024,13,59ffd762ad2b5d96196f4f58037ab670,2024-12-01T21:05:00+00:00,Sun 2024-12-01 16:05,Carolina Panthers,Tampa Bay Buccaneers,2024-12-01T17:50:38+00:00,3.24,1,46.5,6.5,20.0,26.5,10,10
2024,13,9dcbd3e2d022d7ed1ef1e0e7f8b08f2b,2024-12-01T21:05:00+00:00,Sun 2024-12-01 16:05,New Orleans Saints,Los Angeles Rams,2024-12-01T17:50:38+00:00,3.24,1,49.0,2.75,23.12,25.88,10,10
2024,13,afa7eb720baa94269de839965e41b8b3,2024-12-01T21:25:00+00:00,Sun 2024-12-01 16:25,Baltimore Ravens,Philadelphia Eagles,2024-12-01T17:50:38+00:00,3.57,1,51.0,-3.0,27.0,24.0,10,10
2024,13,31557235498f42eeba725001c12c97ff,2024-12-02T01:20:00+00:00,Sun 2024-12-01 20:20,Buffalo Bills,San Francisco 49ers,2024-12-01T17:50:38+00:00,7.49,0,44.5,-6.5,25.5,19.0,10,10
2024,13,e73de417d2fd01292ed12cea2a906903,2024-12-03T01:15:00+00:00,Mon 2024-12-02 20:15,Denver Broncos,Cleveland Browns,2024-12-01T17:50:38+00:00,31.41,0,42.0,-6.0,24.0,18.0,10,10
2024,14,e0b1a11b515324fa603bb16ff278dcbf,2024-12-06T01:15:00+00:00,Thu 2024-12-05 20:15,Detroit Lions,Green Bay Packers,2024-12-01T17:50:38+00:00,103.41,0,51.5,-4.75,28.12,23.38,4,4
2024,14,c14dd2e8bf469a6736f73be3c28706e8,2024-12-08T18:00:00+00:00,Sun 2024-12-08 13:00,Minnesota Vikings,Atlanta Falcons,2024-12-08T17:50:38+00:00,0.16,1,46.5,-6.0,26.25,20.25,10,10
2024,14,7ae6be20a581839e77dd6b3f4eab564b,2024-12-08T18:00:00+00:00,Sun 2024-12-08 13:00,Pittsburgh Steelers,Cleveland Browns,2024-12-08T17:50:38+00:00,0.16,1,42.75,-6.0,24.38,18.38,10,10
2024,14,7d1198f17462901352e686d8d9515232,2024-12-08T18:00:00+00:00,Sun 2024-12-08 13:00,Tennessee Titans,Jacksonville Jaguars,2024-12-08T17:50:38+00:00,0.16,1,40.5,-3.0,21.75,18.75,10,10
2024,14,48859a2a659fe2dd71db168127a01b13,2024-12-08T18:00:00+00:00,Sun 2024-12-08 13:00,Tampa Bay Buccaneers,Las Vegas Raiders,2024-12-08T17:50:38+00:00,0.16,1,47.0,-6.75,26.88,20.12,10,10
2024,14,20f2d85ab93463d3c7dbe2573da7f892,2024-12-08T18:00:00+00:00,Sun 2024-12-08 13:00,New York Giants,New Orleans Saints,2024-12-08T17:50:38+00:00,0.16,1,41.0,5.5,17.75,23.25,10,10
2024,14,757ca79be58cadb6fece7718e6e260a2,2024-12-08T18:02:00+00:00,Sun 2024-12-08 13:02,Philadelphia Eagles,Carolina Panthers,2024-12-08T17:50:38+00:00,0.19,1,44.5,-14.0,29.25,15.25,10,10
2024,14,b8419de1f0e84d8b18da62151ab69596,2024-12-08T18:03:00+00:00,Sun 2024-12-08 13:03,Miami Dolphins,New York Jets,2024-12-08T17:50:38+00:00,0.21,1,45.5,-6.5,26.0,19.5,10,10
2024,14,8c7efb50e0c8c9be94e7b969c58da045,2024-12-08T21:05:00+00:00,Sun 2024-12-08 16:05,Arizona Cardinals,Seattle Seahawks,2024-12-08T17:50:38+00:00,3.24,1,45.5,-3.0,24.25,21.25,10,10
2024,14,5188cb03fd7577d7448874486c26dccb,2024-12-08T21:25:00+00:00,Sun 2024-12-08 16:25,Los Angeles Rams,Buffalo Bills,2024-12-08T17:50:38+00:00,3.57,1,49.75,3.5,23.12,26.62,10,10
2024,14,57e91ca052d9484f67f83308f3fb7f65,2024-12-08T21:25:00+00:00,Sun 2024-12-08 16:25,San Francisco 49ers,Chicago Bears,2024-12-08T17:50:38+00:00,3.57,1,43.5,-3.0,23.25,20.25,10,10
2024,14,c70e1ecbef22c98419d4707199d050af,2024-12-09T01:20:00+00:00,Sun 2024-12-08 20:20,Kansas City Chiefs,Los Angeles Chargers,2024-12-08T17:50:38+00:00,7.49,0,43.0,-4.0,23.5,19.5,10,10
2024,14,2fd335893dbb8ab9c0e1aea6c98a969c,2024-12-10T01:15:00+00:00,Mon 2024-12-09 20:15,Dallas Cowboys,Cincinnati Bengals,2024-12-08T17:50:38+00:00,31.41,0,49.5,5.5,22.0,27.5,10,10
2024,15,b89ffb3a984d693fd6e69cdc3f2d585a,2024-12-13T01:15:00+00:00,Thu 2024-12-12 20:15,San Francisco 49ers,Los Angeles Rams,2024-12-08T17:50:38+00:00,103.41,0,47.0,-2.5,24.75,22.25,7,7
2024,15,5e028b3e2019613c56d3431d4e04e46d,2024-12-15T18:00:00+00:00,Sun 2024-12-15 13:00,Carolina Panthers,Dallas Cowboys,2024-12-15T17:50:37+00:00,0.16,1,42.0,-2.5,22.25,19.75,10,10
2024,15,f6d5d91ea4480042265698647a6120f6,2024-12-15T18:00:00+00:00,Sun 2024-12-15 13:00,Tennessee Titans,Cincinnati Bengals,2024-12-15T17:50:37+00:00,0.16,1,46.0,6.0,20.0,26.0,10,10
2024,15,9db2aef33225a4bda04bbc7c33e50e63,2024-12-15T18:00:00+00:00,Sun 2024-12-15 13:00,Cleveland Browns,Kansas City Chiefs,2024-12-15T17:50:37+00:00,0.16,1,41.0,4.0,18.5,22.5,10,10
2024,15,79eb6a96467e443fcd884f1aab38fb40,2024-12-15T18:00:00+00:00,Sun 2024-12-15 13:00,Houston Texans,Miami Dolphins,2024-12-15T17:50:37+00:00,0.16,1,46.5,-2.5,24.5,22.0,10,10
2024,15,7b58ba499776572737bf4335349ee5ca,2024-12-15T18:00:00+00:00,Sun 2024-12-15 13:00,Jacksonville Jaguars,New York Jets,2024-12-15T17:50:37+00:00,0.16,1,41.5,3.0,19.25,22.25,10,10
2024,15,3b7db9e7d8af9f357fa301fb43f2e6af,2024-12-15T18:00:00+00:00,Sun 2024-12-15 13:00,New Orleans Saints,Washington Commanders,2024-12-15T17:50:37+00:00,0.16,1,44.5,7.5,18.5,26.0,10,10
2024,15,5b0eca40563ea0d05181677441c3c0bc,2024-12-15T18:00:00+00:00,Sun 2024-12-15 13:00,New York Giants,Baltimore Ravens,2024-12-15T17:50:37+00:00,0.16,1,43.5,16.5,13.5,30.0,10,10
2024,15,c562ac548944fe897e62f4a142de4d54,2024-12-15T21:25:00+00:00,Sun 2024-12-15 16:25,Arizona Cardinals,New England Patriots,2024-12-15T17:50:37+00:00,3.57,1,46.0,-6.0,26.0,20.0,10,10
2024,15,f3d85c6f4152c6f9c28df5332d7d01ae,2024-12-15T21:25:00+00:00,Sun 2024-12-15 16:25,Detroit Lions,Buffalo Bills,2024-12-15T17:50:37+00:00,3.57,1,54.5,-2.5,28.5,26.0,10,10
2024,15,f3f5d87420f5bc34d3affc8f44a1c934,2024-12-15T21:25:00+00:00,Sun 2024-12-15 16:25,Denver Broncos,Indianapolis Colts,2024-12-15T17:50:37+00:00,3.57,1,43.5,-4.5,24.0,19.5,10,10
2024,15,531a7692ed7474109ad7d6e331751234,2024-12-15T21:25:00+00:00,Sun 2024-12-15 16:25,Los Angeles Chargers,Tampa Bay Buccaneers,2024-12-15T17:50:37+00:00,3.57,1,45.5,-3.0,24.25,21.25,10,10
2024,15,9cec3324e93aa4ece67f4ed4447bc212,2024-12-15T21:25:00+00:00,Sun 2024-12-15 16:25,Philadelphia Eagles,Pittsburgh Steelers,2024-12-15T17:50:37+00:00,3.57,1,43.0,-5.5,24.25,18.75,10,10
2024,15,d6e49bbdc498fb1113b86f472f93d8af,2024-12-16T01:20:00+00:00,Sun 2024-12-15 20:20,Seattle Seahawks,Green Bay Packers,2024-12-15T17:50:37+00:00,7.49,0,46.5,2.5,22.0,24.5,10,10
2024,15,307cc09543c511d894a76fef99e429bb,2024-12-17T01:00:00+00:00,Mon 2024-12-16 20:00,Minnesota Vikings,Chicago Bears,2024-12-15T17:50:37+00:00,31.16,0,44.0,-7.0,25.5,18.5,10,10
2024,15,b72078945287a94944a0ffefcd09c42c,2024-12-17T01:30:00+00:00,Mon 2024-12-16 20:30,Las Vegas Raiders,Atlanta Falcons,2024-12-15T17:50:37+00:00,31.66,0,44.5,5.5,19.5,25.0,10,10
2024,16,bfc194ec2b2697cd57f0c7d139e3c05f,2024-12-20T01:15:00+00:00,Thu 2024-12-19 20:15,Cincinnati Bengals,Cleveland Browns,2024-09-08T16:50:38+00:00,2456.41,0,45.5,-3.5,24.5,21.0,1,1
2024,16,a9bf9c4e9be5107617933461faf7f382,2024-12-20T01:16:00+00:00,Thu 2024-12-19 20:16,Los Angeles Chargers,Denver Broncos,2024-12-15T17:50:37+00:00,103.42,0,42.0,-3.0,22.5,19.5,4,4
2024,16,5000078dc935bf60015a51c01eaee016,2024-12-21T18:01:00+00:00,Sat 2024-12-21 13:01,Kansas City Chiefs,Houston Texans,2024-12-15T17:50:37+00:00,144.17,0,44.5,-3.75,24.12,20.38,4,4
2024,16,77184e40f6e14084fd2c378c157640b8,2024-12-21T21:31:00+00:00,Sat 2024-12-21 16:31,Baltimore Ravens,Pittsburgh Steelers,2024-12-15T17:50:37+00:00,147.67,0,46.5,-4.75,25.62,20.88,4,4
2024,16,534fd9bc355dbfa4d35156e6d59e3913,2024-12-22T18:00:00+00:00,Sun 2024-12-22 13:00,Chicago Bears,Detroit Lions,2024-12-22T17:50:38+00:00,0.16,1,47.5,6.75,20.38,27.12,10,10
2024,16,36091a3b07686b0c7c912d4d4a244474,2024-12-22T18:01:00+00:00,Sun 2024-12-22 13:01,Carolina Panthers,Arizona Cardinals,2024-12-22T17:50:38+00:00,0.17,1,47.0,5.5,20.75,26.25,10,10
2024,16,9c6ae1f00e07b696e2dd19a0efb7be8f,2024-12-22T18:01:00+00:00,Sun 2024-12-22 13:01,Atlanta Falcons,New York Giants,2024-12-22T17:50:38+00:00,0.17,1,43.0,-9.5,26.25,16.75,10,10
2024,16,f03bb31e9ff7b81ad1e18e36b7cdddb7,2024-12-22T18:01:00+00:00,Sun 2024-12-22 13:01,Indianapolis Colts,Tennessee Titans,2024-12-22T17:50:38+00:00,0.17,1,42.5,-4.0,23.25,19.25,10,10
2024,16,7f9202e3018e484a3f30bc99422776fa,2024-12-22T18:01:00+00:00,Sun 2024-12-22 13:01,Washington Commanders,Philadelphia Eagles,2024-12-22T17:50:38+00:00,0.17,1,47.0,4.0,21.5,25.5,10,10
2024,16,d9ace22fff68cd1916da62a70491e424,2024-12-22T18:03:00+00:00,Sun 2024-12-22 13:03,New York Jets,Los Angeles Rams,2024-12-22T17:50:38+00:00,0.21,1,47.0,3.0,22.0,25.0,10,10
2024,16,134659e6aca5f32ceb1392398557953b,2024-12-22T18:03:00+00:00,Sun 2024-12-22 13:03,Cincinnati Bengals,Cleveland Browns,2024-12-22T17:50:38+00:00,0.21,1,46.5,-10.0,28.25,18.25,10,10
2024,16,2564203db1e6a1661681990219083e55,2024-12-22T21:05:00+00:00,Sun 2024-12-22 16:05,Los Angeles Chargers,Denver Broncos,2024-09-08T16:50:38+00:00,2524.24,1,43.0,-4.0,23.5,19.5,1,1
2024,16,87ed34522672eabe6cb5b85c34c4e8ce,2024-12-22T21:06:00+00:00,Sun 2024-12-22 16:06,Seattle Seahawks,Minnesota Vikings,2024-12-22T17:50:38+00:00,3.26,1,43.0,2.5,20.25,22.75,10,10
2024,16,987be0b1af962f068e2928a9067998c9,2024-12-22T21:25:00+00:00,Sun 2024-12-22 16:25,Buffalo Bills,New England Patriots,2024-12-22T17:50:38+00:00,3.57,1,46.5,-14.0,30.25,16.25,10,10
2024,16,b0e2f4e7023b4f29ca1e1e64f93726f2,2024-12-22T21:25:00+00:00,Sun 2024-12-22 16:25,Miami Dolphins,San Francisco 49ers,2024-12-22T17:50:38+00:00,3.57,1,44.5,2.0,21.25,23.25,10,10
2024,16,d93e285150cc30bb71e930879219d26e,2024-12-22T21:26:00+00:00,Sun 2024-12-22 16:26,Las Vegas Raiders,Jacksonville Jaguars,2024-12-22T17:50:38+00:00,3.59,1,41.5,-2.5,22.0,19.5,10,10
2024,16,beea49da0ca78cc5636fa84188603fa0,2024-12-23T01:21:00+00:00,Sun 2024-12-22 20:21,Dallas Cowboys,Tampa Bay Buccaneers,2024-12-22T17:50:38+00:00,7.51,0,47.5,3.5,22.0,25.5,10,10
2024,16,14c12ef82be07b0dc984dd20d477bb8f,2024-12-24T01:15:00+00:00,Mon 2024-12-23 20:15,Green Bay Packers,New Orleans Saints,2024-12-22T17:50:38+00:00,31.41,0,42.0,-14.0,28.0,14.0,10,10
2024,16,ce94e5673c8b7a0834f1948f1c5f52c7,2024-12-25T18:00:00+00:00,Wed 2024-12-25 13:00,Pittsburgh Steelers,Kansas City Chiefs,2024-12-22T17:50:38+00:00,72.16,0,43.0,2.5,20.25,22.75,9,9
2024,16,adf41cffa9d818a982d19273df911106,2024-12-25T21:30:00+00:00,Wed 2024-12-25 16:30,Houston Texans,Baltimore Ravens,2024-12-22T17:50:38+00:00,75.66,0,47.5,3.5,22.0,25.5,9,9
2024,17,1cc92f3601760bad475efd70d52ca482,2024-12-27T01:15:00+00:00,Thu 2024-12-26 20:15,Chicago Bears,Seattle Seahawks,2024-12-22T17:50:38+00:00,103.41,0,41.5,2.0,19.75,21.75,4,4
2024,17,1bccaf2a9388f9d02f8f0c23cbc6b121,2024-12-28T18:01:00+00:00,Sat 2024-12-28 13:01,New England Patriots,Los Angeles Chargers,2024-12-22T17:50:38+00:00,144.17,0,41.5,5.5,18.0,23.5,3,3
2024,17,aa15f18a1c3124af14045b32185ff166,2024-12-28T21:31:00+00:00,Sat 2024-12-28 16:31,Cincinnati Bengals,Denver Broncos,2024-12-22T17:50:38+00:00,147.67,0,47.5,-3.0,25.25,22.25,3,3
2024,17,8297b863d5f355bd3127adf93cf196a7,2024-12-29T01:00:00+00:00,Sat 2024-12-28 20:00,Los Angeles Rams,Arizona Cardinals,2024-12-22T17:50:38+00:00,151.16,0,49.25,-3.0,26.12,23.12,4,4
2024,17,eb5a71180b3558fdc20a896e98c00385,2024-12-29T18:01:00+00:00,Sun 2024-12-29 13:01,Buffalo Bills,New York Jets,2024-12-29T17:50:37+00:00,0.17,1,44.5,-10.0,27.25,17.25,10,10
2024,17,0ce683697325d7715a78889240d82cc7,2024-12-29T18:01:00+00:00,Sun 2024-12-29 13:01,New York Giants,Indianapolis Colts,2024-12-29T17:50:37+00:00,0.17,1,40.5,7.5,16.5,24.0,10,10
2024,17,68e8e424d470fb6d60f1b2f0a3f3d1e3,2024-12-29T18:01:00+00:00,Sun 2024-12-29 13:01,Jacksonville Jaguars,Tennessee Titans,2024-12-29T17:50:37+00:00,0.17,1,38.5,0.0,19.25,19.25,10,10
2024,17,cb4060acc9d027ca0069619ef9983415,2024-12-29T18:03:00+00:00,Sun 2024-12-29 13:03,Tampa Bay Buccaneers,Carolina Panthers,2024-12-29T17:50:37+00:00,0.21,1,47.5,-10.0,28.75,18.75,10,10
2024,17,398f58cef1cbb3c99805b52375104238,2024-12-29T18:03:00+00:00,Sun 2024-12-29 13:03,New Orleans Saints,Las Vegas Raiders,2024-12-29T17:50:37+00:00,0.21,1,37.5,1.5,18.0,19.5,10,10
2024,17,d91d050a1528e77a870d681bbe42f514,2024-12-29T18:03:00+00:00,Sun 2024-12-29 13:03,Philadelphia Eagles,Dallas Cowboys,2024-12-29T17:50:37+00:00,0.21,1,37.5,-7.5,22.5,15.0,10,10
2024,17,7c63b1e23a0c65ee07312131e1b7be7e,2024-12-29T21:05:00+00:00,Sun 2024-12-29 16:05,Cleveland Browns,Miami Dolphins,2024-12-29T17:50:37+00:00,3.24,1,32.75,3.25,14.75,18.0,10,10
2024,17,c6aa971def88c7d2127d05ace3a8e643,2024-12-29T21:25:00+00:00,Sun 2024-12-29 16:25,Minnesota Vikings,Green Bay Packers,2024-12-29T17:50:37+00:00,3.57,1,49.0,-0.75,24.88,24.12,10,10
2024,17,5f99b5d40cf65d48be81c3812cd1e95e,2024-12-30T01:21:00+00:00,Sun 2024-12-29 20:21,Washington Commanders,Atlanta Falcons,2024-12-29T17:50:37+00:00,7.51,0,46.0,-3.5,24.75,21.25,10,10
2024,17,987f7eb725e6a3937511b6c60dee5f18,2024-12-31T01:16:00+00:00,Mon 2024-12-30 20:16,San Francisco 49ers,Detroit Lions,2024-12-29T17:50:37+00:00,31.42,0,50.5,3.5,23.5,27.0,10,10
2024,18,a578e4a27a55666b1043c20dbb3d74cd,2025-01-05T18:00:00+00:00,Sun 2025-01-05 13:00,New England Patriots,Buffalo Bills,2025-01-05T17:50:38+00:00,0.16,1,36.5,3.25,16.62,19.88,10,10
2024,18,68aa07e4336438b1f2f5a4dfb82fe9cc,2025-01-05T18:00:00+00:00,Sun 2025-01-05 13:00,Pittsburgh Steelers,Cincinnati Bengals,2024-09-08T16:50:38+00:00,2857.16,1,43.5,1.0,21.25,22.25,1,1
2024,18,b1d966863dd3f4c8fc78180f63a20a2f,2025-01-05T18:00:00+00:00,Sun 2025-01-05 13:00,Tennessee Titans,Houston Texans,2025-01-05T17:50:38+00:00,0.16,1,36.5,-2.5,19.5,17.0,10,10
2024,18,ec3a43f544c27aba390eea6b4f1bb55a,2025-01-05T18:00:00+00:00,Sun 2025-01-05 13:00,Indianapolis Colts,Jacksonville Jaguars,2025-01-05T17:50:38+00:00,0.16,1,46.0,-3.5,24.75,21.25,10,10
2024,18,d2e5d211cba187e5865c9783f3db5288,2025-01-05T18:00:00+00:00,Sun 2025-01-05 13:00,Green Bay Packers,Chicago Bears,2025-01-05T17:50:38+00:00,0.16,1,41.5,-10.0,25.75,15.75,10,10
2024,18,4da44c8ba4e595d3fe313cbeb1fe797b,2025-01-05T18:03:00+00:00,Sun 2025-01-05 13:03,Atlanta Falcons,Carolina Panthers,2025-01-05T17:50:38+00:00,0.21,1,48.5,-8.0,28.25,20.25,10,10
2024,18,e1ba96b7e56eba655eafcf8249b1d3df,2025-01-05T18:03:00+00:00,Sun 2025-01-05 13:03,Dallas Cowboys,Washington Commanders,2025-01-05T17:50:38+00:00,0.21,1,43.5,7.0,18.25,25.25,10,10
2024,18,983cd3ee325119e16969d4797a6d94f2,2025-01-05T18:03:00+00:00,Sun 2025-01-05 13:03,Tampa Bay Buccaneers,New Orleans Saints,2025-01-05T17:50:38+00:00,0.21,1,44.5,-14.75,29.62,14.88,10,10
2024,18,60b1da9a88c680190bfbf3ac935bff82,2025-01-05T18:03:00+00:00,Sun 2025-01-05 13:03,Philadelphia Eagles,New York Giants,2025-01-05T17:50:38+00:00,0.21,1,36.0,-3.0,19.5,16.5,10,10
2024,18,704a4d59f3dd729fbf089bbe0b6ae27d,2025-01-05T21:25:00+00:00,Sun 2025-01-05 16:25,New York Jets,Miami Dolphins,2025-01-05T17:50:38+00:00,3.57,1,39.5,-1.0,20.25,19.25,10,10
2024,18,ebda13c375e6e6bb69822f91bce86756,2025-01-05T21:25:00+00:00,Sun 2025-01-05 16:25,Arizona Cardinals,San Francisco 49ers,2025-01-05T17:50:38+00:00,3.57,1,42.5,-4.5,23.5,19.0,10,10
2024,18,d0a37e977bf675c070587b2e13a37e17,2025-01-05T21:25:00+00:00,Sun 2025-01-05 16:25,Denver Broncos,Kansas City Chiefs,2025-01-05T17:50:38+00:00,3.57,1,40.0,-11.0,25.5,14.5,10,10
2024,18,6b14461632df941a9ea60ff83ddca897,2025-01-05T21:25:00+00:00,Sun 2025-01-05 16:25,Las Vegas Raiders,Los Angeles Chargers,2025-01-05T17:50:38+00:00,3.57,1,42.0,7.0,17.5,24.5,10,10
2024,18,2cf5abcfe39f3ac0d82ffb5a90b49e93,2025-01-05T21:25:00+00:00,Sun 2025-01-05 16:25,Los Angeles Rams,Seattle Seahawks,2025-01-05T17:50:38+00:00,3.57,1,38.5,7.0,15.75,22.75,10,10
2024,18,09d8388d4ccba7ddafec2e400b5c013f,2025-01-06T01:23:00+00:00,Sun 2025-01-05 20:23,Detroit Lions,Minnesota Vikings,2025-01-05T17:50:38+00:00,7.54,0,56.5,-3.0,29.75,26.75,10,10
2024,19,964db4396eeca2fa33e82d66f5e6acad,2025-01-12T18:00:00+00:00,Sun 2025-01-12 13:00,Baltimore Ravens,Los Angeles Chargers,2025-01-05T17:50:38+00:00,168.16,1,49.5,-6.5,28.0,21.5,1,1
2024,19,08e2147df0b21744fdef99cbcdf3edb7,2025-01-12T18:00:00+00:00,Sun 2025-01-12 13:00,Baltimore Ravens,Pittsburgh Steelers,2025-01-05T17:50:38+00:00,168.16,1,46.5,-8.5,27.5,19.0,1,1
2024,19,4290cfcaa959dc5b452481cfff521b45,2025-01-12T18:00:00+00:00,Sun 2025-01-12 13:00,Buffalo Bills,Denver Broncos,2025-01-05T17:50:38+00:00,168.16,1,47.5,-8.5,28.0,19.5,1,1
2024,19,edbc8c5b53a7705b9caa5e1908109e19,2025-01-12T18:00:00+00:00,Sun 2025-01-12 13:00,Philadelphia Eagles,Green Bay Packers,2025-01-05T17:50:38+00:00,168.16,1,47.5,-3.0,25.25,22.25,1,1
2024,19,03dd880f071a65053e37000d3d826e14,2025-01-12T18:00:00+00:00,Sun 2025-01-12 13:00,Houston Texans,Los Angeles Chargers,2025-01-05T17:50:38+00:00,168.16,1,44.5,2.5,21.0,23.5,1,1
2024,19,37782dbe2a28d8865336398aa5593de6,2025-01-12T18:00:00+00:00,Sun 2025-01-12 13:00,Houston Texans,Pittsburgh Steelers,2025-01-05T17:50:38+00:00,168.16,1,43.5,1.5,21.0,22.5,1,1
2024,19,eac47be392d58d012f8c38266021aab3,2025-01-12T18:00:00+00:00,Sun 2025-01-12 13:00,Los Angeles Rams,Minnesota Vikings,2025-01-05T17:50:38+00:00,168.16,1,47.5,2.5,22.5,25.0,1,1
2024,19,afde2a86c73e9809e147d457d4d40f62,2025-01-12T18:00:00+00:00,Sun 2025-01-12 13:00,Tampa Bay Buccaneers,Washington Commanders,2025-01-05T17:50:38+00:00,168.16,1,49.5,-2.5,26.0,23.5,1,1
2024,19,940b68c66c90d2dd10169ae8d6eeba77,2025-01-12T20:00:00+00:00,Sun 2025-01-12 15:00,Los Angeles Rams,Detroit Lions,2025-01-05T17:50:38+00:00,170.16,1,55.5,3.0,26.25,29.25,1,1
2025,1,394256a6c3d0f5ecd1208fffaae6a72f,2025-09-07T17:00:00+00:00,Sun 2025-09-07 13:00,Jacksonville Jaguars,Carolina Panthers,2025-09-07T16:50:38+00:00,0.16,1,45.5,-4.5,25.0,20.5,11,11
2025,1,5ed483bb614b18955f8b43f177746371,2025-09-07T17:00:00+00:00,Sun 2025-09-07 13:00,New York Jets,Pittsburgh Steelers,2025-09-07T16:50:38+00:00,0.16,1,38.0,3.0,17.5,20.5,11,11
2025,1,557d13ef8f4c1d21044f3a478cda6d0b,2025-09-07T17:03:00+00:00,Sun 2025-09-07 13:03,New Orleans Saints,Arizona Cardinals,2025-09-07T16:50:38+00:00,0.21,1,44.5,6.0,19.25,25.25,11,11
2025,1,1e09eb3fe1385796c1a32000de48ac64,2025-09-07T17:03:00+00:00,Sun 2025-09-07 13:03,Atlanta Falcons,Tampa Bay Buccaneers,2025-09-07T16:50:38+00:00,0.21,1,47.5,0.0,23.75,23.75,11,11
2025,1,e2d3b0596efcebc1c19dab92009f5e26,2025-09-07T17:03:00+00:00,Sun 2025-09-07 13:03,Cleveland Browns,Cincinnati Bengals,2025-09-07T16:50:38+00:00,0.21,1,47.5,4.5,21.5,26.0,11,11
2025,1,b02a72c768a6c6dee87aa74f78e84176,2025-09-07T17:03:00+00:00,Sun 2025-09-07 13:03,Indianapolis Colts,Miami Dolphins,2025-09-07T16:50:38+00:00,0.21,1,47.0,-1.0,24.0,23.0,11,11
2025,1,0b2455795dfcd692dd607503e4f20d04,2025-09-07T17:03:00+00:00,Sun 2025-09-07 13:03,New England Patriots,Las Vegas Raiders,2025-09-07T16:50:38+00:00,0.21,1,44.0,-2.5,23.25,20.75,11,11
2025,1,4cce00ca468c67eca17a9a061f778fb2,2025-09-07T17:03:00+00:00,Sun 2025-09-07 13:03,Washington Commanders,New York Giants,2025-09-07T16:50:38+00:00,0.21,1,45.5,-6.0,25.75,19.75,11,11
2025,1,68397f3aa9eb847a421a49f990a11928,2025-09-07T20:05:00+00:00,Sun 2025-09-07 16:05,Denver Broncos,Tennessee Titans,2025-09-07T16:50:38+00:00,3.24,1,42.5,-9.0,25.75,16.75,11,11
2025,1,9f1ad249959aacae89e5e74e43429a4a,2025-09-07T20:05:00+00:00,Sun 2025-09-07 16:05,Seattle Seahawks,San Francisco 49ers,2025-09-07T16:50:38+00:00,3.24,1,43.5,1.5,21.0,22.5,11,11
2025,1,8e0e2d9237098222f9ca7554b11b12bb,2025-09-07T20:25:00+00:00,Sun 2025-09-07 16:25,Green Bay Packers,Detroit Lions,2025-09-07T16:50:38+00:00,3.57,1,48.0,-1.5,24.75,23.25,11,11
2025,1,dc0e3db61983a138098f28226788d2d3,2025-09-07T20:25:00+00:00,Sun 2025-09-07 16:25,Los Angeles Rams,Houston Texans,2025-09-07T16:50:38+00:00,3.57,1,43.5,-3.0,23.25,20.25,11,11
2025,1,dee0a41ed5e8201a96d457899adbe918,2025-09-08T00:20:00+00:00,Sun 2025-09-07 20:20,Buffalo Bills,Baltimore Ravens,2025-09-07T16:50:38+00:00,7.49,0,50.5,1.0,24.75,25.75,11,11
2025,1,c6d7807cee33d5e81c671527b9c8b3f1,2025-09-09T00:15:00+00:00,Mon 2025-09-08 20:15,Chicago Bears,Minnesota Vikings,2025-09-07T16:50:38+00:00,31.41,0,43.5,1.5,21.0,22.5,11,11
2025,2,0c6e5d9821ce0d3e82f3e792879776a6,2025-09-12T00:15:00+00:00,Thu 2025-09-11 20:15,Green Bay Packers,Washington Commanders,2025-09-07T16:50:38+00:00,103.41,0,48.5,-3.0,25.75,22.75,6,6
2025,2,1ee9ea2c8256bc6be5dd92e60f6c17de,2025-09-14T17:00:00+00:00,Sun 2025-09-14 13:00,Detroit Lions,Chicago Bears,2025-09-14T16:50:38+00:00,0.16,1,46.0,-6.5,26.25,19.75,11,11
2025,2,ec75e45d75691f810f347e0c5ff25d6e,2025-09-14T17:00:00+00:00,Sun 2025-09-14 13:00,Cincinnati Bengals,Jacksonville Jaguars,2025-09-14T16:50:38+00:00,0.16,1,49.0,-3.5,26.25,22.75,11,11
2025,2,575c1b169aab675ec72372ccb0f4c55f,2025-09-14T17:00:00+00:00,Sun 2025-09-14 13:00,Miami Dolphins,New England Patriots,2025-09-14T16:50:38+00:00,0.16,1,43.0,-2.5,22.75,20.25,11,11
2025,2,553edb8bf2452482b37dde58e832a6fb,2025-09-14T17:01:00+00:00,Sun 2025-09-14 13:01,Baltimore Ravens,Cleveland Browns,2025-09-14T16:50:38+00:00,0.17,1,46.5,-12.5,29.5,17.0,11,11
2025,2,cd0fd9335b5182d3bfed35ab8d5ab6fb,2025-09-14T17:01:00+00:00,Sun 2025-09-14 13:01,New York Jets,Buffalo Bills,2025-09-14T16:50:38+00:00,0.17,1,47.5,5.5,21.0,26.5,11,11
2025,2,0e6f68b30237afc04d1517a193213a65,2025-09-14T17:01:00+00:00,Sun 2025-09-14 13:01,Tennessee Titans,Los Angeles Rams,2025-09-14T16:50:38+00:00,0.17,1,41.0,5.5,17.75,23.25,11,11
2025,2,866d7405986fb4d14897cdb6c0aa5926,2025-09-14T17:01:00+00:00,Sun 2025-09-14 13:01,New Orleans Saints,San Francisco 49ers,2025-09-14T16:50:38+00:00,0.17,1,40.5,3.0,18.75,21.75,11,11
2025,2,82f9fd7001598d5cf9c1bdd57c66cae4,2025-09-14T17:01:00+00:00,Sun 2025-09-14 13:01,Pittsburgh Steelers,Seattle Seahawks,2025-09-14T16:50:38+00:00,0.17,1,40.5,-3.5,22.0,18.5,11,11
2025,2,05a5b084f4e19535b2d3f91ef5c00169,2025-09-14T17:03:00+00:00,Sun 2025-09-14 13:03,Dallas Cowboys,New York Giants,2025-09-14T16:50:38+00:00,0.21,1,44.5,-5.0,24.75,19.75,11,11
2025,2,7e2ad5ef04493526707e0868f7b70c47,2025-09-14T20:05:00+00:00,Sun 2025-09-14 16:05,Arizona Cardinals,Carolina Panthers,2025-09-14T16:50:38+00:00,3.24,1,45.0,-7.0,26.0,19.0,11,11
2025,2,e217b38ef8bc6e98d3512cb42b90782e,2025-09-14T20:06:00+00:00,Sun 2025-09-14 16:06,Indianapolis Colts,Denver Broncos,2025-09-14T16:50:38+00:00,3.26,1,43.5,1.0,21.25,22.25,11,11
2025,2,bbec8d71145954cff67915c9b006bb6e,2025-09-14T20:25:00+00:00,Sun 2025-09-14 16:25,Kansas City Chiefs,Philadelphia Eagles,2025-09-14T16:50:38+00:00,3.57,1,47.0,1.0,23.0,24.0,11,11
2025,2,37d09ce5d357536d0e58dd4ba0ab4106,2025-09-15T00:20:00+00:00,Sun 2025-09-14 20:20,Minnesota Vikings,Atlanta Falcons,2025-09-14T16:50:38+00:00,7.49,0,44.5,-3.0,23.75,20.75,11,11
2025,2,7d9a04f411031528d9c1d2df7b9a0453,2025-09-15T23:01:00+00:00,Mon 2025-09-15 19:01,Houston Texans,Tampa Bay Buccaneers,2025-09-14T16:50:38+00:00,30.17,0,42.5,-2.5,22.5,20.0,11,11
2025,2,bebae12f59f19bd877df7ac3cab05263,2025-09-16T02:00:00+00:00,Mon 2025-09-15 22:00,Las Vegas Raiders,Los Angeles Chargers,2025-09-14T16:50:38+00:00,33.16,0,46.5,3.5,21.5,25.0,11,11
2025,3,aca5234c57e31b1931e51d2d0d6046f5,2025-09-18T23:16:00+00:00,Thu 2025-09-18 19:16,Buffalo Bills,Miami Dolphins,2025-09-14T16:50:38+00:00,102.42,0,48.5,-10.25,29.38,19.12,6,6
2025,3,5737e4dbf6879c5061bb23033a4d8a55,2025-09-21T17:00:00+00:00,Sun 2025-09-21 13:00,Carolina Panthers,Atlanta Falcons,2025-09-21T16:50:38+00:00,0.16,1,44.0,4.5,19.75,24.25,11,11
2025,3,eefb7f130c8fc2c129e296fe5c6ba3e3,2025-09-21T17:00:00+00:00,Sun 2025-09-21 13:00,Minnesota Vikings,Cincinnati Bengals,2025-09-21T16:50:38+00:00,0.16,1,42.5,-3.0,22.75,19.75,11,11
2025,3,97de7672b61dbddbce982711c121e76d,2025-09-21T17:00:00+00:00,Sun 2025-09-21 13:00,Jacksonville Jaguars,Houston Texans,2025-09-21T16:50:38+00:00,0.16,1,43.0,-1.5,22.25,20.75,11,11
2025,3,03a5eed2c8ef5d1c8a48866ea4b0d63a,2025-09-21T17:00:00+00:00,Sun 2025-09-21 13:00,Washington Commanders,Las Vegas Raiders,2025-09-21T16:50:38+00:00,0.16,1,44.0,-3.0,23.5,20.5,11,11
2025,3,c4c42918a645b1a4773f47d7eaa5cfcf,2025-09-21T17:00:00+00:00,Sun 2025-09-21 13:00,New England Patriots,Pittsburgh Steelers,2025-09-21T16:50:38+00:00,0.16,1,44.5,1.0,21.75,22.75,11,11
2025,3,bb506016737825f4d0b1f9862f95c246,2025-09-21T17:01:00+00:00,Sun 2025-09-21 13:01,Tennessee Titans,Indianapolis Colts,2025-09-21T16:50:38+00:00,0.17,1,42.5,6.0,18.25,24.25,11,11
2025,3,4c4ae4a2d54fc3f71c450187e9391ddc,2025-09-21T17:01:00+00:00,Sun 2025-09-21 13:01,Philadelphia Eagles,Los Angeles Rams,2025-09-21T16:50:38+00:00,0.17,1,45.5,-3.5,24.5,21.0,11,11
2025,3,581955d1b79fe87a3a61a4885cd7ea67,2025-09-21T17:03:00+00:00,Sun 2025-09-21 13:03,Cleveland Browns,Green Bay Packers,2025-09-21T16:50:38+00:00,0.21,1,41.0,7.5,16.75,24.25,11,11
2025,3,02522f48a7b7e7524881c1b1638cd94d,2025-09-21T17:03:00+00:00,Sun 2025-09-21 13:03,Tampa Bay Buccaneers,New York Jets,2025-09-21T16:50:38+00:00,0.21,1,43.0,-6.5,24.75,18.25,11,11
2025,3,311c411c2d53e36a902763dc7a2ef678,2025-09-21T20:05:00+00:00,Sun 2025-09-21 16:05,Seattle Seahawks,New Orleans Saints,2025-09-21T16:50:38+00:00,3.24,1,41.5,-7.0,24.25,17.25,11,11
2025,3,0ee3f5a0078c21cfdffd1b97002e7da5,2025-09-21T20:05:00+00:00,Sun 2025-09-21 16:05,Los Angeles Chargers,Denver Broncos,2025-09-21T16:50:38+00:00,3.24,1,45.5,-2.5,24.0,21.5,11,11
2025,3,186868cc79ce1f5d22075b67ebbc7b64,2025-09-21T20:25:00+00:00,Sun 2025-09-21 16:25,Chicago Bears,Dallas Cowboys,2025-09-21T16:50:38+00:00,3.57,1,50.0,1.0,24.5,25.5,11,11
2025,3,20b50dac292089c063b21e1410f172ef,2025-09-21T20:26:00+00:00,Sun 2025-09-21 16:26,San Francisco 49ers,Arizona Cardinals,2025-09-21T16:50:38+00:00,3.59,1,44.5,-1.5,23.0,21.5,11,11
2025,3,ee840f13db8bd150fcdd8f6670fa7041,2025-09-22T00:21:00+00:00,Sun 2025-09-21 20:21,New York Giants,Kansas City Chiefs,2025-09-21T16:50:38+00:00,7.51,0,44.5,6.0,19.25,25.25,11,11
2025,3,6e67ddae4bb01d1c2d3f461ee62d2666,2025-09-23T00:15:00+00:00,Mon 2025-09-22 20:15,Baltimore Ravens,Detroit Lions,2025-09-21T16:50:38+00:00,31.41,0,53.5,-4.5,29.0,24.5,11,11
2025,4,4a08b89f07a4a395620f6df5c1d239f4,2025-09-26T00:16:00+00:00,Thu 2025-09-25 20:16,Arizona Cardinals,Seattle Seahawks,2025-09-21T16:50:38+00:00,103.42,0,44.0,-2.5,23.25,20.75,5,5
2025,4,4dd631102a977fd398f7ea594ed208f2,2025-09-28T13:31:00+00:00,Sun 2025-09-28 09:31,Pittsburgh Steelers,Minnesota Vikings,2025-09-21T16:50:38+00:00,164.67,0,41.0,-2.5,21.75,19.25,5,5
2025,4,b7934d72587b62de0f563ac9acbaa770,2025-09-28T17:01:00+00:00,Sun 2025-09-28 13:01,Atlanta Falcons,Washington Commanders,2025-09-28T16:50:38+00:00,0.17,1,43.5,-2.5,23.0,20.5,11,11
2025,4,d16a43752aaac66e9ff8768d8590b662,2025-09-28T17:01:00+00:00,Sun 2025-09-28 13:01,Buffalo Bills,New Orleans Saints,2025-09-28T16:50:38+00:00,0.17,1,48.5,-14.5,31.5,17.0,11,11
2025,4,f8fe40924827231233dc10f6999d8ff7,2025-09-28T17:01:00+00:00,Sun 2025-09-28 13:01,New England Patriots,Carolina Panthers,2025-09-28T16:50:38+00:00,0.17,1,42.5,-5.5,24.0,18.5,11,11
2025,4,85c9b76cd6bd575b611cb4e8feb7a0b0,2025-09-28T17:01:00+00:00,Sun 2025-09-28 13:01,Houston Texans,Tennessee Titans,2025-09-28T16:50:38+00:00,0.17,1,39.5,-7.5,23.5,16.0,11,11
2025,4,894976986c24d52cf1d45f0e6bb0e90c,2025-09-28T17:01:00+00:00,Sun 2025-09-28 13:01,Tampa Bay Buccaneers,Philadelphia Eagles,2025-09-28T16:50:38+00:00,0.17,1,44.0,3.5,20.25,23.75,11,11
2025,4,bcb1f89cf378a586097c50585e53acce,2025-09-28T17:03:00+00:00,Sun 2025-09-28 13:03,Detroit Lions,Cleveland Browns,2025-09-28T16:50:38+00:00,0.21,1,44.5,-10.0,27.25,17.25,11,11
2025,4,d921b1e86b0a30ad91000ffc360d302d,2025-09-28T17:03:00+00:00,Sun 2025-09-28 13:03,New York Giants,Los Angeles Chargers,2025-09-28T16:50:38+00:00,0.21,1,42.5,6.0,18.25,24.25,11,11
2025,4,d90e0de2d5fa2d57e8812f31775ad0ba,2025-09-28T20:06:00+00:00,Sun 2025-09-28 16:06,Los Angeles Rams,Indianapolis Colts,2025-09-28T16:50:38+00:00,3.26,1,49.5,-3.5,26.5,23.0,11,11
2025,4,09f55b4a19a83eb951a9400a11123477,2025-09-28T20:06:00+00:00,Sun 2025-09-28 16:06,San Francisco 49ers,Jacksonville Jaguars,2025-09-28T16:50:38+00:00,3.26,1,45.5,-3.0,24.25,21.25,11,11
2025,4,051233db287b02fd3e7574955879ece2,2025-09-28T20:25:00+00:00,Sun 2025-09-28 16:25,Kansas City Chiefs,Baltimore Ravens,2025-09-28T16:50:38+00:00,3.57,1,48.5,2.5,23.0,25.5,11,11
2025,4,af6fbb0a2e996613bc393115276c60e2,2025-09-28T20:26:00+00:00,Sun 2025-09-28 16:26,Las Vegas Raiders,Chicago Bears,2025-09-28T16:50:38+00:00,3.59,1,48.0,-1.5,24.75,23.25,11,11
2025,4,de432abcc3bd8d42a582ae9f71388dcd,2025-09-29T00:21:00+00:00,Sun 2025-09-28 20:21,Dallas Cowboys,Green Bay Packers,2025-09-28T16:50:38+00:00,7.51,0,46.5,6.5,20.0,26.5,11,11
2025,4,bc76fb8d846588ed46297aaab4e83de9,2025-09-29T23:16:00+00:00,Mon 2025-09-29 19:16,Miami Dolphins,New York Jets,2025-09-28T16:50:38+00:00,30.42,0,44.5,-2.5,23.5,21.0,11,11
2025,4,8dcb2a6bf542ccb7e6bc58f83c8fc2ac,2025-09-30T00:16:00+00:00,Mon 2025-09-29 20:16,Denver Broncos,Cincinnati Bengals,2025-09-28T16:50:38+00:00,31.42,0,44.0,-7.5,25.75,18.25,11,11
2025,5,c4b72eabb3d557e73022ec730d8e3944,2025-10-02T23:16:00+00:00,Thu 2025-10-02 19:16,Los Angeles Rams,San Francisco 49ers,2025-09-28T16:50:38+00:00,102.42,0,46.5,-3.0,24.75,21.75,5,5
2025,5,6e206c7bc9379b07d27298a393305384,2025-10-05T13:30:00+00:00,Sun 2025-10-05 09:30,Cleveland Browns,Minnesota Vikings,2025-09-07T16:50:38+00:00,668.66,0,41.5,7.0,17.25,24.25,1,2
2025,5,6eb8eeff6a052455649ddd2a50e0a188,2025-10-05T17:01:00+00:00,Sun 2025-10-05 13:01,Baltimore Ravens,Houston Texans,2025-10-05T16:50:38+00:00,0.17,1,41.5,2.5,19.5,22.0,11,11
2025,5,ff8222149317a63ffe50fcda777d14c0,2025-10-05T17:01:00+00:00,Sun 2025-10-05 13:01,Carolina Panthers,Miami Dolphins,2025-10-05T16:50:38+00:00,0.17,1,44.0,1.0,21.5,22.5,11,11
2025,5,1e3d3526039030b96471845ade5992cf,2025-10-05T17:01:00+00:00,Sun 2025-10-05 13:01,Indianapolis Colts,Las Vegas Raiders,2025-10-05T16:50:38+00:00,0.17,1,46.5,-7.0,26.75,19.75,11,11
2025,5,1fe136913ef0e77717c0f0668163637f,2025-10-05T17:01:00+00:00,Sun 2025-10-05 13:01,New Orleans Saints,New York Giants,2025-10-05T16:50:38+00:00,0.17,1,42.0,-2.5,22.25,19.75,11,11
2025,5,df7e32f3c6cfaaa66de560906faabe32,2025-10-05T17:01:00+00:00,Sun 2025-10-05 13:01,New York Jets,Dallas Cowboys,2025-10-05T16:50:38+00:00,0.17,1,47.5,-1.5,24.5,23.0,11,11
2025,5,bc4f9a719baf61261befad75f4bdb539,2025-10-05T17:01:00+00:00,Sun 2025-10-05 13:01,Philadelphia Eagles,Denver Broncos,2025-10-05T16:50:38+00:00,0.17,1,44.0,-4.0,24.0,20.0,11,11
2025,5,8fa3fd86eaa7b432469d43b84904e1dc,2025-10-05T20:06:00+00:00,Sun 2025-10-05 16:06,Arizona Cardinals,Tennessee Titans,2025-10-05T16:50:38+00:00,3.26,1,41.0,-7.5,24.25,16.75,11,11
2025,5,6f5a22a3ca33478094cef1e9212ba0fc,2025-10-05T20:06:00+00:00,Sun 2025-10-05 16:06,Seattle Seahawks,Tampa Bay Buccaneers,2025-10-05T16:50:38+00:00,3.26,1,44.5,-3.5,24.0,20.5,11,11
2025,5,e9de9c4390a28a90f437760050b23531,2025-10-05T20:26:00+00:00,Sun 2025-10-05 16:26,Cincinnati Bengals,Detroit Lions,2025-10-05T16:50:38+00:00,3.59,1,49.5,10.0,19.75,29.75,11,11
2025,5,79c4e9f40e2647dc2a7b377cf61c48cd,2025-10-05T20:26:00+00:00,Sun 2025-10-05 16:26,Los Angeles Chargers,Washington Commanders,2025-10-05T16:50:38+00:00,3.59,1,47.5,-3.0,25.25,22.25,11,11
2025,5,ba826e757d625a676452b8d3d6971bb0,2025-10-06T00:21:00+00:00,Sun 2025-10-05 20:21,Buffalo Bills,New England Patriots,2025-10-05T16:50:38+00:00,7.51,0,49.0,-8.0,28.5,20.5,11,11
2025,5,1910db6879dddf37e4f86f0bcf1c9547,2025-10-07T00:16:00+00:00,Mon 2025-10-06 20:16,Jacksonville Jaguars,Kansas City Chiefs,2025-10-05T16:50:38+00:00,31.42,0,45.5,3.5,21.0,24.5,11,11
2025,6,e10fe83ee6178a598e7fa84ea0913366,2025-10-10T00:16:00+00:00,Thu 2025-10-09 20:16,New York Giants,Philadelphia Eagles,2025-10-05T16:50:38+00:00,103.42,0,42.5,7.5,17.5,25.0,5,5
2025,6,e34812ee7fbf13bd75e4298bccfbdd10,2025-10-12T12:31:00+00:00,Sun 2025-10-12 08:31,New York Jets,Denver Broncos,2025-10-05T16:50:38+00:00,163.67,0,42.5,6.5,18.0,24.5,5,5
2025,6,f2c642e1f95555424b9a9a4f03733b42,2025-10-12T17:00:00+00:00,Sun 2025-10-12 13:00,New Orleans Saints,New England Patriots,2025-10-12T16:50:39+00:00,0.16,1,46.0,3.5,21.25,24.75,11,11
2025,6,dfa87b0532de1389297103c2e3195347,2025-10-12T17:01:00+00:00,Sun 2025-10-12 13:01,Indianapolis Colts,Arizona Cardinals,2025-10-12T16:50:39+00:00,0.17,1,46.5,-9.0,27.75,18.75,11,11
2025,6,b235bc78609644cb28492cc1d6ad69fd,2025-10-12T17:01:00+00:00,Sun 2025-10-12 13:01,Baltimore Ravens,Los Angeles Rams,2025-10-12T16:50:39+00:00,0.17,1,43.5,7.0,18.25,25.25,11,11
2025,6,a11bbccb332241029ebaeb519b93b776,2025-10-12T17:01:00+00:00,Sun 2025-10-12 13:01,Pittsburgh Steelers,Cleveland Browns,2025-10-12T16:50:39+00:00,0.17,1,38.0,-6.5,22.25,15.75,11,11
2025,6,dd3a14fa1529e79bd338a7bfd71d5b3a,2025-10-12T17:01:00+00:00,Sun 2025-10-12 13:01,Carolina Panthers,Dallas Cowboys,2025-10-12T16:50:39+00:00,0.17,1,46.5,3.0,21.75,24.75,11,11
2025,6,a7211a87bbd5fb2ee473eb9c93ee2e68,2025-10-12T17:01:00+00:00,Sun 2025-10-12 13:01,Miami Dolphins,Los Angeles Chargers,2025-10-12T16:50:39+00:00,0.17,1,45.5,3.5,21.0,24.5,11,11
2025,6,e5dd1fed586cfc0ec2d7c06f2a02c37a,2025-10-12T17:03:00+00:00,Sun 2025-10-12 13:03,Jacksonville Jaguars,Seattle Seahawks,2025-10-12T16:50:39+00:00,0.21,1,47.5,1.0,23.25,24.25,11,11
2025,6,4963bff460a5f26cab46a8e5ea6db148,2025-10-12T20:06:00+00:00,Sun 2025-10-12 16:06,Las Vegas Raiders,Tennessee Titans,2025-10-12T16:50:39+00:00,3.26,1,41.5,-3.5,22.5,19.0,11,11
2025,6,9e705d669039f2ca8364f408b7792a8a,2025-10-12T20:26:00+00:00,Sun 2025-10-12 16:26,Tampa Bay Buccaneers,San Francisco 49ers,2025-10-12T16:50:39+00:00,3.59,1,46.5,-3.5,25.0,21.5,11,11
2025,6,0c85b0939650e29689bb2651b33522eb,2025-10-12T20:26:00+00:00,Sun 2025-10-12 16:26,Green Bay Packers,Cincinnati Bengals,2025-10-12T16:50:39+00:00,3.59,1,44.5,-14.0,29.25,15.25,11,11
2025,6,82e432d5d8bc0b5a6cbe0c324de90de3,2025-10-13T00:20:00+00:00,Sun 2025-10-12 20:20,Kansas City Chiefs,Detroit Lions,2025-10-12T16:50:39+00:00,7.49,0,52.5,-2.5,27.5,25.0,11,11
2025,6,33e0adf378d2856ffe5f8452e7d5512d,2025-10-13T23:15:00+00:00,Mon 2025-10-13 19:15,Atlanta Falcons,Buffalo Bills,2025-10-12T16:50:39+00:00,30.41,0,50.0,4.0,23.0,27.0,11,11
2025,6,38366aa83a3eb6cef71a1134c4fceb2c,2025-10-14T00:16:00+00:00,Mon 2025-10-13 20:16,Washington Commanders,Chicago Bears,2025-10-12T16:50:39+00:00,31.42,0,49.5,-5.0,27.25,22.25,11,11
2025,7,6076f9eab496770efc0ab7095b27c122,2025-10-17T00:16:00+00:00,Thu 2025-10-16 20:16,Cincinnati Bengals,Pittsburgh Steelers,2025-10-12T16:50:39+00:00,103.42,0,43.0,4.5,19.25,23.75,5,5
2025,7,79de65f1b97c9145ebdcb019eb486500,2025-10-19T12:31:00+00:00,Sun 2025-10-19 08:31,Jacksonville Jaguars,Los Angeles Rams,2025-10-12T16:50:39+00:00,163.67,0,47.5,3.5,22.0,25.5,5,5
2025,7,f0336c9a3749716250afba387d157377,2025-10-19T17:00:00+00:00,Sun 2025-10-19 13:00,Cleveland Browns,Miami Dolphins,2025-10-19T16:50:38+00:00,0.16,1,34.5,-2.5,18.5,16.0,11,11
2025,7,6a8d2daf7f75100d02656bc0217737e8,2025-10-19T17:03:00+00:00,Sun 2025-10-19 13:03,Minnesota Vikings,Philadelphia Eagles,2025-10-19T16:50:38+00:00,0.21,1,43.5,2.5,20.5,23.0,11,11
2025,7,ba4e8bfa1f4eeaa74c7b09f409361c0d,2025-10-19T17:03:00+00:00,Sun 2025-10-19 13:03,New York Jets,Carolina Panthers,2025-10-19T16:50:38+00:00,0.21,1,40.0,-1.0,20.5,19.5,11,11
2025,7,8f06a4b503cc7309cb0df4a8b67f9930,2025-10-19T17:03:00+00:00,Sun 2025-10-19 13:03,Chicago Bears,New Orleans Saints,2025-10-19T16:50:38+00:00,0.21,1,43.5,-3.5,23.5,20.0,11,11
2025,7,3127c0dd6ed51a44354af51791bc3e5a,2025-10-19T17:03:00+00:00,Sun 2025-10-19 13:03,Kansas City Chiefs,Las Vegas Raiders,2025-10-19T16:50:38+00:00,0.21,1,44.5,-13.0,28.75,15.75,11,11
2025,7,f7fa9341eeffb08f7e6e769398cd32e2,2025-10-19T17:03:00+00:00,Sun 2025-10-19 13:03,Tennessee Titans,New England Patriots,2025-10-19T16:50:38+00:00,0.21,1,41.0,6.5,17.25,23.75,10,11
2025,7,3be866344dfa050e602a6e69170b3cbe,2025-10-19T20:05:00+00:00,Sun 2025-10-19 16:05,Denver Broncos,New York Giants,2025-10-19T16:50:38+00:00,3.24,1,40.5,-8.0,24.25,16.25,11,11
2025,7,a0ad5501e9d1d2ee9f61d9f293374f17,2025-10-19T20:05:00+00:00,Sun 2025-10-19 16:05,Los Angeles Chargers,Indianapolis Colts,2025-10-19T16:50:38+00:00,3.24,1,48.5,-2.0,25.25,23.25,11,11
2025,7,ff0c1ce30d562926ce40fc9bbaa2b7b1,2025-10-19T20:25:00+00:00,Sun 2025-10-19 16:25,Dallas Cowboys,Washington Commanders,2025-10-19T16:50:38+00:00,3.57,1,54.5,-1.5,28.0,26.5,11,11
2025,7,1036171316ac51350b388c99e000cfc1,2025-10-19T20:25:00+00:00,Sun 2025-10-19 16:25,Arizona Cardinals,Green Bay Packers,2025-10-19T16:50:38+00:00,3.57,1,44.5,7.0,18.75,25.75,11,11
2025,7,7b2ded52498efcf97a08ef10ee99b0f3,2025-10-20T00:20:00+00:00,Sun 2025-10-19 20:20,San Francisco 49ers,Atlanta Falcons,2025-10-19T16:50:38+00:00,7.49,0,46.5,-1.0,23.75,22.75,11,11
2025,7,b808059d3ccc754ace4a3d23b58e47e8,2025-10-20T23:00:00+00:00,Mon 2025-10-20 19:00,Detroit Lions,Tampa Bay Buccaneers,2025-10-19T16:50:38+00:00,30.16,0,52.5,-6.0,29.25,23.25,11,11
2025,7,7ca953ab786f70b22cabbe4946d330fa,2025-10-21T02:00:00+00:00,Mon 2025-10-20 22:00,Seattle Seahawks,Houston Texans,2025-10-19T16:50:38+00:00,33.16,0,41.0,-3.0,22.0,19.0,11,11
2025,8,6439b16f4a038f1c351dc3f1aef27471,2025-10-24T00:15:00+00:00,Thu 2025-10-23 20:15,Los Angeles Chargers,Minnesota Vikings,2025-10-19T16:50:38+00:00,103.41,0,42.5,-3.0,22.75,19.75,4,4
2025,8,ac02b1b59aa0623845378a02bc530c68,2025-10-26T17:00:00+00:00,Sun 2025-10-26 13:00,Atlanta Falcons,Miami Dolphins,2025-10-26T16:50:38+00:00,0.16,1,44.0,-7.0,25.5,18.5,11,11
2025,8,53d4369464c66630f03a5d128cd39b08,2025-10-26T17:00:00+00:00,Sun 2025-10-26 13:00,Carolina Panthers,Buffalo Bills,2025-10-26T16:50:38+00:00,0.16,1,48.0,7.0,20.5,27.5,11,11
2025,8,9c1f73e48ca9750f6e7d5d64874057c2,2025-10-26T17:00:00+00:00,Sun 2025-10-26 13:00,Cincinnati Bengals,New York Jets,2025-10-26T16:50:38+00:00,0.16,1,43.5,-5.5,24.5,19.0,11,11
2025,8,3536a3e857050d2dd6e2019ceb668f67,2025-10-26T17:00:00+00:00,Sun 2025-10-26 13:00,New England Patriots,Cleveland Browns,2025-10-26T16:50:38+00:00,0.16,1,40.5,-7.0,23.75,16.75,11,11
2025,8,a061e80d1f50eab193b34d19f8e59f62,2025-10-26T17:03:00+00:00,Sun 2025-10-26 13:03,Baltimore Ravens,Chicago Bears,2025-10-26T16:50:38+00:00,0.21,1,45.0,-2.5,23.75,21.25,11,11
2025,8,abc4104a9ac597ce37d703613256fd6c,2025-10-26T17:03:00+00:00,Sun 2025-10-26 13:03,Houston Texans,San Francisco 49ers,2025-10-26T16:50:38+00:00,0.21,1,41.0,-3.0,22.0,19.0,11,11
2025,8,a8ebe01e05675c109b53a97f653f8653,2025-10-26T17:03:00+00:00,Sun 2025-10-26 13:03,Philadelphia Eagles,New York Giants,2025-10-26T16:50:38+00:00,0.21,1,43.5,-7.0,25.25,18.25,11,11
2025,8,a8dd9bb0681692540d067bd0e9e66989,2025-10-26T20:05:00+00:00,Sun 2025-10-26 16:05,New Orleans Saints,Tampa Bay Buccaneers,2025-10-26T16:50:38+00:00,3.24,1,46.0,3.5,21.25,24.75,11,11
2025,8,40c2ebd9ddd5ce8ff5b1ada730bb1785,2025-10-26T20:25:00+00:00,Sun 2025-10-26 16:25,Denver Broncos,Dallas Cowboys,2025-10-26T16:50:38+00:00,3.57,1,51.5,-3.5,27.5,24.0,11,11
2025,8,88187a33b007c088d75c6cd14c83086c,2025-10-26T20:25:00+00:00,Sun 2025-10-26 16:25,Indianapolis Colts,Tennessee Titans,2025-10-26T16:50:38+00:00,3.57,1,47.5,-15.0,31.25,16.25,11,11
2025,8,fb900eef07307ebf5c1930341ecd852a,2025-10-27T00:20:00+00:00,Sun 2025-10-26 20:20,Pittsburgh Steelers,Green Bay Packers,2025-10-26T16:50:38+00:00,7.49,0,45.5,3.0,21.25,24.25,11,11
2025,8,7e3361e84d5223a8d210a887b249f247,2025-10-28T00:15:00+00:00,Mon 2025-10-27 20:15,Kansas City Chiefs,Washington Commanders,2025-10-26T16:50:38+00:00,31.41,0,48.0,-11.5,29.75,18.25,11,11
2025,9,6dd3b8a705ed0db85d59fa19b9062cc8,2025-11-02T18:00:00+00:00,Sun 2025-11-02 13:00,New England Patriots,Atlanta Falcons,2025-11-02T17:50:39+00:00,0.16,1,45.5,-5.5,25.5,20.0,11,11
2025,9,6031b513e188fc19a2311499566c9258,2025-11-02T18:00:00+00:00,Sun 2025-11-02 13:00,Green Bay Packers,Carolina Panthers,2025-11-02T17:50:39+00:00,0.16,1,43.5,-13.0,28.25,15.25,11,11
2025,9,016f76d8237e8d4eb62b9c2ef68381bb,2025-11-02T18:03:00+00:00,Sun 2025-11-02 13:03,Cincinnati Bengals,Chicago Bears,2025-11-02T17:50:39+00:00,0.21,1,51.5,3.0,24.25,27.25,11,11
2025,9,72e2ce6652bbb3901f60b38bec05bf5f,2025-11-02T18:03:00+00:00,Sun 2025-11-02 13:03,Houston Texans,Denver Broncos,2025-11-02T17:50:39+00:00,0.21,1,41.0,-2.0,21.5,19.5,11,11
2025,9,cf95657d78ab3e515203df1d19c3b0c2,2025-11-02T18:03:00+00:00,Sun 2025-11-02 13:03,Detroit Lions,Minnesota Vikings,2025-11-02T17:50:39+00:00,0.21,1,47.5,-9.5,28.5,19.0,11,11
2025,9,2340a6e0794d5688996dcf8aaf634742,2025-11-02T18:03:00+00:00,Sun 2025-11-02 13:03,Pittsburgh Steelers,Indianapolis Colts,2025-11-02T17:50:39+00:00,0.21,1,52.0,3.0,24.5,27.5,11,11
2025,9,b60025aea576e2e89ef7bc7303f847ec,2025-11-02T18:03:00+00:00,Sun 2025-11-02 13:03,Tennessee Titans,Los Angeles Chargers,2025-11-02T17:50:39+00:00,0.21,1,44.0,10.0,17.0,27.0,11,11
2025,9,a788e7cebff4b5fe10034710090e4529,2025-11-02T18:03:00+00:00,Sun 2025-11-02 13:03,New York Giants,San Francisco 49ers,2025-11-02T17:50:39+00:00,0.21,1,47.5,2.5,22.5,25.0,11,11
2025,9,d0bf341e7959d69b55f1a8ff09065234,2025-11-02T21:05:00+00:00,Sun 2025-11-02 16:05,Las Vegas Raiders,Jacksonville Jaguars,2025-11-02T17:50:39+00:00,3.24,1,44.0,2.0,21.0,23.0,11,11
2025,9,b08df670a95f1809707b335dc75081c6,2025-11-02T21:05:00+00:00,Sun 2025-11-02 16:05,Los Angeles Rams,New Orleans Saints,2025-11-02T17:50:39+00:00,3.24,1,44.0,-14.0,29.0,15.0,11,11
2025,9,61531628516decd1ee8116da5f6f9056,2025-11-02T21:25:00+00:00,Sun 2025-11-02 16:25,Buffalo Bills,Kansas City Chiefs,2025-11-02T17:50:39+00:00,3.57,1,53.0,2.0,25.5,27.5,11,11
2025,9,c2fd8a23091a954fb21ff6d3537db826,2025-11-03T01:20:00+00:00,Sun 2025-11-02 20:20,Washington Commanders,Seattle Seahawks,2025-11-02T17:50:39+00:00,7.49,0,48.5,3.0,22.75,25.75,11,11
2025,9,f3dfb574e0a542375a480534525ee6cf,2025-11-04T01:15:00+00:00,Mon 2025-11-03 20:15,Dallas Cowboys,Arizona Cardinals,2025-11-02T17:50:39+00:00,31.41,0,53.5,-3.0,28.25,25.25,11,11
2025,10,13bdffda97e8fb13179fe3f2f69d66f8,2025-11-07T01:15:00+00:00,Thu 2025-11-06 20:15,Denver Broncos,Las Vegas Raiders,2025-11-02T17:50:39+00:00,103.41,0,42.5,-9.5,26.0,16.5,5,5
2025,10,42473c1ddf8f424069ff3f264dd8dca4,2025-11-09T14:30:00+00:00,Sun 2025-11-09 09:30,Indianapolis Colts,Atlanta Falcons,2025-11-02T17:50:39+00:00,164.66,0,48.5,-6.5,27.5,21.0,6,6
2025,10,3c10bc18680995136017c3bfd3152334,2025-11-09T18:00:00+00:00,Sun 2025-11-09 13:00,Miami Dolphins,Buffalo Bills,2025-11-09T17:50:37+00:00,0.16,1,50.0,8.0,21.0,29.0,11,11
2025,10,844b89333f293f055f8e0c147fb9fec5,2025-11-09T18:00:00+00:00,Sun 2025-11-09 13:00,New York Jets,Cleveland Browns,2025-11-09T17:50:37+00:00,0.16,1,37.5,2.0,17.75,19.75,11,11
2025,10,9900b89c4776c5b47dd26ca4c755edf9,2025-11-09T18:03:00+00:00,Sun 2025-11-09 13:03,Minnesota Vikings,Baltimore Ravens,2025-11-09T17:50:37+00:00,0.21,1,49.0,4.5,22.25,26.75,11,11
2025,10,21f47a328fb2ab65c01360a7a2bd9571,2025-11-09T18:03:00+00:00,Sun 2025-11-09 13:03,Carolina Panthers,New Orleans Saints,2025-11-09T17:50:37+00:00,0.21,1,38.0,-5.5,21.75,16.25,11,11
2025,10,3b1a97366685a96e6e1940ae56cc4d31,2025-11-09T18:03:00+00:00,Sun 2025-11-09 13:03,Chicago Bears,New York Giants,2025-11-09T17:50:37+00:00,0.21,1,45.0,-4.5,24.75,20.25,11,11
2025,10,9dbf94f23521c7cae7fd89b2d33fc3bd,2025-11-09T18:03:00+00:00,Sun 2025-11-09 13:03,Houston Texans,Jacksonville Jaguars,2025-11-09T17:50:37+00:00,0.21,1,37.5,-1.0,19.25,18.25,11,11
2025,10,39e7c1f6e36d5bc4d2613ebf7bb83c10,2025-11-09T18:03:00+00:00,Sun 2025-11-09 13:03,Tampa Bay Buccaneers,New England Patriots,2025-11-09T17:50:37+00:00,0.21,1,48.0,-2.5,25.25,22.75,11,11
2025,10,740b843794cc89176c4ffe38b66d30d9,2025-11-09T21:05:00+00:00,Sun 2025-11-09 16:05,Seattle Seahawks,Arizona Cardinals,2025-11-09T17:50:37+00:00,3.24,1,45.0,-7.0,26.0,19.0,11,11
2025,10,93365f943b3aa23705bc9e1c7b47d7f8,2025-11-09T21:25:00+00:00,Sun 2025-11-09 16:25,Washington Commanders,Detroit Lions,2025-11-09T17:50:37+00:00,3.57,1,49.0,8.0,20.5,28.5,11,11
2025,10,2710103fe4fb0170ae03b4e34bde8132,2025-11-09T21:25:00+00:00,Sun 2025-11-09 16:25,San Francisco 49ers,Los Angeles Rams,2025-11-09T17:50:37+00:00,3.57,1,49.5,6.0,21.75,27.75,11,11
2025,10,349d53a4f89591312ea528e81b786474,2025-11-10T01:20:00+00:00,Sun 2025-11-09 20:20,Los Angeles Chargers,Pittsburgh Steelers,2025-11-09T17:50:37+00:00,7.49,0,44.5,-3.0,23.75,20.75,11,11
2025,10,438868ff90501a1fe9a0fbecbee9dc12,2025-11-11T01:15:00+00:00,Mon 2025-11-10 20:15,Green Bay Packers,Philadelphia Eagles,2025-11-09T17:50:37+00:00,31.41,0,45.5,-1.0,23.25,22.25,11,11
2025,11,32ec2bd4ac9e4c40f9f5cbed7e67f837,2025-11-14T01:15:00+00:00,Thu 2025-11-13 20:15,New England Patriots,New York Jets,2025-11-09T17:50:37+00:00,103.41,0,45.75,-10.5,28.12,17.62,4,4
2025,11,265f0188945bb81ec64751571eb724cb,2025-11-16T14:30:00+00:00,Sun 2025-11-16 09:30,Miami Dolphins,Washington Commanders,2025-11-09T17:50:37+00:00,164.66,0,45.75,1.5,22.12,23.62,4,4
2025,11,96377d2fb55e3cef733cecccdecaed5f,2025-11-16T18:03:00+00:00,Sun 2025-11-16 13:03,Buffalo Bills,Tampa Bay Buccaneers,2025-11-16T17:50:37+00:00,0.21,1,45.5,-6.5,26.0,19.5,11,11
2025,11,229a5e9ce60dcb344a8cc3c97121154e,2025-11-16T18:03:00+00:00,Sun 2025-11-16 13:03,Minnesota Vikings,Chicago Bears,2025-11-16T17:50:37+00:00,0.21,1,48.0,-2.5,25.25,22.75,11,11
2025,11,7147476b5d96c0ee874b838de3910ee3,2025-11-16T18:03:00+00:00,Sun 2025-11-16 13:03,Pittsburgh Steelers,Cincinnati Bengals,2025-11-16T17:50:37+00:00,0.21,1,48.0,-5.5,26.75,21.25,11,11
2025,11,5c06e82838fcfade9adf1e89b8bd3081,2025-11-16T18:03:00+00:00,Sun 2025-11-16 13:03,New York Giants,Green Bay Packers,2025-11-16T17:50:37+00:00,0.21,1,41.5,7.5,17.0,24.5,11,11
2025,11,fd2f29289d6437a7c07d4780c5f04936,2025-11-16T18:03:00+00:00,Sun 2025-11-16 13:03,Tennessee Titans,Houston Texans,2025-11-16T17:50:37+00:00,0.21,1,37.0,5.5,15.75,21.25,11,11
2025,11,591fd7cff37201a14cbdfbd457592445,2025-11-16T18:03:00+00:00,Sun 2025-11-16 13:03,Jacksonville Jaguars,Los Angeles Chargers,2025-11-16T17:50:37+00:00,0.21,1,43.0,2.5,20.25,22.75,11,11
2025,11,0ae85bbc3711ad0cb94475a40e2364f0,2025-11-16T18:03:00+00:00,Sun 2025-11-16 13:03,Atlanta Falcons,Carolina Panthers,2025-11-16T17:50:37+00:00,0.21,1,42.0,-4.0,23.0,19.0,11,11
2025,11,91630b9c62640117918fa30d2a62d2db,2025-11-16T21:05:00+00:00,Sun 2025-11-16 16:05,Arizona Cardinals,San Francisco 49ers,2025-11-16T17:50:37+00:00,3.24,1,48.5,3.5,22.5,26.0,11,11
2025,11,e926e654cedeb65fcfcc389a5158ef4e,2025-11-16T21:05:00+00:00,Sun 2025-11-16 16:05,Los Angeles Rams,Seattle Seahawks,2025-11-16T17:50:37+00:00,3.24,1,48.5,-3.5,26.0,22.5,11,11
2025,11,cc60225b5a907bd9ba7c27c23131fc5c,2025-11-16T21:25:00+00:00,Sun 2025-11-16 16:25,Cleveland Browns,Baltimore Ravens,2025-11-16T17:50:37+00:00,3.57,1,38.0,7.5,15.25,22.75,11,11
2025,11,96ce7785b0980b03282c7e10d4c58d4a,2025-11-16T21:25:00+00:00,Sun 2025-11-16 16:25,Denver Broncos,Kansas City Chiefs,2025-11-16T17:50:37+00:00,3.57,1,45.0,4.5,20.25,24.75,11,11
2025,11,6d209e0e637f3b116ec958e0634f2a02,2025-11-17T01:20:00+00:00,Sun 2025-11-16 20:20,Philadelphia Eagles,Detroit Lions,2025-11-16T17:50:37+00:00,7.49,0,46.5,-2.5,24.5,22.0,11,11
2025,11,80d04ba917883a6438580ebae9fb0f22,2025-11-18T01:15:00+00:00,Mon 2025-11-17 20:15,Las Vegas Raiders,Dallas Cowboys,2025-11-16T17:50:37+00:00,31.41,0,49.5,3.5,23.0,26.5,11,11
2025,12,cd2e0964817c30ad3f5144ea49b55f2b,2025-11-21T01:15:00+00:00,Thu 2025-11-20 20:15,Houston Texans,Buffalo Bills,2025-11-16T17:50:37+00:00,103.41,0,44.25,3.5,20.38,23.88,4,4
2025,12,1a8f3d70399a5cad83c95196795ed77b,2025-11-23T18:00:00+00:00,Sun 2025-11-23 13:00,Cincinnati Bengals,New England Patriots,2025-11-23T17:50:37+00:00,0.16,1,51.0,7.5,21.75,29.25,11,11
2025,12,8b39d8dc550ced94f9faa91878ebf6b6,2025-11-23T18:00:00+00:00,Sun 2025-11-23 13:00,Kansas City Chiefs,Indianapolis Colts,2025-11-23T17:50:37+00:00,0.16,1,49.5,-4.5,27.0,22.5,11,11
2025,12,7159d60c7a31c7d593167637723d7663,2025-11-23T18:03:00+00:00,Sun 2025-11-23 13:03,Baltimore Ravens,New York Jets,2025-11-23T17:50:37+00:00,0.21,1,44.5,-14.0,29.25,15.25,11,11
2025,12,c8913b70b63ae247f23a4e1dec08c668,2025-11-23T18:03:00+00:00,Sun 2025-11-23 13:03,Chicago Bears,Pittsburgh Steelers,2025-11-23T17:50:37+00:00,0.21,1,46.5,-2.5,24.5,22.0,11,11
2025,12,535bbe97d4e56494b039ade88459c338,2025-11-23T18:03:00+00:00,Sun 2025-11-23 13:03,Detroit Lions,New York Giants,2025-11-23T17:50:37+00:00,0.21,1,50.5,-14.0,32.25,18.25,11,11
2025,12,91019a528f43cd28965fdc68a3f3ef85,2025-11-23T18:03:00+00:00,Sun 2025-11-23 13:03,Green Bay Packers,Minnesota Vikings,2025-11-23T17:50:37+00:00,0.21,1,41.5,-6.5,24.0,17.5,11,11
2025,12,0ff4e68cf39cc57ca7cf1276e4a44d2f,2025-11-23T18:03:00+00:00,Sun 2025-11-23 13:03,Tennessee Titans,Seattle Seahawks,2025-11-23T17:50:37+00:00,0.21,1,41.5,12.5,14.5,27.0,11,11
2025,12,e32e0030899c06fdf2c74745ca27d85a,2025-11-23T21:05:00+00:00,Sun 2025-11-23 16:05,Arizona Cardinals,Jacksonville Jaguars,2025-11-23T17:50:37+00:00,3.24,1,47.0,2.5,22.25,24.75,11,11
2025,12,27f50ddbc4c3fbad10398c5187a28dc7,2025-11-23T21:05:00+00:00,Sun 2025-11-23 16:05,Las Vegas Raiders,Cleveland Browns,2025-11-23T17:50:37+00:00,3.24,1,36.0,-3.5,19.75,16.25,11,11
2025,12,8c2d6a56aa63f42227f18a18fc3d2146,2025-11-23T21:25:00+00:00,Sun 2025-11-23 16:25,New Orleans Saints,Atlanta Falcons,2025-11-23T17:50:37+00:00,3.57,1,41.0,-1.5,21.25,19.75,11,11
2025,12,4553ba763cb3cfcfc33fd62672a2057f,2025-11-23T21:25:00+00:00,Sun 2025-11-23 16:25,Dallas Cowboys,Philadelphia Eagles,2025-11-23T17:50:37+00:00,3.57,1,47.5,3.0,22.25,25.25,11,11
2025,12,9e7119f5a24471c39145663b84f100b2,2025-11-24T01:20:00+00:00,Sun 2025-11-23 20:20,Los Angeles Rams,Tampa Bay Buccaneers,2025-11-23T17:50:37+00:00,7.49,0,49.5,-7.0,28.25,21.25,11,11
2025,12,90391be251d876bb41d36978a43c7ac2,2025-11-25T01:15:00+00:00,Mon 2025-11-24 20:15,San Francisco 49ers,Carolina Panthers,2025-11-23T17:50:37+00:00,31.41,0,49.5,-7.5,28.5,21.0,11,11
2025,13,fe2eb07797580740af78037ab498198e,2025-11-27T18:00:00+00:00,Thu 2025-11-27 13:00,Detroit Lions,Green Bay Packers,2025-11-23T17:50:37+00:00,96.16,0,48.5,-3.0,25.75,22.75,6,6
2025,13,de53b8a594fe830c5fd56484705cd756,2025-11-27T21:30:00+00:00,Thu 2025-11-27 16:30,Dallas Cowboys,Kansas City Chiefs,2025-11-23T17:50:37+00:00,99.66,0,51.5,4.0,23.75,27.75,6,6
2025,13,883a79a306b312fad75ebf04b441b4da,2025-11-28T01:20:00+00:00,Thu 2025-11-27 20:20,Baltimore Ravens,Cincinnati Bengals,2025-11-23T17:50:37+00:00,103.49,0,52.5,-7.5,30.0,22.5,6,6
2025,13,52f539d9d080618aa8830a0b03846a80,2025-11-28T20:00:00+00:00,Fri 2025-11-28 15:00,Philadelphia Eagles,Chicago Bears,2025-11-23T17:50:37+00:00,122.16,0,44.5,-7.0,25.75,18.75,5,5
2025,13,36fcf5ca155a5dcd2f7a87fd2a985b02,2025-11-30T18:00:00+00:00,Sun 2025-11-30 13:00,Cleveland Browns,San Francisco 49ers,2025-11-30T17:50:37+00:00,0.16,1,35.0,5.0,15.0,20.0,11,11
2025,13,e3c9bfba57bbe784481d881ea3b4519d,2025-11-30T18:00:00+00:00,Sun 2025-11-30 13:00,Miami Dolphins,New Orleans Saints,2025-11-30T17:50:37+00:00,0.16,1,41.5,-5.5,23.5,18.0,11,11
2025,13,c0d324e29ce58b36bdc77564f7aae56f,2025-11-30T18:03:00+00:00,Sun 2025-11-30 13:03,Tampa Bay Buccaneers,Arizona Cardinals,2025-11-30T17:50:37+00:00,0.21,1,44.5,-4.5,24.5,20.0,11,11
2025,13,9da608f5bdae527b280abd61e47a110b,2025-11-30T18:03:00+00:00,Sun 2025-11-30 13:03,New York Jets,Atlanta Falcons,2025-11-30T17:50:37+00:00,0.21,1,38.5,3.0,17.75,20.75,11,11
2025,13,67e51d17848485bed8737bd7043a275a,2025-11-30T18:03:00+00:00,Sun 2025-11-30 13:03,Carolina Panthers,Los Angeles Rams,2025-11-30T17:50:37+00:00,0.21,1,45.0,10.0,17.5,27.5,11,11
2025,13,fa46c661007f5f0cbbf6abf939ac9d51,2025-11-30T18:03:00+00:00,Sun 2025-11-30 13:03,Indianapolis Colts,Houston Texans,2025-11-30T17:50:37+00:00,0.21,1,44.5,-3.0,23.75,20.75,11,11
2025,13,61e1e459b2ddafd43e8808d4f40c01d9,2025-11-30T18:03:00+00:00,Sun 2025-11-30 13:03,Tennessee Titans,Jacksonville Jaguars,2025-11-30T17:50:37+00:00,0.21,1,42.5,6.0,18.25,24.25,11,11
2025,13,6f956074c4df48e7b07a3286a6c6ed2a,2025-11-30T21:05:00+00:00,Sun 2025-11-30 16:05,Seattle Seahawks,Minnesota Vikings,2025-11-30T17:50:37+00:00,3.24,1,42.0,-12.0,27.0,15.0,11,11
2025,13,365a766a3862bc47a5455dc3b097421e,2025-11-30T21:25:00+00:00,Sun 2025-11-30 16:25,Pittsburgh Steelers,Buffalo Bills,2025-11-30T17:50:37+00:00,3.57,1,44.5,3.0,20.75,23.75,11,11
2025,13,76ac5a8d2c8679ae6ea8861114791bd8,2025-11-30T21:25:00+00:00,Sun 2025-11-30 16:25,Los Angeles Chargers,Las Vegas Raiders,2025-11-30T17:50:37+00:00,3.57,1,40.5,-10.0,25.25,15.25,11,11
2025,13,9c040de8f1dfc3ddee20e0d65c9402de,2025-12-01T01:20:00+00:00,Sun 2025-11-30 20:20,Washington Commanders,Denver Broncos,2025-11-30T17:50:37+00:00,7.49,0,43.0,6.0,18.5,24.5,11,11
2025,13,3e65786eddd4c7aee9e7f2504f6fdedc,2025-12-02T01:15:00+00:00,Mon 2025-12-01 20:15,New England Patriots,New York Giants,2025-11-30T17:50:37+00:00,31.41,0,46.5,-7.0,26.75,19.75,11,11
2025,14,81db991c5b34169eeeff8d734d8836d9,2025-12-05T01:15:00+00:00,Thu 2025-12-04 20:15,Detroit Lions,Dallas Cowboys,2025-11-30T17:50:37+00:00,103.41,0,54.0,-3.25,28.62,25.38,8,8
2025,14,c67c327076a98a3a1c4a5eb32e5a80c2,2025-12-07T18:00:00+00:00,Sun 2025-12-07 13:00,Buffalo Bills,Cincinnati Bengals,2025-12-07T17:50:37+00:00,0.16,1,54.5,-6.0,30.25,24.25,11,11
2025,14,f95be6b9bd8ce1208f766cbaae8a4822,2025-12-07T18:00:00+00:00,Sun 2025-12-07 13:00,Cleveland Browns,Tennessee Titans,2025-12-07T17:50:37+00:00,0.16,1,33.5,-3.5,18.5,15.0,11,11
2025,14,4e289ac7d9b5663fd5a06881f2b1424d,2025-12-07T18:00:00+00:00,Sun 2025-12-07 13:00,Jacksonville Jaguars,Indianapolis Colts,2025-12-07T17:50:37+00:00,0.16,1,45.0,2.5,21.25,23.75,11,11
2025,14,58b16c4033587f5662ff365bce2dbb92,2025-12-07T18:00:00+00:00,Sun 2025-12-07 13:00,Minnesota Vikings,Washington Commanders,2025-12-07T17:50:37+00:00,0.16,1,44.0,-1.0,22.5,21.5,11,11
2025,14,f0bdd27bbed46dfc3d0657500c95a96c,2025-12-07T18:03:00+00:00,Sun 2025-12-07 13:03,Atlanta Falcons,Seattle Seahawks,2025-12-07T17:50:37+00:00,0.21,1,44.5,6.5,19.0,25.5,11,11
2025,14,4fead7bd0592ec121cc3baf72e3e21e0,2025-12-07T18:03:00+00:00,Sun 2025-12-07 13:03,Baltimore Ravens,Pittsburgh Steelers,2025-12-07T17:50:37+00:00,0.21,1,43.5,-5.5,24.5,19.0,11,11
2025,14,c86a0783216d21040c87fce3aadd3336,2025-12-07T18:03:00+00:00,Sun 2025-12-07 13:03,New York Jets,Miami Dolphins,2025-12-07T17:50:37+00:00,0.21,1,41.5,2.5,19.5,22.0,11,11
2025,14,15555b4c7283dc6553e011dd6c8aea8d,2025-12-07T18:03:00+00:00,Sun 2025-12-07 13:03,Tampa Bay Buccaneers,New Orleans Saints,2025-12-07T17:50:37+00:00,0.21,1,41.5,-7.5,24.5,17.0,11,11
2025,14,d5fd126cbfea2ccd79962a17f0ef4463,2025-12-07T21:05:00+00:00,Sun 2025-12-07 16:05,Las Vegas Raiders,Denver Broncos,2025-12-07T17:50:37+00:00,3.24,1,40.5,8.0,16.25,24.25,11,11
2025,14,12bbffdcd65d53436b56c68a811ca610,2025-12-07T21:25:00+00:00,Sun 2025-12-07 16:25,Arizona Cardinals,Los Angeles Rams,2025-12-07T17:50:37+00:00,3.57,1,49.0,9.5,19.75,29.25,11,11
2025,14,5b1211b476d0afa2b57133c9603583b6,2025-12-07T21:25:00+00:00,Sun 2025-12-07 16:25,Green Bay Packers,Chicago Bears,2025-12-07T17:50:37+00:00,3.57,1,44.0,-6.5,25.25,18.75,11,11
2025,14,4727a6cfcd3d604dbfcb898c5a4d40a6,2025-12-08T01:20:00+00:00,Sun 2025-12-07 20:20,Kansas City Chiefs,Houston Texans,2025-12-07T17:50:37+00:00,7.49,0,41.5,-4.0,22.75,18.75,11,11
2025,14,5d7b12c34454df4ff2c59a15ca58e63f,2025-12-09T01:15:00+00:00,Mon 2025-12-08 20:15,Los Angeles Chargers,Philadelphia Eagles,2025-12-07T17:50:37+00:00,31.41,0,41.5,2.0,19.75,21.75,11,11
2025,15,08bfd9cd8115339250817cc66a8b3cba,2025-12-12T01:15:00+00:00,Thu 2025-12-11 20:15,Tampa Bay Buccaneers,Atlanta Falcons,2025-12-07T17:50:37+00:00,103.41,0,44.0,-5.5,24.75,19.25,5,5
2025,15,a360e4c43576d22057ff90d818928066,2025-12-14T18:03:00+00:00,Sun 2025-12-14 13:03,Houston Texans,Arizona Cardinals,2025-12-14T17:50:37+00:00,0.21,1,42.0,-10.0,26.0,16.0,11,11
2025,15,1aa1fb046f11dadb32dad77d5baf552e,2025-12-14T18:03:00+00:00,Sun 2025-12-14 13:03,Cincinnati Bengals,Baltimore Ravens,2025-12-14T17:50:37+00:00,0.21,1,51.5,3.0,24.25,27.25,11,11
2025,15,c127c7a2426ec655e18ca9c394068f6c,2025-12-14T18:03:00+00:00,Sun 2025-12-14 13:03,New England Patriots,Buffalo Bills,2025-12-14T17:50:37+00:00,0.21,1,49.5,2.5,23.5,26.0,11,11
2025,15,8261541e6b9b32537bd0821ef2c0a05d,2025-12-14T18:03:00+00:00,Sun 2025-12-14 13:03,Chicago Bears,Cleveland Browns,2025-12-14T17:50:37+00:00,0.21,1,38.0,-7.5,22.75,15.25,11,11
2025,15,0f0601c020a478f5d9f81f06a141c2c8,2025-12-14T18:03:00+00:00,Sun 2025-12-14 13:03,Jacksonville Jaguars,New York Jets,2025-12-14T17:50:37+00:00,0.21,1,40.5,-13.5,27.0,13.5,11,11
2025,15,cd5151f8a1e7fcba4901929e77b94acd,2025-12-14T18:03:00+00:00,Sun 2025-12-14 13:03,Kansas City Chiefs,Los Angeles Chargers,2025-12-14T17:50:37+00:00,0.21,1,41.5,-6.0,23.75,17.75,11,11
2025,15,813dab51d999b87c7968ac4890965f73,2025-12-14T18:03:00+00:00,Sun 2025-12-14 13:03,Philadelphia Eagles,Las Vegas Raiders,2025-12-14T17:50:37+00:00,0.21,1,37.0,-12.5,24.75,12.25,11,11
2025,15,3aba4bb1fe41ecd45f934116fcc90c3f,2025-12-14T18:03:00+00:00,Sun 2025-12-14 13:03,New York Giants,Washington Commanders,2025-12-14T17:50:37+00:00,0.21,1,45.5,-2.5,24.0,21.5,11,11
2025,15,f3fd2782d4d03bd12a177fbbad17005b,2025-12-14T21:25:00+00:00,Sun 2025-12-14 16:25,New Orleans Saints,Carolina Panthers,2025-12-14T17:50:37+00:00,3.57,1,41.5,2.5,19.5,22.0,11,11
2025,15,2ec8a387d0c337aeffac3f956c292e87,2025-12-14T21:25:00+00:00,Sun 2025-12-14 16:25,Denver Broncos,Green Bay Packers,2025-12-14T17:50:37+00:00,3.57,1,42.5,1.0,20.75,21.75,11,11
2025,15,bd299b70476643cff05f2be58e12301a,2025-12-14T21:25:00+00:00,Sun 2025-12-14 16:25,Los Angeles Rams,Detroit Lions,2025-12-14T17:50:37+00:00,3.57,1,54.5,-6.0,30.25,24.25,11,11
2025,15,f7343baf47dcf23e672799d00788173d,2025-12-14T21:25:00+00:00,Sun 2025-12-14 16:25,Seattle Seahawks,Indianapolis Colts,2025-12-14T17:50:37+00:00,3.57,1,41.5,-13.5,27.5,14.0,11,11
2025,15,7ba03312d1012d9872de9999e496558f,2025-12-14T21:25:00+00:00,Sun 2025-12-14 16:25,San Francisco 49ers,Tennessee Titans,2025-12-14T17:50:37+00:00,3.57,1,44.5,-12.5,28.5,16.0,11,11
2025,15,3c74ebd1d005a7346c182daf6f7279dd,2025-12-15T01:20:00+00:00,Sun 2025-12-14 20:20,Dallas Cowboys,Minnesota Vikings,2025-12-14T17:50:37+00:00,7.49,0,47.5,-5.5,26.5,21.0,11,11
2025,15,ba5d065a7e9ea9afe54642036f2ec83a,2025-12-16T01:15:00+00:00,Mon 2025-12-15 20:15,Pittsburgh Steelers,Miami Dolphins,2025-12-14T17:50:37+00:00,31.41,0,42.5,-3.0,22.75,19.75,11,11
2025,16,ac7881cc5a498c5b72680498d3fa8f6e,2025-12-19T01:15:00+00:00,Thu 2025-12-18 20:15,Seattle Seahawks,Los Angeles Rams,2025-12-14T17:50:37+00:00,103.41,0,46.5,-1.0,23.75,22.75,5,5
2025,16,18fe4528a0bc43d9cd64bd09c0d5019f,2025-12-20T22:00:00+00:00,Sat 2025-12-20 17:00,Washington Commanders,Philadelphia Eagles,2025-12-14T17:50:37+00:00,148.16,0,45.5,5.5,20.0,25.5,5,5
2025,16,9f70d98bc6918dc8e21f329405b649fe,2025-12-21T01:20:00+00:00,Sat 2025-12-20 20:20,Chicago Bears,Green Bay Packers,2025-12-14T17:50:37+00:00,151.49,0,46.5,3.5,21.5,25.0,5,5
2025,16,2557976e0e66ab698539b543de125469,2025-12-21T18:03:00+00:00,Sun 2025-12-21 13:03,Cleveland Browns,Buffalo Bills,2025-12-21T17:50:37+00:00,0.21,1,41.0,10.5,15.25,25.75,10,11
2025,16,d056f31082bdea4d018a26ba274b8430,2025-12-21T18:03:00+00:00,Sun 2025-12-21 13:03,Carolina Panthers,Tampa Bay Buccaneers,2025-12-21T17:50:37+00:00,0.21,1,44.5,3.0,20.75,23.75,10,11
2025,16,945286798abb5081432aef109df29778,2025-12-21T18:03:00+00:00,Sun 2025-12-21 13:03,Miami Dolphins,Cincinnati Bengals,2025-12-21T17:50:37+00:00,0.21,1,48.25,3.5,22.38,25.88,10,11
2025,16,aa9d0cf732b6adde4ad3ec04ca79825c,2025-12-21T18:03:00+00:00,Sun 2025-12-21 13:03,Dallas Cowboys,Los Angeles Chargers,2025-12-21T17:50:37+00:00,0.21,1,50.5,-1.0,25.75,24.75,10,11
2025,16,0cce34b9a49c4c6bdc1e65449e37a0f9,2025-12-21T18:03:00+00:00,Sun 2025-12-21 13:03,Tennessee Titans,Kansas City Chiefs,2025-12-21T17:50:37+00:00,0.21,1,37.5,3.0,17.25,20.25,10,11
2025,16,3db6ba91d2a72ada8843d5a0517bff27,2025-12-21T18:03:00+00:00,Sun 2025-12-21 13:03,New York Giants,Minnesota Vikings,2025-12-21T17:50:37+00:00,0.21,1,41.5,2.5,19.5,22.0,10,11
2025,16,aa5b25e85d1ad6540d7a5ae04b73ddfd,2025-12-21T18:03:00+00:00,Sun 2025-12-21 13:03,New Orleans Saints,New York Jets,2025-12-21T17:50:37+00:00,0.21,1,40.0,-6.5,23.25,16.75,10,11
2025,16,7d71a0d3cc2a04eb35f1a725104217b5,2025-12-21T21:05:00+00:00,Sun 2025-12-21 16:05,Arizona Cardinals,Atlanta Falcons,2025-12-21T17:50:37+00:00,3.24,1,48.5,3.0,22.75,25.75,10,11
2025,16,93c002f0a42d1b57f3bbabdcfe24ab97,2025-12-21T21:05:00+00:00,Sun 2025-12-21 16:05,Denver Broncos,Jacksonville Jaguars,2025-12-21T17:50:37+00:00,3.24,1,46.75,-3.5,25.12,21.62,10,11
2025,16,a03f89d3aaadf737deb09be24986d5bf,2025-12-21T21:25:00+00:00,Sun 2025-12-21 16:25,Detroit Lions,Pittsburgh Steelers,2025-12-21T17:50:37+00:00,3.57,1,52.0,-7.5,29.75,22.25,10,11
2025,16,47a54fb60f7b79179bc80e18a7c5de81,2025-12-21T21:25:00+00:00,Sun 2025-12-21 16:25,Houston Texans,Las Vegas Raiders,2025-12-21T17:50:37+00:00,3.57,1,39.0,-14.0,26.5,12.5,10,11
2025,16,a0476b027679a1670f21e8b75a860ab9,2025-12-22T01:20:00+00:00,Sun 2025-12-21 20:20,Baltimore Ravens,New England Patriots,2025-12-21T17:50:37+00:00,7.49,0,48.5,-3.5,26.0,22.5,10,11
2025,16,2dd4521ee298fa2c6f0ab009c182aae9,2025-12-23T01:15:00+00:00,Mon 2025-12-22 20:15,Indianapolis Colts,San Francisco 49ers,2025-12-21T17:50:37+00:00,31.41,0,46.0,5.5,20.25,25.75,10,11
2025,17,29da148b927afea00a7774b2a8ee68e7,2025-12-25T21:30:00+00:00,Thu 2025-12-25 16:30,Minnesota Vikings,Detroit Lions,2025-12-21T17:50:37+00:00,99.66,0,48.5,3.5,22.5,26.0,4,5
2025,17,29164a99a917051c6e1778270033d362,2025-12-26T01:15:00+00:00,Thu 2025-12-25 20:15,Kansas City Chiefs,Denver Broncos,2025-12-21T17:50:37+00:00,103.41,0,40.0,5.5,17.25,22.75,4,5
2025,17,832c36c4b6d5132e88cf11391797c194,2025-12-27T21:30:00+00:00,Sat 2025-12-27 16:30,Los Angeles Chargers,Houston Texans,2025-12-21T17:50:37+00:00,147.66,0,39.5,1.5,19.0,20.5,4,5
2025,17,e6721ef0adb705a8abcbedc2ef6dfb3a,2025-12-28T18:00:00+00:00,Sun 2025-12-28 13:00,Cleveland Browns,Pittsburgh Steelers,2025-12-28T17:50:37+00:00,0.16,1,34.5,4.0,15.25,19.25,10,11
2025,17,f960b282ac197513c9d80bd28baa7e38,2025-12-28T18:00:00+00:00,Sun 2025-12-28 13:00,Indianapolis Colts,Jacksonville Jaguars,2025-12-28T17:50:37+00:00,0.16,1,48.5,4.0,22.25,26.25,10,11
2025,17,95bdb9f5b22f0491bfba1381637c5009,2025-12-28T18:00:00+00:00,Sun 2025-12-28 13:00,New York Jets,New England Patriots,2025-12-28T17:50:37+00:00,0.16,1,42.0,13.0,14.5,27.5,10,11
2025,17,7aeff5d5bb88b218c7d72f267a90eb7f,2025-12-28T18:03:00+00:00,Sun 2025-12-28 13:03,Cincinnati Bengals,Arizona Cardinals,2025-12-28T17:50:37+00:00,0.21,1,52.5,-7.0,29.75,22.75,10,11
2025,17,8e7a26b4026e4eca7394cc523fa10a64,2025-12-28T18:03:00+00:00,Sun 2025-12-28 13:03,Carolina Panthers,Seattle Seahawks,2025-12-28T17:50:37+00:00,0.21,1,42.5,6.5,18.0,24.5,10,11
2025,17,d75c88e4fb7650ab0577264980bdf98f,2025-12-28T18:03:00+00:00,Sun 2025-12-28 13:03,Tennessee Titans,New Orleans Saints,2025-12-28T17:50:37+00:00,0.21,1,38.5,1.0,18.75,19.75,10,11
2025,17,374166780155b8c14e867face95885ee,2025-12-28T18:03:00+00:00,Sun 2025-12-28 13:03,Miami Dolphins,Tampa Bay Buccaneers,2025-12-28T17:50:37+00:00,0.21,1,44.0,5.5,19.25,24.75,10,11
2025,17,dd4aec72c5175cb8cea67d5edc7b1990,2025-12-28T21:05:00+00:00,Sun 2025-12-28 16:05,Las Vegas Raiders,New York Giants,2025-12-28T17:50:37+00:00,3.24,1,40.0,3.0,18.5,21.5,10,11
2025,17,596df6f5735277fee0cd78e61cd71060,2025-12-28T21:25:00+00:00,Sun 2025-12-28 16:25,Buffalo Bills,Philadelphia Eagles,2025-12-28T17:50:37+00:00,3.57,1,45.0,-3.0,24.0,21.0,10,11
2025,17,b0dedebd28a82f8f38398033356e9015,2025-12-29T01:20:00+00:00,Sun 2025-12-28 20:20,San Francisco 49ers,Chicago Bears,2025-12-28T17:50:37+00:00,7.49,0,51.5,-3.5,27.5,24.0,10,11
2025,17,ea5fe5f603483c8d46f83081cf780397,2025-12-30T01:15:00+00:00,Mon 2025-12-29 20:15,Atlanta Falcons,Los Angeles Rams,2025-12-28T17:50:37+00:00,31.41,0,49.5,7.5,21.0,28.5,10,11
2025,18,7906052ca20e6daddf755c7fe3932887,2026-01-04T18:00:00+00:00,Sun 2026-01-04 13:00,Atlanta Falcons,New Orleans Saints,2026-01-04T17:50:37+00:00,0.16,1,43.5,-4.5,24.0,19.5,10,11
2025,18,41fc7f3165cc9dfdb47c25a9decd7c9b,2026-01-04T18:00:00+00:00,Sun 2026-01-04 13:00,Minnesota Vikings,Green Bay Packers,2026-01-04T17:50:37+00:00,0.16,1,37.0,-12.5,24.75,12.25,10,11
2025,18,26b8cf55eeac1bb05b585132f7dcc0e3,2026-01-04T18:00:00+00:00,Sun 2026-01-04 13:00,Houston Texans,Indianapolis Colts,2026-01-04T17:50:37+00:00,0.16,1,37.5,-9.5,23.5,14.0,10,11
2025,18,dad5ec44b4df2b91138872aeb4454e1e,2026-01-04T18:03:00+00:00,Sun 2026-01-04 13:03,Cincinnati Bengals,Cleveland Browns,2026-01-04T17:50:37+00:00,0.21,1,47.0,-9.5,28.25,18.75,10,11
2025,18,d48a44e7b45f563282fd042c2104da9b,2026-01-04T18:03:00+00:00,Sun 2026-01-04 13:03,New York Giants,Dallas Cowboys,2026-01-04T17:50:37+00:00,0.21,1,50.0,3.0,23.5,26.5,10,11
2025,18,623e9172767ca231241e2313bbee095e,2026-01-04T18:03:00+00:00,Sun 2026-01-04 13:03,Jacksonville Jaguars,Tennessee Titans,2026-01-04T17:50:37+00:00,0.21,1,46.0,-12.5,29.25,16.75,10,11
2025,18,2f4cf01e2db22ed928eb8f0357a74007,2026-01-04T21:25:00+00:00,Sun 2026-01-04 16:25,Los Angeles Rams,Arizona Cardinals,2026-01-04T17:50:37+00:00,3.57,1,47.5,-14.0,30.75,16.75,10,11
2025,18,bd5134e8440a2b12cc8ac98ab4f18093,2026-01-04T21:25:00+00:00,Sun 2026-01-04 16:25,Buffalo Bills,New York Jets,2026-01-04T17:50:37+00:00,3.57,1,38.5,-12.0,25.25,13.25,10,11
2025,18,1a5451b8f0d74f90937c52bec447dc40,2026-01-04T21:25:00+00:00,Sun 2026-01-04 16:25,Chicago Bears,Detroit Lions,2026-01-04T17:50:37+00:00,3.57,1,51.5,-4.5,28.0,23.5,10,11
2025,18,30621f6a1072712bee795c15eafe9768,2026-01-04T21:25:00+00:00,Sun 2026-01-04 16:25,Denver Broncos,Los Angeles Chargers,2026-01-04T17:50:37+00:00,3.57,1,37.5,-14.0,25.75,11.75,10,11
2025,18,de4ae000f7f94eecf9d827eabff2991b,2026-01-04T21:25:00+00:00,Sun 2026-01-04 16:25,Las Vegas Raiders,Kansas City Chiefs,2026-01-04T17:50:37+00:00,3.57,1,36.25,4.5,15.88,20.38,10,11
2025,18,d242576b25f56b3f598044c9abfb4df0,2026-01-04T21:25:00+00:00,Sun 2026-01-04 16:25,New England Patriots,Miami Dolphins,2026-01-04T17:50:37+00:00,3.57,1,45.5,-13.5,29.5,16.0,10,11
2025,18,b6eb23d78a4e1b3bf9946be7cfac0e6b,2026-01-04T21:25:00+00:00,Sun 2026-01-04 16:25,Philadelphia Eagles,Washington Commanders,2026-01-04T17:50:37+00:00,3.57,1,38.5,-3.5,21.0,17.5,10,11
2025,18,f609b38fe2bf0687644ad8603e28220b,2026-01-05T01:20:00+00:00,Sun 2026-01-04 20:20,Pittsburgh Steelers,Baltimore Ravens,2026-01-04T17:50:37+00:00,7.49,0,41.5,3.5,19.0,22.5,10,11
